"id","iso_code","action","report_year","report_week","date_start","date_stop","shape","evidence","reference","added"
"ZAF-2023-AAR","ZAF","who_window","2023","35","2023-02-01","2023-07-31","cumulative","South Africa's first 2023 dashboard row (week 35: 1,390 cases, 47 deaths) is the year-to-date total of an outbreak the Department of Health (NDoH) dates from 1 February 2023 ('between 1st of February and 4 July 2023', media statement of 5 July; WHO's situation reports give 29/01/2023) and WHO AFRO's after-action review counts to 31 July (1,380 cases and 47 deaths by 31 July). Spread over the WHO weeks (Monday-Sunday) of 1 February to 31 July in proportion to dated curves (shape 'cumulative', anchors in surveillance_curation_shapes.csv, built by data-raw/make_surveillance_curation_shapes.R). Cases: WHO's epidemic curve by symptom onset (external situation report #5, Figure 5, as of 15 July), digitized: 1,271 cases, NDoH's 1,073 suspected and 198 confirmed of 4 July. WHO's other weekly rows are dated by report week and the model has one reporting delay for all locations, so the onset dates are moved 2 days later, the onset-to-notification lag at which the onset curve's cumulative shape best matches the notification-date curve of situation report #4 (Figure 2). The imported case of NDoH's statement of 25 July (symptoms 14 July after travel from Karachi, admitted 18 July, confirmed 24 July; the 199th confirmed case) is placed by the same rule on 16 July. The resulting 1,272 cases are scaled to the report's 1,390: WHO's count rose to 1,380 by 31 July while NDoH's stayed at 1,073 suspected and 199 confirmed, so the cases WHO added have no date and follow the curve. Weekly cases peak at 432 in 22-28 May. Deaths follow their own curve of report-dated national counts: the first death (Benoni) announced 23 February; 1 death as of 15 May (WHO situation report #3); the Gauteng Department of Health's Hammanskraal deaths plus the Benoni death, 11 as of 21 May, 16 on 22 May and 21 as of 24 May; the official national toll of 24 on 27 May; 25 on 28 May (the 23 Hammanskraal deaths, the Benoni death and the Free State death of 25 May at Parys hospital; the first Mpumalanga death came on 30 May); 31 as of 6 June (NDoH); 38 as of 15 June (WHO situation report #4); 43 at the 25 June report and 47 as of 4 July (NDoH, 5 July). WHO's 44 deaths as of 9 July (situation report #5) trails NDoH's 47 and is not used. The weeks from 17 July to the report carry 0.","NDoH media statements of 5 July 2023 (https://www.health.gov.za/wp-content/uploads/2023/07/Health-Department-provides-update-on-cholera-outbreak-in-SA-05-July-2023.pdf) and 25 July 2023 (https://www.health.gov.za/wp-content/uploads/2023/07/Health-Minister-announces-another-imported-cholera-case-25-July-2023.pdf) ; WHO AFRO, Cholera Outbreak Response and After-Action Review (South Africa, 2023): https://www.afro.who.int/countries/south-africa/news/cholera-outbreak-response-and-after-action-review ; WHO, Multi-country outbreak of cholera, External situation reports #3 (1 June 2023), #4 (6 July 2023, Figure 2) and #5 (4 August 2023, Figure 5): https://www.who.int/publications/m/item/multi-country-outbreak-of-cholera--external-situation-report--5---4-august-2023 ; deaths: SAnews 26 February 2023 (https://www.sanews.gov.za/south-africa/tracing-close-contacts-benoni-cholera-victim-underway), Inside Metros 22 May 2023 (https://insidemetros.co.za/2023/05/22/gauteng-health-mec-confirms-hammanskraal-cholera-outbreak-death-toll-at-10/), Daily Maverick 22 May 2023 (https://www.dailymaverick.co.za/article/2023-05-22-cholera-death-toll-in-hammanskraal-rises-to-15-as-probe-yet-to-find-source-of-contaminated-water/), SAnews 25 May 2023 (https://www.sanews.gov.za/south-africa/cholera-death-toll-rises-20), 29 May 2023 (https://www.sanews.gov.za/south-africa/cholera-death-toll-climbs-23-hammanskraal), News24 25 May 2023 (https://www.news24.com/southafrica/news/cholera-outbreak-woman-dies-in-free-state-as-gauteng-death-toll-rises-to-20-20230525), The Citizen 27 May 2023 (https://www.citizen.co.za/news/cholera-death-toll-hammanskraal-tshwane-eastern-cape/), OFM 9 June 2023 (https://www.ofm.co.za/article/centralsa/326313/cholera-claimed-second-life-in-free-state) and 8 June 2023 (https://www.sanews.gov.za/south-africa/cholera-death-toll-rises-31-sa-166-laboratory-confirmed-cases-recorded)","2026-10-01"
"NAM-2025-first-case","NAM","who_window","2025","12","2025-03-02","","","Namibia's first 2025 dashboard row (week 12: 22 cases) has no row before it and Namibia had no cholera from 2015 to 2024; the Ministry of Health and Social Services dates the first case to Sunday 2 March 2025 (a patient at Opuwo District Hospital, Kunene; stool sample collected 3 March, laboratory-confirmed 10 March). Spread from the WHO week of 2 March instead of from week 1: WHO weeks run Monday to Sunday, so that is week 9 (24 February - 2 March; WHO AFRO's weekly bulletin numbers 3-9 March 2025 as week 10).","The Namibian, 'Health ministry confirms first cholera case in Namibia in 10 years' (March 2025): https://www.namibian.com.na/health-ministry-confirms-first-cholera-case-in-namibia-in-10-years/ ; WHO AFRO, Weekly bulletin on outbreaks and other emergencies, week 10: 3 - 9 March 2025: https://www.afro.who.int/sites/default/files/2025-03/OEW10-0309032025.pdf","2026-10-01"
"CIV-2025-W33","CIV","who_window","2025","33","2025-07-21","","","The week-33 report (114 cases) after three reported zeros (weeks 30-32) is a catch-up: IFRC counted 491 cases by 3 August 2025 while the dashboard's cumulative to week 31 was 389. Spread over weeks 30-33 (agreed 2026-10-01); the rule cannot test it because Cote d'Ivoire's series ends at week 33.","IFRC, DREF operation Cote d'Ivoire cholera (MDRCI018), 'As of 3 August, 491 cholera cases and 20 deaths were reported': https://www.ifrc.org/appeal/cote-divore-cholera-mdrci018-0","2026-10-01"
"NGA-2023-W52","NGA","who_window","2023","52","2023-11-13","","","The week-52 report (242 cases, 20 deaths) follows six reported zeros (weeks 46-51) and weekly reporting resumes in 2024, so the reported-zero cap on the drop-ratio test leaves it unspread; the JHU cholera database has a weekly count for each of these weeks (UNICEF Country Programme Report, UID 5116: 58, 33, 5, 7, 5, 20 and 14 cases in weeks 46-52), so the dashboard zeros are missing reports. Spread over weeks 46-52.","JHU cholera database, records UID 5116 and 21475 for Nigeria 2023-11-13 to 2023-12-31, as ingested by ai-cholera-data-mining (commit 7e16c61, data/NGA/cholera_data_jhu.csv)","2026-10-01"
"SSD-2023-2024-absence","SSD","drop_imputed","","","2023-05-17","2024-09-27","","No cholera in South Sudan between the end of the 2023 Malakal outbreak (no case after 16 May 2023) and the first suspected case of the 2024 outbreak (Renk, 28 September 2024); the AI pipeline's own record documents the absence, yet its fourier rows spread an annual total over January-September 2024 (1,004 cases after the annual reconciliation that capped removal at the observed cases; 562 under the gap rule, the AFRO annual total exceeding the weekly rows by that much inside the weeks the dashboard listed).","WHO AFRO, 'South Sudan declares cholera outbreak in Renk, Upper Nile State' (first suspected case 28 September 2024): https://www.afro.who.int/countries/south-sudan/news/south-sudan-declares-cholera-outbreak-renk-upper-nile-state ; WHO AFRO South Sudan cholera situation report of 31 May 2023 (no case since 16 May), as recorded in ai-cholera-data-mining data/SSD/cholera_data_ai.csv records 15 and 21 (commit 7e16c61)","2026-10-01"
"AGO-2023-absence","AGO","drop_imputed","","","2023-01-01","2023-12-31","","Angola's 2023 imputed rows (6.4 cases) spread a UNICEF cumulative for 2017-12-15 to 2023-02-04 (610 cases, mostly the 2016-2018 outbreak) into 2023. Angola had no cholera between its 2016-2018 outbreaks and the first case of January 2025, and the AI pipeline's own records document zero transmission in 2023 (agreed 2026-10-01).","WHO, Disease Outbreak News DON562, Cholera - Angola (28 March 2025): https://www.who.int/emergencies/disease-outbreak-news/item/2025-DON562 ; ai-cholera-data-mining data/AGO/cholera_data_ai.csv records 25 and 60 (commit 7e16c61)","2026-10-01"
"BFA-2025-unconfirmed","BFA","flag_imputed","","","2025-01-01","2025-06-30","","Kept but flagged (agreed 2026-10-01): Burkina Faso's only 2025 data is an AI fourier spread (482 cases, January-June) of UNICEF's 'more than 550 infections and 24 deaths' in the Centre-Sahel region, while WHO AFRO's cholera bulletins and WHO's multi-country updates do not list Burkina Faso among the affected countries.","UNICEF Burkina Faso Humanitarian Situation Report No. 1, 1 January - 30 April 2025: https://www.unicef.org/appeals/burkina-faso/situation-reports","2026-10-01"
"CIV-2025-first-report","CIV","who_window","2025","23","2025-05-25","","","Cote d'Ivoire's first 2025 dashboard row (week 23: 45 cases) is the total since the outbreak began on 25 May 2025 (Africanews: 45 cases by 6 June; INHP week 22: 32). Spread over the weeks from onset so the AI weekly rows of weeks 21-22 are absorbed instead of added to it (together they counted the same cases twice).","WHO dashboard CIV 2025 week 23; AI repo CIV rows 317-318 (Africanews June 2025, INHP bulletin S22)","2026-10-07"
"CIV-2025-W53-restatement","CIV","drop_imputed","","","2025-12-29","2026-01-04","","The AI fourier week of 53 cases is no new transmission: the AI builder chained WHO epidemiological update 33 (503 cases to 28 December 2025) with the WER annual report (556 for 2025) as a cumulative series and placed the difference in the last days of the year, which INHP documented zeros cover from week 42.","AI repo CIV rows 12, 147 and 334; ai-cholera-data-mining py/build_weekly_timeseries.py _decumulate()","2026-10-07"
"BEN-2023-W52-restatement","BEN","drop_imputed","","","2023-12-25","2023-12-31","","The AI fourier week of 17 cases is the WHO annual total for 2023 (28 cases, via JHU) minus UNICEF's 11 cases to 24 December, chained by the AI builder as a cumulative series. The 17 cases belong to earlier, unrecorded weeks of 2023, so placing them all in the last week of the year would create a spurious December peak; they are left out (a 17-case undercount for the year).","AI repo BEN rows (UNICEF to 2023-12-24; JHU WHO-annual 2023); ai-cholera-data-mining py/build_weekly_timeseries.py _decumulate()","2026-10-07"
