"id","date","cumulative_cases","note"
"ZAF-2023-AAR","2023-01-28",0,"start: no onset before Sunday 29 January 2023"
"ZAF-2023-AAR","2023-02-04",2,"WHO 2023-W05 (29 Jan - 04 Feb): 2 onsets"
"ZAF-2023-AAR","2023-02-11",3,"WHO 2023-W06 (05 Feb - 11 Feb): 1 onset"
"ZAF-2023-AAR","2023-02-18",6,"WHO 2023-W07 (12 Feb - 18 Feb): 3 onsets"
"ZAF-2023-AAR","2023-02-25",7,"WHO 2023-W08 (19 Feb - 25 Feb): 1 onset"
"ZAF-2023-AAR","2023-03-04",7,"WHO 2023-W09 (26 Feb - 04 Mar): 0 onsets"
"ZAF-2023-AAR","2023-03-11",7,"WHO 2023-W10 (05 Mar - 11 Mar): 0 onsets"
"ZAF-2023-AAR","2023-03-18",7,"WHO 2023-W11 (12 Mar - 18 Mar): 0 onsets"
"ZAF-2023-AAR","2023-03-25",11,"WHO 2023-W12 (19 Mar - 25 Mar): 4 onsets"
"ZAF-2023-AAR","2023-04-01",12,"WHO 2023-W13 (26 Mar - 01 Apr): 1 onset"
"ZAF-2023-AAR","2023-04-08",14,"WHO 2023-W14 (02 Apr - 08 Apr): 2 onsets"
"ZAF-2023-AAR","2023-04-15",17,"WHO 2023-W15 (09 Apr - 15 Apr): 3 onsets"
"ZAF-2023-AAR","2023-04-22",17,"WHO 2023-W16 (16 Apr - 22 Apr): 0 onsets"
"ZAF-2023-AAR","2023-04-29",23,"WHO 2023-W17 (23 Apr - 29 Apr): 6 onsets"
"ZAF-2023-AAR","2023-05-06",68,"WHO 2023-W18 (30 Apr - 06 May): 45 onsets"
"ZAF-2023-AAR","2023-05-13",134,"WHO 2023-W19 (07 May - 13 May): 66 onsets"
"ZAF-2023-AAR","2023-05-20",383,"WHO 2023-W20 (14 May - 20 May): 249 onsets"
"ZAF-2023-AAR","2023-05-27",743,"WHO 2023-W21 (21 May - 27 May): 360 onsets"
"ZAF-2023-AAR","2023-06-03",957,"WHO 2023-W22 (28 May - 03 Jun): 214 onsets"
"ZAF-2023-AAR","2023-06-10",1116,"WHO 2023-W23 (04 Jun - 10 Jun): 159 onsets"
"ZAF-2023-AAR","2023-06-17",1237,"WHO 2023-W24 (11 Jun - 17 Jun): 121 onsets"
"ZAF-2023-AAR","2023-06-24",1264,"WHO 2023-W25 (18 Jun - 24 Jun): 27 onsets"
"ZAF-2023-AAR","2023-07-01",1269,"WHO 2023-W26 (25 Jun - 01 Jul): 5 onsets"
"ZAF-2023-AAR","2023-07-08",1271,"WHO 2023-W27 (02 Jul - 08 Jul): 2 onsets"
