"country","random_effect"
"Congo",4.40204240099724
"Sierra Leone",1.74126017424932
"Central African Republic",1.51316660250375
"Somalia",1.18640025811691
"Ethiopia",1.12855752595252
"Mauritania",1.07694350102052
"Kenya",1.03625581178719
"Eswatini",0.989192894820795
"Angola",0.959979313714833
"Mali",0.932883809547861
"Guinea",0.893893390421113
"Benin",0.891498962882967
"South Sudan",0.865022149767865
"Ethiopia",0.785776809182328
"Liberia",0.702299505005273
"Equatorial Guinea",0.685301286802964
"Zambia",0.663951738599847
"Ghana",0.647805131311703
"Namibia",0.641774559492189
"Eritrea",0.640741154442458
"Zimbabwe",0.640590199785808
"Rwanda",0.599292871634325
"Cote d'Ivoire",0.581110953190231
"Congo",0.580147333874449
"Eritrea",0.570990766077864
"Niger",0.490203945395134
"Gabon",0.452686763341245
"Mali",0.44628228126168
"Zimbabwe",0.424874790900681
"Burkina Faso",0.406786158889863
"Niger",0.406194761965206
"Democratic Republic of Congo",0.403957009891984
"Cameroon",0.380008944307899
"Namibia",0.367783968595864
"Mozambique",0.360556579142235
"Eswatini",0.354258255838997
"Botswana",0.345101119445191
"Guinea-Bissau",0.344799251938516
"Cameroon",0.342309235136737
"Nigeria",0.336761492816337
"Burkina Faso",0.314662788281428
"Gabon",0.291942194613398
"Somalia",0.279247461566838
"Angola",0.278583803894292
"Togo",0.264052087684492
"Namibia",0.260585650041221
"Eswatini",0.250697871333516
"Côte D’ivoire",0.248066183408343
"Ghana",0.221027393560775
"Central African Republic",0.209640971577571
"Gambia",0.197044719205901
"Congo",0.19690098228049
"Nigeria",0.18492110225687
"Cameroon",0.176041984805515
"Guinea",0.170606212907893
"Sierra Leone",0.168762866860513
"Guinea-Bissau",0.157773638823221
"Ethiopia",0.155818848778615
"Cote d'Ivoire",0.152089886364417
"Democratic Republic of Congo",0.144130430893755
"Rwanda",0.138798231184111
"Uganda",0.135405663830855
"Central African Republic",0.134538626135083
"Malawi",0.134179141440654
"Kenya",0.132758300841922
"South Sudan",0.130710663286292
"Democratic Republic of Congo",0.121902006750414
"Gambia",0.117422656543954
"Togo",0.110786060322511
"South Africa",0.110302184743338
"Equatorial Guinea",0.109305468283225
"Malawi",0.107523876405689
"Guinea-Bissau",0.0964684795250707
"Tanzania",0.0911632514651821
"Mozambique",0.0884319973849677
"Rwanda",0.0627770341384391
"Burundi",0.0498878892826742
"Senegal",0.0451842534014878
"Côte D’ivoire",0.0432783884227341
"Sierra Leone",0.0347084366389426
"Senegal",0.0314688506859705
"Togo",0.0134598093103615
"Central African Republic",0.0110299613325063
"Mali",0.00940194797959588
"Botswana",0.00736811845590301
"Kenya",0.00616576867002568
"Chad",0.00600958265381701
"Eritrea",0.00576122597870632
"Cameroon",0.00549217926276458
"Nigeria",0.00537243057818865
"Niger",0.00533154847713962
"Cote d'Ivoire",0.00366500474188281
"Gambia",0.00347537377702917
"Togo",0.00338418415246308
"Congo",0.00325748535653087
"Somalia",0.00323000256722769
"South Sudan",0.00310113779570122
"Zimbabwe",0.00309272108967004
"Angola",0.00305774574582659
"Zambia",0.00284605963936198
"Democratic Republic of Congo",0.00279976531675513
"Côte D’ivoire",0.00213140626281137
"Uganda",0.0017550415514348
"Tanzania",0.0014267646916132
"Sierra Leone",0.000623992359797518
"Kenya",-0.000475889292426755
"Guinea",-0.000750091826525758
"Eswatini",-0.000912607409496296
"Benin",-0.000952457959880646
"Malawi",-0.000983561295559422
"Mauritania",-0.0011756104603999
"Guinea",-0.00194077661944218
"Ghana",-0.00200364020908248
"Senegal",-0.00204354728423421
"Burkina Faso",-0.00218737377442463
"Mozambique",-0.00309833305490849
"Namibia",-0.0035825097088758
"Equatorial Guinea",-0.00400446456237675
"Rwanda",-0.00448247970270529
"Burundi",-0.00471156013690272
"Guinea-Bissau",-0.00717884343223198
"Gabon",-0.00753002654048595
"Ethiopia",-0.00766912025627539
"South Africa",-0.00825603379289649
"South Africa",-0.0152411084884257
"Ghana",-0.0194444847820453
"Mali",-0.0203067801529324
"Liberia",-0.0304248442741333
"Mali",-0.0439596980312971
"Liberia",-0.0443848382495348
"Chad",-0.0491279771505476
"Somalia",-0.0545462476114213
"South Sudan",-0.05755361111238
"Chad",-0.0686359555133573
"Chad",-0.076314168970285
"Benin",-0.07710300875192
"Ghana",-0.0803416078247035
"Zimbabwe",-0.0806730281808478
"Botswana",-0.0808287828228653
"Liberia",-0.0809951649281289
"Guinea-Bissau",-0.0894586597269846
"Niger",-0.0904312546211306
"Togo",-0.105852644964092
"Malawi",-0.122905496642026
"Burkina Faso",-0.124030114146693
"Burundi",-0.143486583368126
"Mauritania",-0.166626941733789
"Gambia",-0.193717401051093
"Burundi",-0.197342528958549
"Malawi",-0.197513224021456
"Botswana",-0.209916735242557
"Uganda",-0.235036073536938
"Nigeria",-0.24064211396029
"Central African Republic",-0.245421821927961
"Cote d'Ivoire",-0.24791365988629
"Senegal",-0.251259013218644
"Equatorial Guinea",-0.257345381453725
"Gambia",-0.273748887495616
"Uganda",-0.277777304843492
"Mauritania",-0.28172574329257
"Angola",-0.309760538356446
"Benin",-0.311145651846595
"Zambia",-0.336744371774011
"South Africa",-0.343588427471232
"Mauritania",-0.361231510741918
"Niger",-0.379554969486407
"Benin",-0.397103822511857
"Cameroon",-0.398273188505363
"South Sudan",-0.399633887658688
"Angola",-0.404419713167727
"Democratic Republic of Congo",-0.421469399237826
"Congo",-0.4230657872084
"Zambia",-0.423217024757813
"Guinea",-0.435328318616449
"Botswana",-0.442590672167491
"Zambia",-0.448228808347108
"South Africa",-0.458534660830485
"Namibia",-0.487954683590732
"Nigeria",-0.508907482219257
"Senegal",-0.5170657412378
"Eswatini",-0.533844287001745
"Uganda",-0.538044909705263
"Côte D’ivoire",-0.567469186436708
"Eritrea",-0.570294688174345
"Tanzania",-0.5794575273784
"Zimbabwe",-0.620135060522801
"Equatorial Guinea",-0.645189266699424
"Somalia",-0.65025874685749
"Tanzania",-0.68129311689133
"Mozambique",-0.698726030757257
"Burundi",-0.712312528660779
"Sierra Leone",-0.738983547221783
"Tanzania",-0.747581728179845
"Liberia",-0.769404380863496
"Eritrea",-0.811806073603782
"Rwanda",-0.836945605018465
"Kenya",-0.840421646693973
"Burkina Faso",-0.871623740574794
"Gabon",-0.892917006796442
"Côte D’ivoire",-1.04180155758813
"Ethiopia",-1.16970396830018
"Gabon",-1.3157283588381
"Mozambique",-1.5611488300686
"Chad",-2.18827802237394
"Cote d'Ivoire",-4.00614353351341
