"year","cfr_trend","cfr_trend_lower","cfr_trend_upper","is_forecast"
1970,0.110464870403439,0.0776136628530163,0.154885994150057,FALSE
1971,0.104890313729384,0.075481792101338,0.143972412583849,FALSE
1972,0.0995955531162291,0.0731067315748285,0.134291540204143,FALSE
1973,0.0946119505517837,0.0705385212430262,0.125789284420793,FALSE
1974,0.0899754798765819,0.0678925115210951,0.118329393695573,FALSE
1975,0.0857189581821844,0.0652982397814735,0.111762253560744,FALSE
1976,0.0818660036219716,0.0628510245790408,0.105983193038951,FALSE
1977,0.0784266190229671,0.0606013645927822,0.100931649966683,FALSE
1978,0.0753944318525013,0.0585721900063024,0.0965525993488149,FALSE
1979,0.0727456456563542,0.0567735952520843,0.0927691553971634,FALSE
1980,0.0704397140382861,0.0552004870024287,0.089487562869693,FALSE
1981,0.0684216752929607,0.0538237338602312,0.0866163935755497,FALSE
1982,0.066625990372562,0.0525915870465758,0.0840732172821461,FALSE
1983,0.0649815874301703,0.0514439343400007,0.0817746018206647,FALSE
1984,0.0634176213958236,0.050327246582457,0.0796273807560893,FALSE
1985,0.0618692454628311,0.0491989889649613,0.0775363923934187,FALSE
1986,0.0602825576394782,0.0480236719211034,0.0754228126003986,FALSE
1987,0.0586179380773619,0.0467712129989701,0.0732347956664456,FALSE
1988,0.0568512833033556,0.0454221404798445,0.0709425082483712,FALSE
1989,0.054973115089334,0.0439729004163991,0.0685278831551474,FALSE
1990,0.0529860394014211,0.0424330607741054,0.0659826680853269,FALSE
1991,0.0509013734575209,0.0408159195657129,0.0633144050358084,FALSE
1992,0.0487358293290867,0.0391318346337486,0.0605483708274872,FALSE
1993,0.0465089397777707,0.0373898154196472,0.0577187989781902,FALSE
1994,0.0442415390463298,0.0356031399349861,0.0548566544576496,FALSE
1995,0.0419552168016969,0.0337911079471254,0.0519856896648508,FALSE
1996,0.0396723772614843,0.0319751692134546,0.0491284548995689,FALSE
1997,0.0374164278070822,0.0301749544471716,0.0463127431913456,FALSE
1998,0.035211692159308,0.0284089363360815,0.0435703739858662,FALSE
1999,0.0330828359165901,0.0266976535512575,0.0409309184977337,FALSE
2000,0.0310538209419236,0.0250640099262843,0.0384186721614205,FALSE
2001,0.0291465866528615,0.0235291455911338,0.0360556372865747,FALSE
2002,0.0273797385949948,0.0221080233586034,0.0338649754127135,FALSE
2003,0.0257675003775423,0.0208089648242581,0.0318691420050307,FALSE
2004,0.0243190859338331,0.0196364989922317,0.0300840331681904,FALSE
2005,0.0230385257547267,0.0185934272617039,0.0285154293136134,FALSE
2006,0.0219248791377721,0.0176797824398879,0.0271610836693237,FALSE
2007,0.0209727104920829,0.0168906534010697,0.0260151949708455,FALSE
2008,0.0201727044128148,0.0162162224410076,0.0250699013341638,FALSE
2009,0.0195123282965578,0.0156444608177117,0.0243128509982235,FALSE
2010,0.0189765022982552,0.0151636187548046,0.0237250367525675,FALSE
2011,0.0185482841020628,0.0147620012043723,0.0232827553082252,FALSE
2012,0.0182096040046166,0.0144260452560787,0.0229623675173812,FALSE
2013,0.0179420841533313,0.0141399384442006,0.0227430189492521,FALSE
2014,0.0177279429122305,0.0138881511122491,0.0226050231542878,FALSE
2015,0.0175509305047735,0.0136585836247749,0.0225271630759999,FALSE
2016,0.0173971854037985,0.0134430654123628,0.0224878523384297,FALSE
2017,0.0172558682537201,0.0132350449189628,0.0224704063331115,FALSE
2018,0.0171194425164941,0.0130276422623156,0.0224671645925028,FALSE
2019,0.01698353331418,0.0128145199936122,0.0224779898123903,FALSE
2020,0.0168463912826245,0.0125920448468803,0.0225053494767351,FALSE
2021,0.0167080840881273,0.01235891863806,0.0225527938458004,FALSE
2022,0.0165696009293639,0.0121122355695491,0.0226297243868901,FALSE
2023,0.0164320649824423,0.0118439849697568,0.0227565285475946,FALSE
2024,0.0162962060731368,0.0115431068737293,0.0229610228183178,FALSE
2025,0.0161621688925253,0.01120290530677,0.0232651284575977,FALSE
2026,0.0160296472557327,0.0108268668769753,0.023672756326572,FALSE
2027,0.0160296472557327,0.0108268668769753,0.023672756326572,TRUE
2028,0.0160296472557327,0.0108268668769753,0.023672756326572,TRUE
2029,0.0160296472557327,0.0108268668769753,0.023672756326572,TRUE
