"iso3","lon","lat"
"AGO",17.4142320396223,-12.269914274607
"BDI",29.9295513456139,-3.33177407774796
"BEN",2.34121946220109,9.64990469181881
"BFA",-1.74616716324304,12.2742339476824
"BWA",23.8148982971683,-22.1874180766872
"CAF",20.48220244774,6.57146546804034
"CIV",-5.5690001859622,7.62796651657556
"CMR",12.7433785317415,5.69845072442881
"COD",23.6035899039197,-2.85715547570272
"COG",15.2179977496253,-0.84334849258201
"ERI",38.8438119558486,15.376610641798
"ETH",39.6334476591592,8.62151997588873
"GAB",11.7937216361568,-0.602668338988992
"GHA",-1.20776797623014,7.96276630412766
"GIN",-10.9325653802635,10.4394987579241
"GMB",-15.3811076935082,13.4500392340726
"GNB",-14.9934924372108,12.0091423631446
"GNQ",10.3418572900243,1.70626982824629
"KEN",37.8172785585498,0.605932918678812
"LBR",-9.30998609578235,6.44850683549334
"MLI",-3.5180161167239,17.3552765349541
"MOZ",35.5546166984618,-17.2591965569098
"MRT",-10.3496196985539,20.2605891475957
"MWI",34.2657872809833,-13.5394356670824
"NAM",17.2224053361573,-22.1431431461396
"NER",9.40040886779411,17.4204444464073
"NGA",8.10665894057987,9.5861048281147
"RWA",29.945786924118,-2.00055316477017
"SEN",-14.4713193568866,14.3605958804037
"SLE",-11.7912463607311,8.56009121153899
"SOM",45.8684970453404,6.06095587004796
"SSD",30.3490136140084,7.28007612053992
"SWZ",31.4976877593389,-26.5659121192185
"TCD",18.6687166071734,15.3804614877569
"TGO",0.978335367407,8.5318971797954
"TZA",34.973298038429,-6.44038374420802
"UGA",32.3436032573138,1.51358161738969
"ZAF",25.0938570948989,-28.9953566897925
"ZMB",27.7903736102082,-13.457175439336
"ZWE",29.8722391093896,-18.9979262237068
