"","iso3","mean","sd","Q2.5","Q97.5","Rhat","n.eff","AC5","AC10"
"tau_1","AGO",0.000235148472686559,2.75927177499519e-06,0.000230038518665963,0.000240303616304836,1,1049,-0.01,0
"tau_2","BDI",0.000444686524128194,6.18830357654398e-06,0.000432688287965351,0.000456876001352568,1,982,-0.01,-0.02
"tau_3","BEN",0.00048863772614028,6.21883912379361e-06,0.000477146653037825,0.000500541415309839,1.01,1000,-0.03,-0.03
"tau_4","BFA",0.000302564067319616,3.75118364555196e-06,0.000294799089115441,0.000310041383650878,1,837,-0.01,0.05
"tau_5","BWA",0.000604905057881939,1.65387708081452e-05,0.000574378017693224,0.000637856650821803,1,1044,0.02,0.01
"tau_6","CAF",0.00036820016547444,8.87692568226196e-06,0.000351408373630864,0.000385788132193057,1.02,934,0.03,-0.02
"tau_7","CIV",0.000326498089799105,3.56374626956284e-06,0.000319466100646935,0.000333442857200058,1,987,-0.01,0.03
"tau_8","CMR",0.000393526000794756,4.07987888212117e-06,0.000385248623863948,0.000401469548035649,1,960,-0.05,-0.04
"tau_9","COD",0.000719052137886281,2.92542978733529e-06,0.000713223730463664,0.000725219822524315,1,955,-0.03,0.01
"tau_10","COG",0.000374564026692555,8.3145222617315e-06,0.00035886853464089,0.000390813314988396,1,980,0.01,-0.01
"tau_11","ERI",0.000118652057916439,5.87199988545317e-06,0.000107156319579869,0.000131024509234385,1,980,0.02,-0.04
"tau_12","ETH",5.79805323267447e-05,7.3166304121584e-07,5.65477470715378e-05,5.94083245086346e-05,1.01,1097,-0.06,-0.02
"tau_13","GAB",0.000632090298318661,1.7881181022854e-05,0.000597339706718066,0.000667285444521824,1,1014,0.03,-0.04
"tau_14","GHA",0.000323874478957746,3.35044215480931e-06,0.000317441271484206,0.000330594749637323,1,1000,0,-0.02
"tau_15","GIN",0.000384692972120348,5.61203944351587e-06,0.000374003525670647,0.000395870297720206,1,1009,0,-0.06
"tau_16","GMB",0.00044654600461649,1.41345190396157e-05,0.000420031182163434,0.000474335699384148,1.01,1052,-0.02,0
"tau_17","GNB",0.000387434436120607,1.44324970700969e-05,0.000358634878008628,0.000415806356569019,1,1072,-0.02,0.02
"tau_18","GNQ",0.000488861965339393,1.72768311648566e-05,0.000455833742853096,0.00052165834214254,1,1111,-0.02,0.01
"tau_19","KEN",0.000334508787891821,2.58904361936516e-06,0.00032956400425277,0.00033975413006571,1,1252,0.02,0.02
"tau_20","LBR",0.000165252324070721,5.9510157442346e-06,0.000153537662438995,0.000176508671083829,1,920,0.02,0.06
"tau_21","MLI",0.000383142038028279,4.35909107978379e-06,0.000374883383904457,0.000391769842132853,1.01,1138,-0.01,0.04
"tau_22","MOZ",0.000305737779431274,3.44318245288984e-06,0.000298930813877468,0.000312574627918849,1,952,0,0.02
"tau_23","MRT",0.000377741472132367,9.50402735188635e-06,0.000360230376432818,0.000396914635867656,1,1086,0.08,-0.06
"tau_24","MWI",0.000386982796606239,4.90903111881255e-06,0.00037770219486378,0.000397146606940117,1,1000,0.03,0
"tau_25","NAM",0.000794483870000433,1.79470370344152e-05,0.000761065072913635,0.000832071260226534,1.01,1000,0.02,-0.01
"tau_26","NER",0.00043668452746569,4.45162095821181e-06,0.000428483572914556,0.000445528989020144,1,1034,-0.02,0.02
"tau_27","NGA",0.000578574845332197,1.66518068651456e-06,0.000575457479183426,0.000581808159245427,1,1076,0.05,-0.05
"tau_28","RWA",0.000475785512184844,6.37566549304014e-06,0.000463562773341635,0.000488479799117527,1.01,1130,0.08,0.05
"tau_29","SEN",0.000424541100660345,5.41466755965075e-06,0.000413982527929329,0.000435452541327311,1,1975,-0.04,-0.01
"tau_30","SLE",0.000374355862402232,7.11735049303149e-06,0.000360008248214718,0.00038815509704618,1.01,1117,0.01,0
"tau_31","SOM",0.000267429273782842,4.19040461807502e-06,0.000259492853019806,0.000275709222168016,1,1000,0.01,-0.02
"tau_32","SSD",0.000208377522294081,4.39322961493478e-06,0.0002000564266999,0.000217422083349251,1,933,0.01,-0.01
"tau_33","SWZ",0.000408271371933943,1.88098214635068e-05,0.000371814872017302,0.000444287481044341,1.01,1037,0.03,0.04
"tau_34","TCD",9.82546563023196e-05,2.5819656036046e-06,9.33310784856501e-05,0.000103390719832444,1.01,1097,-0.05,0.01
"tau_35","TGO",0.000458124046395188,7.43748149891122e-06,0.000443720225098517,0.000473249561629116,1,954,-0.02,0
"tau_36","TZA",0.000307740557340249,2.37811861623957e-06,0.000303184185720572,0.000312411127609912,1,1196,0.01,-0.05
"tau_37","UGA",0.000453910325987709,3.37472763604934e-06,0.000447676499158634,0.000460705348885775,1,1214,-0.08,-0.03
"tau_38","ZAF",0.000487679317819091,2.94531637697134e-06,0.000481672759465711,0.000493489122448486,1,1046,-0.01,-0.02
"tau_39","ZMB",0.00041330115170932,4.9066857462935e-06,0.000403870640172136,0.00042275858372695,1,1093,0.01,-0.02
"tau_40","ZWE",0.000513508827362081,5.73829109247666e-06,0.000502767531340657,0.000524956018062064,1,1000,0.01,-0.02
