"origin","destination","value"
"AGO","AGO",0
"BDI","AGO",1711.63125753451
"BEN","AGO",2959.23298631016
"BFA","AGO",3465.32743480921
"BWA","AGO",1315.64350323537
"CAF","AGO",2123.61137917902
"CIV","AGO",3382.68919122862
"CMR","AGO",2063.7920248523
"COD","AGO",1253.46484095476
"COG","AGO",1293.14097360491
"ERI","AGO",3894.10527239634
"ETH","AGO",3394.87861902276
"GAB","AGO",1439.51354164471
"GHA","AGO",3059.15659280941
"GIN","AGO",4041.84922121059
"GMB","AGO",4638.87978233802
"GNB","AGO",4506.97359390683
"GNQ","AGO",1741.6020848858
"KEN","AGO",2685.71342051826
"LBR","AGO",3630.83858528083
"LSO","AGO",2276.53722970743
"MLI","AGO",4036.99528893534
"MOZ","AGO",2101.35312511918
"MRT","AGO",4758.31397676759
"MWI","AGO",1881.6034424175
"NAM","AGO",1095.31780511596
"NER","AGO",3422.54875007391
"NGA","AGO",2642.70973238884
"RWA","AGO",1803.05354676298
"SEN","AGO",4623.32449256751
"SLE","AGO",3992.36206226887
"SOM","AGO",3765.17118600762
"SSD","AGO",2608.81055422905
"SWZ","AGO",2236.72913331392
"TCD","AGO",3072.96553856157
"TGO","AGO",2949.16510801655
"TZA","AGO",2059.14845499482
"UGA","AGO",2261.30454652396
"ZAF","AGO",2054.50954558854
"ZMB","AGO",1167.607469208
"ZWE","AGO",1577.92472286895
"AGO","BDI",1711.63125753451
"BDI","BDI",0
"BEN","BDI",3394.89427475305
"BFA","BDI",3932.64910816416
"BWA","BDI",2204.88572149114
"CAF","BDI",1524.83470127841
"CIV","BDI",4136.76801529129
"CMR","BDI",2161.82008406089
"COD","BDI",707.174980225744
"COG","BDI",1661.25719091438
"ERI","BDI",2308.0058011387
"ETH","BDI",1714.25936486306
"GAB","BDI",2042.1550299314
"GHA","BDI",3687.99254581941
"GIN","BDI",4800.81893282707
"GMB","BDI",5380.35495368254
"GNB","BDI",5285.85652311826
"GNQ","BDI",2252.03947673992
"KEN","BDI",981.650904701347
"LBR","BDI",4502.73223373613
"LSO","BDI",2928.96861614001
"MLI","BDI",4381.9237965402
"MOZ","BDI",1667.40276708051
"MRT","BDI",5197.82443815035
"MWI","BDI",1233.27471496303
"NAM","BDI",2523.08023914963
"NER","BDI",3254.03181570274
"NGA","BDI",2824.55795509695
"RWA","BDI",148.226598766217
"SEN","BDI",5321.61694210793
"SLE","BDI",4830.61042347106
"SOM","BDI",2057.02359285314
"SSD","BDI",1182.56567962055
"SWZ","BDI",2592.91962130987
"TCD","BDI",2426.72838201331
"TGO","BDI",3483.53138964506
"TZA","BDI",658.323600146079
"UGA","BDI",602.702099950269
"ZAF","BDI",2902.91720455995
"ZMB","BDI",1151.30701529238
"ZWE","BDI",1743.6432989936
"AGO","BEN",2959.23298631016
"BDI","BEN",3394.89427475305
"BEN","BEN",0
"BFA","BEN",541.811042836537
"BWA","BEN",4274.50167968665
"CAF","BEN",2048.10605633311
"CIV","BEN",908.878887522304
"CMR","BEN",1238.71254145849
"COD","BEN",2745.27952337401
"COG","BEN",1849.3586509747
"ERI","BEN",4115.70568379729
"ETH","BEN",4155.22186930725
"GAB","BEN",1552.37270034683
"GHA","BEN",437.4391807289
"GIN","BEN",1479.8564100738
"GMB","BEN",2018.30914695924
"GNB","BEN",1948.01105267246
"GNQ","BEN",1255.05787090118
"KEN","BEN",4076.60744719994
"LBR","BEN",1344.91775932594
"LSO","BEN",5234.52666981674
"MLI","BEN",1078.8593333326
"MOZ","BEN",4759.95703242249
"MRT","BEN",1841.54929955271
"MWI","BEN",4391.7725036598
"NAM","BEN",3901.39273474903
"NER","BEN",1164.95084866509
"NGA","BEN",641.049014690024
"RWA","BEN",3336.18365107407
"SEN","BEN",1943.75802801163
"SLE","BEN",1578.1311055306
"SOM","BEN",4860.95183478783
"SSD","BEN",3130.34673041791
"SWZ","BEN",5176.56903081648
"TCD","BEN",1923.92276183534
"TGO","BEN",195.937324370379
"TZA","BEN",4049.71847492919
"UGA","BEN",3461.33589850039
"ZAF","BEN",4996.93778162705
"ZMB","BEN",3829.82401979495
"ZWE","BEN",4423.17402042754
"AGO","BFA",3465.32743480921
"BDI","BFA",3932.64910816416
"BEN","BFA",541.811042836537
"BFA","BFA",0
"BWA","BFA",4777.18564470285
"CAF","BFA",2555.21931873673
"CIV","BFA",669.816590378692
"CMR","BFA",1772.38548430789
"COD","BFA",3286.72394650222
"COG","BFA",2388.54773123357
"ERI","BFA",4534.80433546568
"ETH","BFA",4627.37320828267
"GAB","BFA",2081.24044078869
"GHA","BFA",484.665725333521
"GIN","BFA",1041.69405557244
"GMB","BFA",1523.18364213499
"GNB","BFA",1474.68523044243
"GNQ","BFA",1788.54248309218
"KEN","BFA",4593.77591331513
"LBR","BFA",1062.44799966774
"LSO","BFA",5734.38067089408
"MLI","BFA",597.371433079376
"MOZ","BFA",5298.98884987328
"MRT","BFA",1305.50059811847
"MWI","BFA",4932.81407685265
"NAM","BFA",4369.64461616826
"NER","BFA",1361.8935141153
"NGA","BFA",1136.98667973199
"RWA","BFA",3871.08903576689
"SEN","BFA",1434.6546512003
"SLE","BFA",1191.9056692412
"SOM","BFA",5345.34569173768
"SSD","BFA",3618.00585101305
"SWZ","BFA",5693.20654630874
"TCD","BFA",2297.98614374881
"TGO","BFA",516.498340147037
"TZA","BFA",4588.45127026612
"UGA","BFA",3981.21128525776
"ZAF","BFA",5486.66058407479
"ZMB","BFA",4365.19206093844
"ZWE","BFA",4951.85850196789
"AGO","BWA",1315.64350323537
"BDI","BWA",2204.88572149114
"BEN","BWA",4274.50167968665
"BFA","BWA",4777.18564470285
"BWA","BWA",0
"CAF","BWA",3222.30603146269
"CIV","BWA",4660.3514207439
"CMR","BWA",3338.55023194313
"COD","BWA",2151.83365854242
"COG","BWA",2560.71062567947
"ERI","BWA",4503.10716074123
"ETH","BWA",3853.56552761525
"GAB","BWA",2749.79566214792
"GHA","BWA",4361.4631060172
"GIN","BWA",5306.40497325601
"GMB","BWA",5898.32364987102
"GNB","BWA",5759.11637269904
"GNQ","BWA",3053.08255734195
"KEN","BWA",2976.28604646472
"LBR","BWA",4874.88348794994
"LSO","BWA",961.257349212891
"MLI","BWA",5351.73159895654
"MOZ","BWA",1426.27257861392
"MRT","BWA",6064.77642155976
"MWI","BWA",1508.45341334571
"NAM","BWA",736.882386687472
"NER","BWA",4693.03529860694
"NGA","BWA",3945.52426359956
"RWA","BWA",2346.85262649066
"SEN","BWA",5892.71064691242
"SLE","BWA",5237.85682559878
"SOM","BWA",3985.28619177562
"SSD","BWA",3358.71949092816
"SWZ","BWA",984.649968121388
"TCD","BWA",4213.95114907325
"TGO","BWA",4260.70955076113
"TZA","BWA",2146.60411632336
"UGA","BWA",2802.35466014213
"ZAF","BWA",772.788724403788
"ZMB","BWA",1067.6098479173
"ZWE","BWA",760.621153879074
"AGO","CAF",2123.61137917902
"BDI","CAF",1524.83470127841
"BEN","CAF",2048.10605633311
"BFA","CAF",2555.21931873673
"BWA","CAF",3222.30603146269
"CAF","CAF",0
"CIV","CAF",2902.41659427401
"CMR","CAF",867.277321027372
"COD","CAF",1105.05835648393
"COG","CAF",1012.32552801154
"ERI","CAF",2269.0171617486
"ETH","CAF",2146.25271175895
"GAB","CAF",1254.34590254863
"GHA","CAF",2419.36876620419
"GIN","CAF",3522.98991744815
"GMB","CAF",4065.42945617928
"GNB","CAF",3995.60716992141
"GNQ","CAF",1251.87165662478
"KEN","CAF",2042.23641511697
"LBR","CAF",3316.41350335766
"LSO","CAF",4118.11189010001
"MLI","CAF",2932.43208848096
"MOZ","CAF",3137.30058478411
"MRT","CAF",3756.00170918174
"MWI","CAF",2713.92085914639
"NAM","CAF",3211.72786001439
"NER","CAF",1729.74193056692
"NGA","CAF",1418.48938059911
"RWA","CAF",1422.63714791662
"SEN","CAF",3986.27062394578
"SLE","CAF",3599.6964350897
"SOM","CAF",2825.62018090586
"SSD","CAF",1102.65084863272
"SWZ","CAF",3888.92694523243
"TCD","CAF",994.643174574782
"TGO","CAF",2181.70815213538
"TZA","CAF",2168.06355441055
"UGA","CAF",1436.63428570156
"ZAF","CAF",3992.88737801782
"ZMB","CAF",2375.70562014653
"ZWE","CAF",3032.95989824294
"AGO","CIV",3382.68919122862
"BDI","CIV",4136.76801529129
"BEN","CIV",908.878887522304
"BFA","CIV",669.816590378692
"BWA","CIV",4660.3514207439
"CAF","CIV",2902.41659427401
"CIV","CIV",0
"CMR","CIV",2049.80361181236
"COD","CIV",3450.58996068998
"COG","CIV",2499.45689166273
"ERI","CIV",5021.28556070729
"ETH","CIV",5035.48993920036
"GAB","CIV",2139.43555132169
"GHA","CIV",486.990036408112
"GIN","CIV",673.890208475526
"GMB","CIV",1270.69331727493
"GNB","CIV",1157.44597688982
"GNQ","CIV",1890.33003894375
"KEN","CIV",4893.90625292766
"LBR","CIV",436.489715053329
"LSO","CIV",5598.59182277652
"MLI","CIV",1102.78071069362
"MOZ","CIV",5354.26793489542
"MRT","CIV",1501.33417576997
"MWI","CIV",5021.32971505235
"NAM","CIV",4168.32405733342
"NER","CIV",1986.49641948834
"NGA","CIV",1537.19720178315
"RWA","CIV",4097.25229924184
"SEN","CIV",1242.57214740327
"SLE","CIV",700.611434927544
"SOM","CIV",5727.76704471384
"SSD","CIV",4000.1009306148
"SWZ","CIV",5615.07569190901
"TCD","CIV",2830.57511312962
"TGO","CIV",736.088551523753
"TZA","CIV",4776.98883321304
"UGA","CIV",4276.00316828877
"ZAF","CIV",5324.20116404137
"ZMB","CIV",4397.21757329799
"ZWE","CIV",4935.27265629702
"AGO","CMR",2063.7920248523
"BDI","CMR",2161.82008406089
"BEN","CMR",1238.71254145849
"BFA","CMR",1772.38548430789
"BWA","CMR",3338.55023194313
"CAF","CMR",867.277321027372
"CIV","CMR",2049.80361181236
"CMR","CMR",0
"COD","CMR",1537.89876372768
"COG","CMR",777.96348857123
"ERI","CMR",3101.75017704578
"ETH","CMR",3013.50915348997
"GAB","CMR",708.343492537425
"GHA","CMR",1573.24875100547
"GIN","CMR",2687.57315934467
"GMB","CMR",3248.17550911228
"GNB","CMR",3167.09038993715
"GNQ","CMR",517.474114450551
"KEN","CMR",2849.43062877834
"LBR","CMR",2456.20250143529
"LSO","CMR",4290.36324938887
"MLI","CMR",2230.35343966831
"MOZ","CMR",3602.62547195468
"MRT","CMR",3039.87596894933
"MWI","CMR",3212.4693945653
"NAM","CMR",3132.09407455351
"NER","CMR",1359.05119676816
"NGA","CMR",674.597239184916
"RWA","CMR",2098.72348831149
"SEN","CMR",3179.40869479603
"SLE","CMR",2749.91961488944
"SOM","CMR",3686.85411200312
"SSD","CMR",1969.4814384344
"SWZ","CMR",4154.75193821275
"TCD","CMR",1259.04640035068
"TGO","CMR",1346.84039732431
"TZA","CMR",2818.93851286228
"UGA","CMR",2232.02333987882
"ZAF","CMR",4101.34292292537
"ZMB","CMR",2713.97825709566
"ZWE","CMR",3345.3960141845
"AGO","COD",1253.46484095476
"BDI","COD",707.174980225744
"BEN","COD",2745.27952337401
"BFA","COD",3286.72394650222
"BWA","COD",2151.83365854242
"CAF","COD",1105.05835648393
"CIV","COD",3450.58996068998
"CMR","COD",1537.89876372768
"COD","COD",0
"COG","COD",959.154849159214
"ERI","COD",2646.25802697368
"ETH","COD",2195.40421458066
"GAB","COD",1337.8311296489
"GHA","COD",3012.60361540251
"GIN","COD",4119.02565280346
"GMB","COD",4704.3410251975
"GNB","COD",4604.47017658658
"GNQ","COD",1560.5362010071
"KEN","COD",1629.36224319377
"LBR","COD",3807.28764205192
"LSO","COD",3021.87955957404
"MLI","COD",3767.28300386168
"MOZ","COD",2083.6301046549
"MRT","COD",4572.19684140988
"MWI","COD",1680.3879414991
"NAM","COD",2257.14501998217
"NER","COD",2757.97247858686
"NGA","COD",2212.25373880756
"RWA","COD",713.13288707218
"SEN","COD",4651.32046992558
"SLE","COD",4140.07192258896
"SOM","COD",2667.87734097836
"SSD","COD",1355.35837330349
"SWZ","COD",2783.8695030505
"TCD","COD",2096.23207978117
"TGO","COD",2818.89109663156
"TZA","COD",1327.12131761104
"UGA","COD",1088.04679514897
"ZAF","COD",2914.5449175189
"ZMB","COD",1271.68120322162
"ZWE","COD",1928.80315351504
"AGO","COG",1293.14097360491
"BDI","COG",1661.25719091438
"BEN","COG",1849.3586509747
"BFA","COG",2388.54773123357
"BWA","COG",2560.71062567947
"CAF","COG",1012.32552801154
"CIV","COG",2499.45689166273
"CMR","COG",777.96348857123
"COD","COG",959.154849159214
"COG","COG",0
"ERI","COG",3191.80170065185
"ETH","COG",2916.19901760271
"GAB","COG",382.380622862031
"GHA","COG",2075.0938605715
"GIN","COG",3170.85026292575
"GMB","COG",3760.80743359596
"GNB","COG",3655.96988395575
"GNQ","COG",612.760929935675
"KEN","COG",2521.45279015399
"LBR","COG",2849.19012299231
"LSO","COG",3513.64225131626
"MLI","COG",2909.91335312117
"MOZ","COG",2910.63559728288
"MRT","COG",3690.85369360433
"MWI","COG",2547.31052424374
"NAM","COG",2375.40515391266
"NER","COG",2135.36690525866
"NGA","COG",1405.92758153923
"RWA","COG",1644.84642860468
"SEN","COG",3713.81763588557
"SLE","COG",3184.62642324195
"SOM","COG",3495.46689687283
"SSD","COG",1912.51398449541
"SWZ","COG",3389.55294923372
"TCD","COG",1840.12677942822
"TGO","COG",1898.04936027015
"TZA","COG",2284.86456148069
"UGA","COG",1924.66540437302
"ZAF","COG",3323.53244595614
"ZMB","COG",1985.4803949701
"ZWE","COG",2597.2152672963
"AGO","ERI",3894.10527239634
"BDI","ERI",2308.0058011387
"BEN","ERI",4115.70568379729
"BFA","ERI",4534.80433546568
"BWA","ERI",4503.10716074123
"CAF","ERI",2269.0171617486
"CIV","ERI",5021.28556070729
"CMR","ERI",3101.75017704578
"COD","ERI",2646.25802697368
"COG","ERI",3191.80170065185
"ERI","ERI",0
"ETH","ERI",758.147830053168
"GAB","ERI",3499.29680715483
"GHA","ERI",4536.82118164946
"GIN","ERI",5570.28057294364
"GMB","ERI",6042.98981697979
"GNB","ERI",6007.73745222179
"GNQ","ERI",3520.88805594275
"KEN","ERI",1648.73642914485
"LBR","ERI",5454.25724444998
"LSO","ERI",5143.48679662348
"MLI","ERI",4728.53116806956
"MOZ","ERI",3643.067035784
"MRT","ERI",5507.81728277249
"MWI","ERI",3258.75370724242
"NAM","ERI",4817.35521988193
"NER","ERI",3293.55709564518
"NGA","ERI",3485.11574566751
"RWA","ERI",2174.34374130534
"SEN","ERI",5938.49022199837
"SLE","ERI",5690.2674510036
"SOM","ERI",1298.23869835194
"SSD","ERI",1307.19996511241
"SWZ","ERI",4741.42439559466
"TCD","ERI",2248.83169675715
"TGO","ERI",4285.75172172844
"TZA","ERI",2466.83768092899
"UGA","ERI",1705.42174602849
"ZAF","ERI",5166.54965436294
"ZMB","ERI",3437.20934539481
"ZWE","ERI",3955.28036450527
"AGO","ETH",3394.87861902276
"BDI","ETH",1714.25936486306
"BEN","ETH",4155.22186930725
"BFA","ETH",4627.37320828267
"BWA","ETH",3853.56552761525
"CAF","ETH",2146.25271175895
"CIV","ETH",5035.48993920036
"CMR","ETH",3013.50915348997
"COD","ETH",2195.40421458066
"COG","ETH",2916.19901760271
"ERI","ETH",758.147830053168
"ETH","ETH",0
"GAB","ETH",3266.32213028609
"GHA","ETH",4549.2873879465
"GIN","ETH",5634.50674661349
"GMB","ETH",6150.55413748291
"GNB","ETH",6095.49933757303
"GNQ","ETH",3352.00934710505
"KEN","ETH",914.4949516393
"LBR","ETH",5455.94117667741
"LSO","ETH",4438.21611237399
"MLI","ETH",4908.08746414773
"MOZ","ETH",2906.8573371812
"MRT","ETH",5717.13296690381
"MWI","ETH",2537.1157231867
"NAM","ETH",4233.51329370662
"NER","ETH",3512.89654589251
"NGA","ETH",3514.28294447761
"RWA","ETH",1600.77366478972
"SEN","ETH",6059.01397906563
"SLE","ETH",5727.14341049362
"SOM","ETH",747.590821317462
"SSD","ETH",1044.96446757671
"SWZ","ETH",4020.68469347469
"TCD","ETH",2453.04446041131
"TGO","ETH",4305.0943298288
"TZA","ETH",1754.58219286153
"UGA","ETH",1133.8497854903
"ZAF","ETH",4483.03518094907
"ZMB","ETH",2787.41198116975
"ZWE","ETH",3260.53131680677
"AGO","GAB",1439.51354164471
"BDI","GAB",2042.1550299314
"BEN","GAB",1552.37270034683
"BFA","GAB",2081.24044078869
"BWA","GAB",2749.79566214792
"CAF","GAB",1254.34590254863
"CIV","GAB",2139.43555132169
"CMR","GAB",708.343492537425
"COD","GAB",1337.8311296489
"COG","GAB",382.380622862031
"ERI","GAB",3499.29680715483
"ETH","GAB",3266.32213028609
"GAB","GAB",0
"GHA","GAB",1733.31833579899
"GIN","GAB",2812.88890563985
"GMB","GAB",3406.66317467261
"GNB","GAB",3296.8623042326
"GNQ","GAB",303.662843026637
"KEN","GAB",2900.85916100947
"LBR","GAB",2477.33389090448
"LSO","GAB",3710.75175399751
"MLI","GAB",2628.67305728602
"MOZ","GAB",3232.41278105239
"MRT","GAB",3386.64967585914
"MWI","GAB",2885.78057055751
"NAM","GAB",2466.58871852305
"NER","GAB",2024.4723494346
"NGA","GAB",1206.54563006704
"RWA","GAB",2027.21571212726
"SEN","GAB",3365.46678361228
"SLE","GAB",2817.37782512268
"SOM","GAB",3863.31405518489
"SSD","GAB",2245.25460510063
"SWZ","GAB",3629.2050775206
"TCD","GAB",1930.8706995149
"TGO","GAB",1575.89014099185
"TZA","GAB",2660.30842927195
"UGA","GAB",2300.24946669022
"ZAF","GAB",3493.95234638718
"ZMB","GAB",2287.82388798662
"ZWE","GAB",2871.30753048454
"AGO","GHA",3059.15659280941
"BDI","GHA",3687.99254581941
"BEN","GHA",437.4391807289
"BFA","GHA",484.665725333521
"BWA","GHA",4361.4631060172
"CAF","GHA",2419.36876620419
"CIV","GHA",486.990036408112
"CMR","GHA",1573.24875100547
"COD","GHA",3012.60361540251
"COG","GHA",2075.0938605715
"ERI","GHA",4536.82118164946
"ETH","GHA",4549.2873879465
"GAB","GHA",1733.31833579899
"GHA","GHA",0
"GIN","GHA",1116.90783874418
"GMB","GHA",1692.6434402641
"GNB","GHA",1600.001673426
"GNQ","GHA",1462.37857424265
"KEN","GHA",4421.9201283934
"LBR","GHA",917.436550340704
"LSO","GHA",5313.22338949909
"MLI","GHA",1075.61072009519
"MOZ","GHA",4965.36018135434
"MRT","GHA",1704.95635400523
"MWI","GHA",4617.14148425903
"NAM","GHA",3923.42751905533
"NER","GHA",1577.93551296594
"NGA","GHA",1051.77556970986
"RWA","GHA",3641.86910300562
"SEN","GHA",1639.52923363835
"SLE","GHA",1180.34590816477
"SOM","GHA",5243.79810590106
"SSD","GHA",3515.13618015494
"SWZ","GHA",5295.18697441278
"TCD","GHA",2359.24689618855
"TGO","GHA",251.757779505802
"TZA","GHA",4334.66041617789
"UGA","GHA",3804.18355302903
"ZAF","GHA",5055.42296392925
"ZMB","GHA",4016.82491675117
"ZWE","GHA",4580.43449676202
"AGO","GIN",4041.84922121059
"BDI","GIN",4800.81893282707
"BEN","GIN",1479.8564100738
"BFA","GIN",1041.69405557244
"BWA","GIN",5306.40497325601
"CAF","GIN",3522.98991744815
"CIV","GIN",673.890208475526
"CMR","GIN",2687.57315934467
"COD","GIN",4119.02565280346
"COG","GIN",3170.85026292575
"ERI","GIN",5570.28057294364
"ETH","GIN",5634.50674661349
"GAB","GIN",2812.88890563985
"GHA","GIN",1116.90783874418
"GIN","GIN",0
"GMB","GIN",598.736690569465
"GNB","GIN",485.444645395161
"GNQ","GIN",2560.17368871051
"KEN","GIN",5537.00159313614
"LBR","GIN",479.757575978951
"LSO","GIN",6236.06124247882
"MLI","GIN",1122.15187113655
"MOZ","GIN",6027.14386802675
"MRT","GIN",1091.15518297707
"MWI","GIN",5695.21419530177
"NAM","GIN",4788.4109234944
"NER","GIN",2387.1550169018
"NGA","GIN",2120.35947854872
"RWA","GIN",4757.28143782738
"SEN","GIN",588.099806024277
"SLE","GIN",230.56505847615
"SOM","GIN",6340.52050576495
"SSD","GIN",4609.90934991573
"SWZ","GIN",6268.51984996335
"TCD","GIN",3338.81006237393
"TGO","GIN",1342.75558114607
"TZA","GIN",5444.24755629131
"UGA","GIN",4919.51377907431
"ZAF","GIN",5953.51447178502
"ZMB","GIN",5069.27282830664
"ZWE","GIN",5601.55478559177
"AGO","GMB",4638.87978233802
"BDI","GMB",5380.35495368254
"BEN","GMB",2018.30914695924
"BFA","GMB",1523.18364213499
"BWA","GMB",5898.32364987102
"CAF","GMB",4065.42945617928
"CIV","GMB",1270.69331727493
"CMR","GMB",3248.17550911228
"COD","GMB",4704.3410251975
"COG","GMB",3760.80743359596
"ERI","GMB",6042.98981697979
"ETH","GMB",6150.55413748291
"GAB","GMB",3406.66317467261
"GHA","GMB",1692.6434402641
"GIN","GMB",598.736690569465
"GMB","GMB",0
"GNB","GMB",166.255427763224
"GNQ","GMB",3148.77215258166
"KEN","GMB",6093.95139168054
"LBR","GMB",1032.26577435741
"LSO","GMB",6823.7012282581
"MLI","GMB",1384.52314271949
"MOZ","GMB",6624.94114164775
"MRT","GMB",938.084347152274
"MWI","GMB",6290.87566151131
"NAM","GMB",5368.76937563467
"NER","GMB",2788.56924676142
"NGA","GMB",2649.53973724902
"RWA","GMB",5332.40138850376
"SEN","GMB",143.44905934788
"SLE","GMB",675.683484666357
"SOM","GMB",6867.37826962719
"SSD","GMB",5138.69124366372
"SWZ","GMB",6863.12602943275
"TCD","GMB",3796.08024447853
"TGO","GMB",1902.54621055659
"TZA","GMB",6027.25632982666
"UGA","GMB",5477.85478923247
"ZAF","GMB",6537.34495898813
"ZMB","GMB",5667.54355533216
"ZWE","GMB",6200.03738236529
"AGO","GNB",4506.97359390683
"BDI","GNB",5285.85652311826
"BEN","GNB",1948.01105267246
"BFA","GNB",1474.68523044243
"BWA","GNB",5759.11637269904
"CAF","GNB",3995.60716992141
"CIV","GNB",1157.44597688982
"CMR","GNB",3167.09038993715
"COD","GNB",4604.47017658658
"COG","GNB",3655.96988395575
"ERI","GNB",6007.73745222179
"ETH","GNB",6095.49933757303
"GAB","GNB",3296.8623042326
"GHA","GNB",1600.001673426
"GIN","GNB",485.444645395161
"GMB","GNB",166.255427763224
"GNB","GNB",0
"GNQ","GNB",3045.52338333176
"KEN","GNB",6016.08392757757
"LBR","GNB",885.671706699971
"LSO","GNB",6680.75678517153
"MLI","GNB",1403.37964163182
"MOZ","GNB",6506.30248389339
"MRT","GNB",1049.59936975916
"MWI","GNB",6177.4628364556
"NAM","GNB",5221.83540207939
"NER","GNB",2776.28420440605
"NGA","GNB",2585.29079012514
"RWA","GNB",5241.56482514345
"SEN","GNB",268.131264278765
"SLE","GNB",524.17869451538
"SOM","GNB",6807.00083290275
"SSD","GNB",5076.76781455456
"SWZ","GNB",6726.71979432042
"TCD","GNB",3765.31053671142
"TGO","GNB",1820.44207240134
"TZA","GNB",5929.63701243343
"UGA","GNB",5398.98032730026
"ZAF","GNB",6391.99642982376
"ZMB","GNB",5547.19670214068
"ZWE","GNB",6072.32883023932
"AGO","GNQ",1741.6020848858
"BDI","GNQ",2252.03947673992
"BEN","GNQ",1255.05787090118
"BFA","GNQ",1788.54248309218
"BWA","GNQ",3053.08255734195
"CAF","GNQ",1251.87165662478
"CIV","GNQ",1890.33003894375
"CMR","GNQ",517.474114450551
"COD","GNQ",1560.5362010071
"COG","GNQ",612.760929935675
"ERI","GNQ",3520.88805594275
"ETH","GNQ",3352.00934710505
"GAB","GNQ",303.662843026637
"GHA","GNQ",1462.37857424265
"GIN","GNQ",2560.17368871051
"GMB","GNQ",3148.77215258166
"GNB","GNQ",3045.52338333176
"GNQ","GNQ",0
"KEN","GNQ",3061.83206617148
"LBR","GNQ",2250.81881141423
"LSO","GNQ",4014.13160753709
"MLI","GNQ",2328.71581621569
"MOZ","GNQ",3513.91758404577
"MRT","GNQ",3093.77158881307
"MWI","GNQ",3157.28759144937
"NAM","GNQ",2756.96635092848
"NER","GNQ",1752.49043192865
"NGA","GNQ",912.017421026851
"RWA","GNQ",2221.54696975818
"SEN","GNQ",3101.08176542845
"SLE","GNQ",2579.98693677791
"SOM","GNQ",3982.78669999986
"SSD","GNQ",2313.04625938941
"SWZ","GNQ",3931.78641605926
"TCD","GNQ",1776.50352521669
"TGO","GNQ",1289.84327680257
"TZA","GNQ",2887.43518541466
"UGA","GNQ",2449.88699049044
"ZAF","GNQ",3795.61591513429
"ZMB","GNQ",2576.65711758438
"ZWE","GNQ",3168.60732493763
"AGO","KEN",2685.71342051826
"BDI","KEN",981.650904701347
"BEN","KEN",4076.60744719994
"BFA","KEN",4593.77591331513
"BWA","KEN",2976.28604646472
"CAF","KEN",2042.23641511697
"CIV","KEN",4893.90625292766
"CMR","KEN",2849.43062877834
"COD","KEN",1629.36224319377
"COG","KEN",2521.45279015399
"ERI","KEN",1648.73642914485
"ETH","KEN",914.4949516393
"GAB","KEN",2900.85916100947
"GHA","KEN",4421.9201283934
"GIN","KEN",5537.00159313614
"GMB","KEN",6093.95139168054
"GNB","KEN",6016.08392757757
"GNQ","KEN",3061.83206617148
"KEN","KEN",0
"LBR","KEN",5287.56869108676
"LSO","KEN",3526.21497305664
"MLI","KEN",4969.91299397554
"MOZ","KEN",1995.58143108527
"MRT","KEN",5793.45687077259
"MWI","KEN",1622.77127361766
"NAM","KEN",3413.0050082044
"NER","KEN",3681.45638776378
"NGA","KEN",3457.08947189525
"RWA","KEN",923.294680405367
"SEN","KEN",6019.98422829514
"SLE","KEN",5594.47762781111
"SOM","KEN",1079.89031324905
"SSD","KEN",1114.99681435419
"SWZ","KEN",3106.19675676286
"TCD","KEN",2690.01063796663
"TGO","KEN",4195.64687222112
"TZA","KEN",845.794165103092
"UGA","KEN",617.908482213446
"ZAF","KEN",3580.19567848135
"ZMB","KEN",1920.7475171522
"ZWE","KEN",2354.58023192486
"AGO","LBR",3630.83858528083
"BDI","LBR",4502.73223373613
"BEN","LBR",1344.91775932594
"BFA","LBR",1062.44799966774
"BWA","LBR",4874.88348794994
"CAF","LBR",3316.41350335766
"CIV","LBR",436.489715053329
"CMR","LBR",2456.20250143529
"COD","LBR",3807.28764205192
"COG","LBR",2849.19012299231
"ERI","LBR",5454.25724444998
"ETH","LBR",5455.94117667741
"GAB","LBR",2477.33389090448
"GHA","LBR",917.436550340704
"GIN","LBR",479.757575978951
"GMB","LBR",1032.26577435741
"GNB","LBR",885.671706699971
"GNQ","LBR",2250.81881141423
"KEN","LBR",5287.56869108676
"LBR","LBR",0
"LSO","LBR",5795.12118575074
"MLI","LBR",1369.53107004516
"MOZ","LBR",5652.72674873432
"MRT","LBR",1538.5877688281
"MWI","LBR",5336.57312179921
"NAM","LBR",4336.99761851494
"NER","LBR",2409.44708896347
"NGA","LBR",1969.18110063193
"RWA","LBR",4470.974003516
"SEN","LBR",1051.73957216969
"SLE","LBR",362.983377863631
"SOM","LBR",6141.55029340598
"SSD","LBR",4417.21105449796
"SWZ","LBR",5844.45389463014
"TCD","LBR",3267.06374025545
"TGO","LBR",1168.69996171573
"TZA","LBR",5133.9483840061
"UGA","LBR",4670.24746964299
"ZAF","LBR",5506.5441937056
"ZMB","LBR",4691.09989275535
"ZWE","LBR",5201.53439445929
"AGO","LSO",2276.53722970743
"BDI","LSO",2928.96861614001
"BEN","LSO",5234.52666981674
"BFA","LSO",5734.38067089408
"BWA","LSO",961.257349212891
"CAF","LSO",4118.11189010001
"CIV","LSO",5598.59182277652
"CMR","LSO",4290.36324938887
"COD","LSO",3021.87955957404
"COG","LSO",3513.64225131626
"ERI","LSO",5143.48679662348
"ETH","LSO",4438.21611237399
"GAB","LSO",3710.75175399751
"GHA","LSO",5313.22338949909
"GIN","LSO",6236.06124247882
"GMB","LSO",6823.7012282581
"GNB","LSO",6680.75678517153
"GNQ","LSO",4014.13160753709
"KEN","LSO",3526.21497305664
"LBR","LSO",5795.12118575074
"LSO","LSO",0
"MLI","LSO",6311.08101516956
"MOZ","LSO",1606.54555468509
"MRT","LSO",7017.81486405634
"MWI","LSO",1908.88208320853
"NAM","LSO",1486.1610842023
"NER","LSO",5640.32361134804
"NGA","LSO",4904.42915617634
"RWA","LSO",3077.00643333355
"SEN","LSO",6823.7344608185
"SLE","LSO",6157.4901980966
"SOM","LSO",4424.69000380542
"SSD","LSO",4111.29029104733
"SWZ","LSO",493.719727448824
"TCD","LSO",5112.73594822967
"TGO","LSO",5217.90095971811
"TZA","LSO",2683.83003959264
"UGA","LSO",3492.34322772643
"ZAF","LSO",345.650545766694
"ZMB","LSO",1796.41483887444
"ZWE","LSO",1193.12117548769
"AGO","MLI",4036.99528893534
"BDI","MLI",4381.9237965402
"BEN","MLI",1078.8593333326
"BFA","MLI",597.371433079376
"BWA","MLI",5351.73159895654
"CAF","MLI",2932.43208848096
"CIV","MLI",1102.78071069362
"CMR","MLI",2230.35343966831
"COD","MLI",3767.28300386168
"COG","MLI",2909.91335312117
"ERI","MLI",4728.53116806956
"ETH","MLI",4908.08746414773
"GAB","MLI",2628.67305728602
"GHA","MLI",1075.61072009519
"GIN","MLI",1122.15187113655
"GMB","MLI",1384.52314271949
"GNB","MLI",1403.37964163182
"GNQ","MLI",2328.71581621569
"KEN","MLI",4969.91299397554
"LBR","MLI",1369.53107004516
"LSO","MLI",6311.08101516956
"MLI","MLI",0
"MOZ","MLI",5814.19708511798
"MRT","MLI",823.669534129025
"MWI","MLI",5435.00336442269
"NAM","MLI",4960.34186055238
"NER","MLI",1437.84879465265
"NGA","MLI",1558.71600281478
"RWA","MLI",4307.54348144055
"SEN","MLI",1257.96739685758
"SLE","MLI",1338.43165722958
"SOM","MLI",5643.56656404845
"SSD","MLI",3939.02032014632
"SWZ","MLI",6255.20383889515
"TCD","MLI",2484.75897560381
"TGO","MLI",1102.62397142619
"TZA","MLI",5040.24737263295
"UGA","MLI",4368.92308253332
"ZAF","MLI",6069.31792222674
"ZMB","MLI",4895.22264018825
"ZWE","MLI",5496.76471877331
"AGO","MOZ",2101.35312511918
"BDI","MOZ",1667.40276708051
"BEN","MOZ",4759.95703242249
"BFA","MOZ",5298.98884987328
"BWA","MOZ",1426.27257861392
"CAF","MOZ",3137.30058478411
"CIV","MOZ",5354.26793489542
"CMR","MOZ",3602.62547195468
"COD","MOZ",2083.6301046549
"COG","MOZ",2910.63559728288
"ERI","MOZ",3643.067035784
"ETH","MOZ",2906.8573371812
"GAB","MOZ",3232.41278105239
"GHA","MOZ",4965.36018135434
"GIN","MOZ",6027.14386802675
"GMB","MOZ",6624.94114164775
"GNB","MOZ",6506.30248389339
"GNQ","MOZ",3513.91758404577
"KEN","MOZ",1995.58143108527
"LBR","MOZ",5652.72674873432
"LSO","MOZ",1606.54555468509
"MLI","MOZ",5814.19708511798
"MOZ","MOZ",0
"MRT","MOZ",6601.3404812142
"MWI","MOZ",434.437148164578
"NAM","MOZ",2121.91971567399
"NER","MOZ",4837.32253857606
"NGA","MOZ",4275.07840994005
"RWA","MOZ",1804.73085485249
"SEN","MOZ",6591.20417372621
"SLE","MOZ",6007.44444715365
"SOM","MOZ",2825.75274829087
"SSD","MOZ",2786.29360932977
"SWZ","MOZ",1141.39366179481
"TCD","MOZ",4082.49480750246
"TGO","MOZ",4803.69301444492
"TZA","MOZ",1199.03852219865
"UGA","MOZ",2113.4453951849
"ZAF","MOZ",1751.8193569065
"ZMB","MOZ",962.480529750074
"ZWE","MOZ",671.368349883802
"AGO","MRT",4758.31397676759
"BDI","MRT",5197.82443815035
"BEN","MRT",1841.54929955271
"BFA","MRT",1305.50059811847
"BWA","MRT",6064.77642155976
"CAF","MRT",3756.00170918174
"CIV","MRT",1501.33417576997
"CMR","MRT",3039.87596894933
"COD","MRT",4572.19684140988
"COG","MRT",3690.85369360433
"ERI","MRT",5507.81728277249
"ETH","MRT",5717.13296690381
"GAB","MRT",3386.64967585914
"GHA","MRT",1704.95635400523
"GIN","MRT",1091.15518297707
"GMB","MRT",938.084347152274
"GNB","MRT",1049.59936975916
"GNQ","MRT",3093.77158881307
"KEN","MRT",5793.45687077259
"LBR","MRT",1538.5877688281
"LSO","MRT",7017.81486405634
"MLI","MRT",823.669534129025
"MOZ","MRT",6601.3404812142
"MRT","MRT",0
"MWI","MRT",6230.47515004625
"NAM","MRT",5623.40031296874
"NER","MRT",2217.76016006041
"NGA","MRT",2373.35049573696
"RWA","MRT",5126.21559187186
"SEN","MRT",796.582434031578
"SLE","MRT",1308.4786779871
"SOM","MRT",6455.81899466864
"SSD","MRT",4758.19493246568
"SWZ","MRT",6991.34609005955
"TCD","MRT",3278.25047784851
"TGO","MRT",1814.91299178661
"TZA","MRT",5855.98862886768
"UGA","MRT",5192.54305655041
"ZAF","MRT",6760.10744196501
"ZMB","MRT",5670.26849389
"ZWE","MRT",6256.73744672902
"AGO","MWI",1881.6034424175
"BDI","MWI",1233.27471496303
"BEN","MWI",4391.7725036598
"BFA","MWI",4932.81407685265
"BWA","MWI",1508.45341334571
"CAF","MWI",2713.92085914639
"CIV","MWI",5021.32971505235
"CMR","MWI",3212.4693945653
"COD","MWI",1680.3879414991
"COG","MWI",2547.31052424374
"ERI","MWI",3258.75370724242
"ETH","MWI",2537.1157231867
"GAB","MWI",2885.78057055751
"GHA","MWI",4617.14148425903
"GIN","MWI",5695.21419530177
"GMB","MWI",6290.87566151131
"GNB","MWI",6177.4628364556
"GNQ","MWI",3157.28759144937
"KEN","MWI",1622.77127361766
"LBR","MWI",5336.57312179921
"LSO","MWI",1908.88208320853
"MLI","MWI",5435.00336442269
"MOZ","MWI",434.437148164578
"MRT","MWI",6230.47515004625
"MWI","MWI",0
"NAM","MWI",2124.1047985659
"NER","MWI",4423.04280443614
"NGA","MWI",3886.80362390734
"RWA","MWI",1370.29372929087
"SEN","MWI",6251.23351331649
"SLE","MWI",5686.79195851211
"SOM","MWI",2532.73964611367
"SSD","MWI",2357.28089544301
"SWZ","MWI",1483.98995642666
"TCD","MWI",3651.75565999184
"TGO","MWI",4445.34202894442
"TZA","MWI",793.719321743119
"UGA","MWI",1688.20423810197
"ZAF","MWI",1993.28944307647
"ZMB","MWI",716.402845186175
"ZWE","MWI",780.172677452103
"AGO","NAM",1095.31780511596
"BDI","NAM",2523.08023914963
"BEN","NAM",3901.39273474903
"BFA","NAM",4369.64461616826
"BWA","NAM",736.882386687472
"CAF","NAM",3211.72786001439
"CIV","NAM",4168.32405733342
"CMR","NAM",3132.09407455351
"COD","NAM",2257.14501998217
"COG","NAM",2375.40515391266
"ERI","NAM",4817.35521988193
"ETH","NAM",4233.51329370662
"GAB","NAM",2466.58871852305
"GHA","NAM",3923.42751905533
"GIN","NAM",4788.4109234944
"GMB","NAM",5368.76937563467
"GNB","NAM",5221.83540207939
"GNQ","NAM",2756.96635092848
"KEN","NAM",3413.0050082044
"LBR","NAM",4336.99761851494
"LSO","NAM",1486.1610842023
"MLI","NAM",4960.34186055238
"MOZ","NAM",2121.91971567399
"MRT","NAM",5623.40031296874
"MWI","NAM",2124.1047985659
"NAM","NAM",0
"NER","NAM",4484.10216250537
"NGA","NAM",3668.9801052337
"RWA","NAM",2648.00947868273
"SEN","NAM",5376.38769559517
"SLE","NAM",4697.67866793477
"SOM","NAM",4469.74459940842
"SSD","NAM",3582.20883415241
"SWZ","NAM",1667.60579892639
"TCD","NAM",4168.03101966117
"TGO","NAM",3857.76540955086
"TZA","NAM",2635.30702708941
"UGA","NAM",3121.42057435337
"ZAF","NAM",1175.23677454978
"ZMB","NAM",1523.27697762321
"ZWE","NAM",1451.53044113693
"AGO","NER",3422.54875007391
"BDI","NER",3254.03181570274
"BEN","NER",1164.95084866509
"BFA","NER",1361.8935141153
"BWA","NER",4693.03529860694
"CAF","NER",1729.74193056692
"CIV","NER",1986.49641948834
"CMR","NER",1359.05119676816
"COD","NER",2757.97247858686
"COG","NER",2135.36690525866
"ERI","NER",3293.55709564518
"ETH","NER",3512.89654589251
"GAB","NER",2024.4723494346
"GHA","NER",1577.93551296594
"GIN","NER",2387.1550169018
"GMB","NER",2788.56924676142
"GNB","NER",2776.28420440605
"GNQ","NER",1752.49043192865
"KEN","NER",3681.45638776378
"LBR","NER",2409.44708896347
"LSO","NER",5640.32361134804
"MLI","NER",1437.84879465265
"MOZ","NER",4837.32253857606
"MRT","NER",2217.76016006041
"MWI","NER",4423.04280443614
"NAM","NER",4484.10216250537
"NER","NER",0
"NGA","NER",882.941764921266
"RWA","NER",3151.86641802075
"SEN","NER",2673.39198611016
"SLE","NER",2551.81741823499
"SOM","NER",4256.78179575536
"SSD","NER",2596.99914337025
"SWZ","NER",5483.06881567347
"TCD","NER",1062.75225153113
"TGO","NER",1359.01237892119
"TZA","NER",3897.01876552871
"UGA","NER",3113.12080772385
"ZAF","NER",5458.31896639429
"ZMB","NER",4005.87970167933
"ZWE","NER",4653.4759134949
"AGO","NGA",2642.70973238884
"BDI","NGA",2824.55795509695
"BEN","NGA",641.049014690024
"BFA","NGA",1136.98667973199
"BWA","NGA",3945.52426359956
"CAF","NGA",1418.48938059911
"CIV","NGA",1537.19720178315
"CMR","NGA",674.597239184916
"COD","NGA",2212.25373880756
"COG","NGA",1405.92758153923
"ERI","NGA",3485.11574566751
"ETH","NGA",3514.28294447761
"GAB","NGA",1206.54563006704
"GHA","NGA",1051.77556970986
"GIN","NGA",2120.35947854872
"GMB","NGA",2649.53973724902
"GNB","NGA",2585.29079012514
"GNQ","NGA",912.017421026851
"KEN","NGA",3457.08947189525
"LBR","NGA",1969.18110063193
"LSO","NGA",4904.42915617634
"MLI","NGA",1558.71600281478
"MOZ","NGA",4275.07840994005
"MRT","NGA",2373.35049573696
"MWI","NGA",3886.80362390734
"NAM","NGA",3668.9801052337
"NER","NGA",882.941764921266
"NGA","NGA",0
"RWA","NGA",2753.6576825205
"SEN","NGA",2568.18499085481
"SLE","NGA",2217.44821538193
"SOM","NGA",4221.81198151053
"SSD","NGA",2491.47867121364
"SWZ","NGA",4794.86635671177
"TCD","NGA",1338.44890008596
"TGO","NGA",801.129313647513
"TZA","NGA",3482.7936449898
"UGA","NGA",2845.4281953958
"ZAF","NGA",4696.58467293992
"ZMB","NGA",3377.22181774825
"ZWE","NGA",4000.2357083505
"AGO","RWA",1803.05354676298
"BDI","RWA",148.226598766217
"BEN","RWA",3336.18365107407
"BFA","RWA",3871.08903576689
"BWA","RWA",2346.85262649066
"CAF","RWA",1422.63714791662
"CIV","RWA",4097.25229924184
"CMR","RWA",2098.72348831149
"COD","RWA",713.13288707218
"COG","RWA",1644.84642860468
"ERI","RWA",2174.34374130534
"ETH","RWA",1600.77366478972
"GAB","RWA",2027.21571212726
"GHA","RWA",3641.86910300562
"GIN","RWA",4757.28143782738
"GMB","RWA",5332.40138850376
"GNB","RWA",5241.56482514345
"GNQ","RWA",2221.54696975818
"KEN","RWA",923.294680405367
"LBR","RWA",4470.974003516
"LSO","RWA",3077.00643333355
"MLI","RWA",4307.54348144055
"MOZ","RWA",1804.73085485249
"MRT","RWA",5126.21559187186
"MWI","RWA",1370.29372929087
"NAM","RWA",2648.00947868273
"NER","RWA",3151.86641802075
"NGA","RWA",2753.6576825205
"RWA","RWA",0
"SEN","RWA",5270.25212585653
"SLE","RWA",4793.8615507945
"SOM","RWA",1984.28188109839
"SSD","RWA",1034.40393805152
"SWZ","RWA",2740.70211582602
"TCD","RWA",2302.13816474709
"TGO","RWA",3431.79336221138
"TZA","RWA",745.462865666993
"UGA","RWA",473.635629563852
"ZAF","RWA",3049.11003579597
"ZMB","RWA",1297.09727257645
"ZWE","RWA",1891.86493013936
"AGO","SEN",4623.32449256751
"BDI","SEN",5321.61694210793
"BEN","SEN",1943.75802801163
"BFA","SEN",1434.6546512003
"BWA","SEN",5892.71064691242
"CAF","SEN",3986.27062394578
"CIV","SEN",1242.57214740327
"CMR","SEN",3179.40869479603
"COD","SEN",4651.32046992558
"COG","SEN",3713.81763588557
"ERI","SEN",5938.49022199837
"ETH","SEN",6059.01397906563
"GAB","SEN",3365.46678361228
"GHA","SEN",1639.52923363835
"GIN","SEN",588.099806024277
"GMB","SEN",143.44905934788
"GNB","SEN",268.131264278765
"GNQ","SEN",3101.08176542845
"KEN","SEN",6019.98422829514
"LBR","SEN",1051.73957216969
"LSO","SEN",6823.7344608185
"MLI","SEN",1257.96739685758
"MOZ","SEN",6591.20417372621
"MRT","SEN",796.582434031578
"MWI","SEN",6251.23351331649
"NAM","SEN",5376.38769559517
"NER","SEN",2673.39198611016
"NGA","SEN",2568.18499085481
"RWA","SEN",5270.25212585653
"SEN","SEN",0
"SLE","SEN",711.253682214956
"SOM","SEN",6779.41022947854
"SSD","SEN",5052.62684244974
"SWZ","SEN",6852.83775663103
"TCD","SEN",3690.14297183626
"TGO","SEN",1838.55048882388
"TZA","SEN",5971.17702499634
"UGA","SEN",5405.04475643025
"ZAF","SEN",6541.60052698757
"ZMB","SEN",5636.31520068483
"ZWE","SEN",6177.83817585285
"AGO","SLE",3992.36206226887
"BDI","SLE",4830.61042347106
"BEN","SLE",1578.1311055306
"BFA","SLE",1191.9056692412
"BWA","SLE",5237.85682559878
"CAF","SLE",3599.6964350897
"CIV","SLE",700.611434927544
"CMR","SLE",2749.91961488944
"COD","SLE",4140.07192258896
"COG","SLE",3184.62642324195
"ERI","SLE",5690.2674510036
"ETH","SLE",5727.14341049362
"GAB","SLE",2817.37782512268
"GHA","SLE",1180.34590816477
"GIN","SLE",230.56505847615
"GMB","SLE",675.683484666357
"GNB","SLE",524.17869451538
"GNQ","SLE",2579.98693677791
"KEN","SLE",5594.47762781111
"LBR","SLE",362.983377863631
"LSO","SLE",6157.4901980966
"MLI","SLE",1338.43165722958
"MOZ","SLE",6007.44444715365
"MRT","SLE",1308.4786779871
"MWI","SLE",5686.79195851211
"NAM","SLE",4697.67866793477
"NER","SLE",2551.81741823499
"NGA","SLE",2217.44821538193
"RWA","SLE",4793.8615507945
"SEN","SLE",711.253682214956
"SLE","SLE",0
"SOM","SLE",6424.01682789899
"SSD","SLE",4694.92829450481
"SWZ","SLE",6207.33510428068
"TCD","SLE",3473.19087973946
"TGO","SLE",1422.06097888335
"TZA","SLE",5467.17564663162
"UGA","SLE",4976.57904517861
"ZAF","SLE",5868.03469605576
"ZMB","SLE",5046.48831718766
"ZWE","SLE",5561.70616645577
"AGO","SOM",3765.17118600762
"BDI","SOM",2057.02359285314
"BEN","SOM",4860.95183478783
"BFA","SOM",5345.34569173768
"BWA","SOM",3985.28619177562
"CAF","SOM",2825.62018090586
"CIV","SOM",5727.76704471384
"CMR","SOM",3686.85411200312
"COD","SOM",2667.87734097836
"COG","SOM",3495.46689687283
"ERI","SOM",1298.23869835194
"ETH","SOM",747.590821317462
"GAB","SOM",3863.31405518489
"GHA","SOM",5243.79810590106
"GIN","SOM",6340.52050576495
"GMB","SOM",6867.37826962719
"GNB","SOM",6807.00083290275
"GNQ","SOM",3982.78669999986
"KEN","SOM",1079.89031324905
"LBR","SOM",6141.55029340598
"LSO","SOM",4424.69000380542
"MLI","SOM",5643.56656404845
"MOZ","SOM",2825.75274829087
"MRT","SOM",6455.81899466864
"MWI","SOM",2532.73964611367
"NAM","SOM",4469.74459940842
"NER","SOM",4256.78179575536
"NGA","SOM",4221.81198151053
"RWA","SOM",1984.28188109839
"SEN","SOM",6779.41022947854
"SLE","SOM",6424.01682789899
"SOM","SOM",0
"SSD","SOM",1730.61720794496
"SWZ","SOM",3967.14634861173
"TCD","SOM",3198.66446593644
"TGO","SOM",5003.49645164448
"TZA","SOM",1843.76444314148
"UGA","SOM",1586.01407005975
"ZAF","SOM",4526.01831847866
"ZMB","SOM",2956.64610800515
"ZWE","SOM",3306.92110331402
"AGO","SSD",2608.81055422905
"BDI","SSD",1182.56567962055
"BEN","SSD",3130.34673041791
"BFA","SSD",3618.00585101305
"BWA","SSD",3358.71949092816
"CAF","SSD",1102.65084863272
"CIV","SSD",4000.1009306148
"CMR","SSD",1969.4814384344
"COD","SSD",1355.35837330349
"COG","SSD",1912.51398449541
"ERI","SSD",1307.19996511241
"ETH","SSD",1044.96446757671
"GAB","SSD",2245.25460510063
"GHA","SSD",3515.13618015494
"GIN","SSD",4609.90934991573
"GMB","SSD",5138.69124366372
"GNB","SSD",5076.76781455456
"GNQ","SSD",2313.04625938941
"KEN","SSD",1114.99681435419
"LBR","SSD",4417.21105449796
"LSO","SSD",4111.29029104733
"MLI","SSD",3939.02032014632
"MOZ","SSD",2786.29360932977
"MRT","SSD",4758.19493246568
"MWI","SSD",2357.28089544301
"NAM","SSD",3582.20883415241
"NER","SSD",2596.99914337025
"NGA","SSD",2491.47867121364
"RWA","SSD",1034.40393805152
"SEN","SSD",5052.62684244974
"SLE","SSD",4694.92829450481
"SOM","SSD",1730.61720794496
"SSD","SSD",0
"SWZ","SSD",3770.81360460276
"TCD","SSD",1580.30447034397
"TGO","SSD",3273.65759360641
"TZA","SSD",1610.97314512666
"UGA","SSD",679.304735971495
"ZAF","SSD",4076.9762558556
"ZMB","SSD",2325.91993649769
"ZWE","SSD",2925.7474028876
"AGO","SWZ",2236.72913331392
"BDI","SWZ",2592.91962130987
"BEN","SWZ",5176.56903081648
"BFA","SWZ",5693.20654630874
"BWA","SWZ",984.649968121388
"CAF","SWZ",3888.92694523243
"CIV","SWZ",5615.07569190901
"CMR","SWZ",4154.75193821275
"COD","SWZ",2783.8695030505
"COG","SWZ",3389.55294923372
"ERI","SWZ",4741.42439559466
"ETH","SWZ",4020.68469347469
"GAB","SWZ",3629.2050775206
"GHA","SWZ",5295.18697441278
"GIN","SWZ",6268.51984996335
"GMB","SWZ",6863.12602943275
"GNB","SWZ",6726.71979432042
"GNQ","SWZ",3931.78641605926
"KEN","SWZ",3106.19675676286
"LBR","SWZ",5844.45389463014
"LSO","SWZ",493.719727448824
"MLI","SWZ",6255.20383889515
"MOZ","SWZ",1141.39366179481
"MRT","SWZ",6991.34609005955
"MWI","SWZ",1483.98995642666
"NAM","SWZ",1667.60579892639
"NER","SWZ",5483.06881567347
"NGA","SWZ",4794.86635671177
"RWA","SWZ",2740.70211582602
"SEN","SWZ",6852.83775663103
"SLE","SWZ",6207.33510428068
"SOM","SWZ",3967.14634861173
"SSD","SWZ",3770.81360460276
"SWZ","SWZ",0
"TCD","SWZ",4878.22242606
"TGO","SWZ",5178.43644450703
"TZA","SWZ",2274.60900603367
"UGA","SWZ",3127.92454248738
"ZAF","SWZ",750.110073128003
"ZMB","SWZ",1516.06862226342
"ZWE","SWZ",862.614533703036
"AGO","TCD",3072.96553856157
"BDI","TCD",2426.72838201331
"BEN","TCD",1923.92276183534
"BFA","TCD",2297.98614374881
"BWA","TCD",4213.95114907325
"CAF","TCD",994.643174574782
"CIV","TCD",2830.57511312962
"CMR","TCD",1259.04640035068
"COD","TCD",2096.23207978117
"COG","TCD",1840.12677942822
"ERI","TCD",2248.83169675715
"ETH","TCD",2453.04446041131
"GAB","TCD",1930.8706995149
"GHA","TCD",2359.24689618855
"GIN","TCD",3338.81006237393
"GMB","TCD",3796.08024447853
"GNB","TCD",3765.31053671142
"GNQ","TCD",1776.50352521669
"KEN","TCD",2690.01063796663
"LBR","TCD",3267.06374025545
"LSO","TCD",5112.73594822967
"MLI","TCD",2484.75897560381
"MOZ","TCD",4082.49480750246
"MRT","TCD",3278.25047784851
"MWI","TCD",3651.75565999184
"NAM","TCD",4168.03101966117
"NER","TCD",1062.75225153113
"NGA","TCD",1338.44890008596
"RWA","TCD",2302.13816474709
"SEN","TCD",3690.14297183626
"SLE","TCD",3473.19087973946
"SOM","TCD",3198.66446593644
"SSD","TCD",1580.30447034397
"SWZ","TCD",4878.22242606
"TCD","TCD",0
"TGO","TCD",2108.89638235116
"TZA","TCD",3027.19030737275
"UGA","TCD",2164.67491322469
"ZAF","TCD",4985.43469460613
"ZMB","TCD",3362.80012948375
"ZWE","TCD",4019.47721999323
"AGO","TGO",2949.16510801655
"BDI","TGO",3483.53138964506
"BEN","TGO",195.937324370379
"BFA","TGO",516.498340147037
"BWA","TGO",4260.70955076113
"CAF","TGO",2181.70815213538
"CIV","TGO",736.088551523753
"CMR","TGO",1346.84039732431
"COD","TGO",2818.89109663156
"COG","TGO",1898.04936027015
"ERI","TGO",4285.75172172844
"ETH","TGO",4305.0943298288
"GAB","TGO",1575.89014099185
"GHA","TGO",251.757779505802
"GIN","TGO",1342.75558114607
"GMB","TGO",1902.54621055659
"GNB","TGO",1820.44207240134
"GNQ","TGO",1289.84327680257
"KEN","TGO",4195.64687222112
"LBR","TGO",1168.69996171573
"LSO","TGO",5217.90095971811
"MLI","TGO",1102.62397142619
"MOZ","TGO",4803.69301444492
"MRT","TGO",1814.91299178661
"MWI","TGO",4445.34202894442
"NAM","TGO",3857.76540955086
"NER","TGO",1359.01237892119
"NGA","TGO",801.129313647513
"RWA","TGO",3431.79336221138
"SEN","TGO",1838.55048882388
"SLE","TGO",1422.06097888335
"SOM","TGO",5003.49645164448
"SSD","TGO",3273.65759360641
"SWZ","TGO",5178.43644450703
"TCD","TGO",2108.89638235116
"TGO","TGO",0
"TZA","TGO",4134.46275550877
"UGA","TGO",3578.55577136489
"ZAF","TGO",4970.90589205423
"ZMB","TGO",3863.4139271988
"ZWE","TGO",4442.8223786363
"AGO","TZA",2059.14845499482
"BDI","TZA",658.323600146079
"BEN","TZA",4049.71847492919
"BFA","TZA",4588.45127026612
"BWA","TZA",2146.60411632336
"CAF","TZA",2168.06355441055
"CIV","TZA",4776.98883321304
"CMR","TZA",2818.93851286228
"COD","TZA",1327.12131761104
"COG","TZA",2284.86456148069
"ERI","TZA",2466.83768092899
"ETH","TZA",1754.58219286153
"GAB","TZA",2660.30842927195
"GHA","TZA",4334.66041617789
"GIN","TZA",5444.24755629131
"GMB","TZA",6027.25632982666
"GNB","TZA",5929.63701243343
"GNQ","TZA",2887.43518541466
"KEN","TZA",845.794165103092
"LBR","TZA",5133.9483840061
"LSO","TZA",2683.83003959264
"MLI","TZA",5040.24737263295
"MOZ","TZA",1199.03852219865
"MRT","TZA",5855.98862886768
"MWI","TZA",793.719321743119
"NAM","TZA",2635.30702708941
"NER","TZA",3897.01876552871
"NGA","TZA",3482.7936449898
"RWA","TZA",745.462865666993
"SEN","TZA",5971.17702499634
"SLE","TZA",5467.17564663162
"SOM","TZA",1843.76444314148
"SSD","TZA",1610.97314512666
"SWZ","TZA",2274.60900603367
"TCD","TZA",3027.19030737275
"TGO","TZA",4134.46275550877
"TZA","TZA",0
"UGA","TZA",931.705904482802
"ZAF","TZA",2734.57690933396
"ZMB","TZA",1114.91399832384
"ZWE","TZA",1508.78607082554
"AGO","UGA",2261.30454652396
"BDI","UGA",602.702099950269
"BEN","UGA",3461.33589850039
"BFA","UGA",3981.21128525776
"BWA","UGA",2802.35466014213
"CAF","UGA",1436.63428570156
"CIV","UGA",4276.00316828877
"CMR","UGA",2232.02333987882
"COD","UGA",1088.04679514897
"COG","UGA",1924.66540437302
"ERI","UGA",1705.42174602849
"ETH","UGA",1133.8497854903
"GAB","UGA",2300.24946669022
"GHA","UGA",3804.18355302903
"GIN","UGA",4919.51377907431
"GMB","UGA",5477.85478923247
"GNB","UGA",5398.98032730026
"GNQ","UGA",2449.88699049044
"KEN","UGA",617.908482213446
"LBR","UGA",4670.24746964299
"LSO","UGA",3492.34322772643
"MLI","UGA",4368.92308253332
"MOZ","UGA",2113.4453951849
"MRT","UGA",5192.54305655041
"MWI","UGA",1688.20423810197
"NAM","UGA",3121.42057435337
"NER","UGA",3113.12080772385
"NGA","UGA",2845.4281953958
"RWA","UGA",473.635629563852
"SEN","UGA",5405.04475643025
"SLE","UGA",4976.57904517861
"SOM","UGA",1586.01407005975
"SSD","UGA",679.304735971495
"SWZ","UGA",3127.92454248738
"TCD","UGA",2164.67491322469
"TGO","UGA",3578.55577136489
"TZA","UGA",931.705904482802
"UGA","UGA",0
"ZAF","UGA",3486.13791779111
"ZMB","UGA",1740.95723134653
"ZWE","UGA",2299.6277907388
"AGO","ZAF",2054.50954558854
"BDI","ZAF",2902.91720455995
"BEN","ZAF",4996.93778162705
"BFA","ZAF",5486.66058407479
"BWA","ZAF",772.788724403788
"CAF","ZAF",3992.88737801782
"CIV","ZAF",5324.20116404137
"CMR","ZAF",4101.34292292537
"COD","ZAF",2914.5449175189
"COG","ZAF",3323.53244595614
"ERI","ZAF",5166.54965436294
"ETH","ZAF",4483.03518094907
"GAB","ZAF",3493.95234638718
"GHA","ZAF",5055.42296392925
"GIN","ZAF",5953.51447178502
"GMB","ZAF",6537.34495898813
"GNB","ZAF",6391.99642982376
"GNQ","ZAF",3795.61591513429
"KEN","ZAF",3580.19567848135
"LBR","ZAF",5506.5441937056
"LSO","ZAF",345.650545766694
"MLI","ZAF",6069.31792222674
"MOZ","ZAF",1751.8193569065
"MRT","ZAF",6760.10744196501
"MWI","ZAF",1993.28944307647
"NAM","ZAF",1175.23677454978
"NER","ZAF",5458.31896639429
"NGA","ZAF",4696.58467293992
"RWA","ZAF",3049.11003579597
"SEN","ZAF",6541.60052698757
"SLE","ZAF",5868.03469605576
"SOM","ZAF",4526.01831847866
"SSD","ZAF",4076.9762558556
"SWZ","ZAF",750.110073128003
"TCD","ZAF",4985.43469460613
"TGO","ZAF",4970.90589205423
"TZA","ZAF",2734.57690933396
"UGA","ZAF",3486.13791779111
"ZAF","ZAF",0
"ZMB","ZAF",1752.10729941322
"ZWE","ZAF",1226.71391724579
"AGO","ZMB",1167.607469208
"BDI","ZMB",1151.30701529238
"BEN","ZMB",3829.82401979495
"BFA","ZMB",4365.19206093844
"BWA","ZMB",1067.6098479173
"CAF","ZMB",2375.70562014653
"CIV","ZMB",4397.21757329799
"CMR","ZMB",2713.97825709566
"COD","ZMB",1271.68120322162
"COG","ZMB",1985.4803949701
"ERI","ZMB",3437.20934539481
"ETH","ZMB",2787.41198116975
"GAB","ZMB",2287.82388798662
"GHA","ZMB",4016.82491675117
"GIN","ZMB",5069.27282830664
"GMB","ZMB",5667.54355533216
"GNB","ZMB",5547.19670214068
"GNQ","ZMB",2576.65711758438
"KEN","ZMB",1920.7475171522
"LBR","ZMB",4691.09989275535
"LSO","ZMB",1796.41483887444
"MLI","ZMB",4895.22264018825
"MOZ","ZMB",962.480529750074
"MRT","ZMB",5670.26849389
"MWI","ZMB",716.402845186175
"NAM","ZMB",1523.27697762321
"NER","ZMB",4005.87970167933
"NGA","ZMB",3377.22181774825
"RWA","ZMB",1297.09727257645
"SEN","ZMB",5636.31520068483
"SLE","ZMB",5046.48831718766
"SOM","ZMB",2956.64610800515
"SSD","ZMB",2325.91993649769
"SWZ","ZMB",1516.06862226342
"TCD","ZMB",3362.80012948375
"TGO","ZMB",3863.4139271988
"TZA","ZMB",1114.91399832384
"UGA","ZMB",1740.95723134653
"ZAF","ZMB",1752.10729941322
"ZMB","ZMB",0
"ZWE","ZMB",657.256042809193
"AGO","ZWE",1577.92472286895
"BDI","ZWE",1743.6432989936
"BEN","ZWE",4423.17402042754
"BFA","ZWE",4951.85850196789
"BWA","ZWE",760.621153879074
"CAF","ZWE",3032.95989824294
"CIV","ZWE",4935.27265629702
"CMR","ZWE",3345.3960141845
"COD","ZWE",1928.80315351504
"COG","ZWE",2597.2152672963
"ERI","ZWE",3955.28036450527
"ETH","ZWE",3260.53131680677
"GAB","ZWE",2871.30753048454
"GHA","ZWE",4580.43449676202
"GIN","ZWE",5601.55478559177
"GMB","ZWE",6200.03738236529
"GNB","ZWE",6072.32883023932
"GNQ","ZWE",3168.60732493763
"KEN","ZWE",2354.58023192486
"LBR","ZWE",5201.53439445929
"LSO","ZWE",1193.12117548769
"MLI","ZWE",5496.76471877331
"MOZ","ZWE",671.368349883802
"MRT","ZWE",6256.73744672902
"MWI","ZWE",780.172677452103
"NAM","ZWE",1451.53044113693
"NER","ZWE",4653.4759134949
"NGA","ZWE",4000.2357083505
"RWA","ZWE",1891.86493013936
"SEN","ZWE",6177.83817585285
"SLE","ZWE",5561.70616645577
"SOM","ZWE",3306.92110331402
"SSD","ZWE",2925.7474028876
"SWZ","ZWE",862.614533703036
"TCD","ZWE",4019.47721999323
"TGO","ZWE",4442.8223786363
"TZA","ZWE",1508.78607082554
"UGA","ZWE",2299.6277907388
"ZAF","ZWE",1226.71391724579
"ZMB","ZWE",657.256042809193
"ZWE","ZWE",0
