"","AGO","BDI","BEN","BFA","BWA","CAF","CIV","CMR","COD","COG","ERI","ETH","GAB","GHA","GIN","GMB","GNB","GNQ","KEN","LBR","MLI","MOZ","MRT","MWI","NAM","NER","NGA","RWA","SEN","SLE","SOM","SSD","SWZ","TCD","TGO","TZA","UGA","ZAF","ZMB","ZWE"
"AGO",NA,0.0353367089294013,0.0165969182414541,0.0153682046007874,0.0268012972874285,0.0148116038586395,0.0148493710257748,0.0276572978317403,0.0892075843525036,0.0433488521813559,0.0068571814049761,0.0261607266332928,0.026902226170666,0.0186749297593277,0.00893351581340591,0.00446021464572844,0.00423843843679752,0.0186767235938127,0.0286604424719335,0.00735604983150583,0.0115240886740376,0.0358345708016667,0.00253544090529912,0.0397733285831725,0.061495116092507,0.0150718926905987,0.0487124481697546,0.0331082818202895,0.00802169108751632,0.0075898676792906,0.0111522975498619,0.0157385350645121,0.0157605149665698,0.0113664864222674,0.0144021436139346,0.0340046217879814,0.0360800355169283,0.0665857685120706,0.0637893251230221,0.0325552578681871
"BDI",0.00847911094404523,NA,0.00300575250369063,0.00285128532473934,0.00275855997889552,0.00739860048556587,0.00257101715323125,0.00555779105687788,0.0451778773532674,0.00582896736912776,0.00372999039822175,0.0181665071197031,0.00362654115508757,0.00322290915836043,0.00162654410274073,0.000818101082804795,0.000777652416974967,0.00261043640779967,0.0328083932630478,0.00127700458806,0.00224070656369224,0.0118711581202777,0.000460343669114342,0.0155973479842374,0.00309376156698924,0.00310877279886771,0.00970080689942267,0.610691030532082,0.00147140296549414,0.00132783815178513,0.00610894704718509,0.0127260706917085,0.00197200764139408,0.00323339843469672,0.00247868398879068,0.0432862962021159,0.0863098637324358,0.00626748729286633,0.0196050385418832,0.00615599531271916
"BEN",0.00522422530403367,0.00394296972743459,NA,0.104815862382512,0.00114793818750038,0.00672580108972847,0.0353179549226287,0.0224572375816188,0.00820659431459931,0.00813135369402664,0.00227972777254917,0.00616074030217979,0.00914024499642366,0.128844843140976,0.0152655439491395,0.00567001230717715,0.00554285259494968,0.0119325494941429,0.00435932637214839,0.0111556214088456,0.0250318827374615,0.00276261437823586,0.00148800161043412,0.00272464257365869,0.00154671832319456,0.0260773836236655,0.20215342262118,0.00399559421745959,0.0102299038536922,0.011464013345571,0.00234583024837756,0.00358165566487145,0.00084910666275463,0.0087458764363654,0.282176674493192,0.00414914791933407,0.00545001932690443,0.00302699221841108,0.00365070057583527,0.00222841962678729
"BFA",0.0052869570620656,0.00408788914173069,0.114555308080867,NA,0.00125131364045125,0.00638464080533058,0.105289317327292,0.0169212246956803,0.00827210910067842,0.00704916019153758,0.0024700846414913,0.00673578599349844,0.00726900043872875,0.150453129797454,0.0428895881966348,0.0127821446943335,0.0127194097231645,0.00863880669644614,0.00468653900529082,0.0293717398380988,0.0814486948101582,0.00298512001268536,0.00236358230729162,0.00291020412438866,0.00164466468162825,0.0291487527727751,0.0956174233644209,0.00414483621536407,0.0231070852883473,0.0301111860018378,0.00263422121931877,0.00378738173410663,0.000932910742245463,0.00861760065358685,0.143747834948288,0.00449383532273114,0.00569199228552995,0.00330899726480469,0.0037777082707123,0.00241181890900453
"BWA",0.0545004684488397,0.0233777457856326,0.00741597878515021,0.00739652872761024,NA,0.00773283346080584,0.00741983614624574,0.0108891687083425,0.0383794969970836,0.0114315874065796,0.00510733831954595,0.0190759199594046,0.00783651379411107,0.0088056258417627,0.00480715555777106,0.00250938510198468,0.00237454382460834,0.00624308734821659,0.0214086415736882,0.00385937974819758,0.00602275843448151,0.0457717710985297,0.0016618211105792,0.051642812886815,0.111046533096759,0.00734558982149863,0.0202790390065516,0.0217305217135034,0.00451097110919199,0.00408696958986949,0.0087884816916415,0.0109686359429257,0.0480275165276795,0.00621275308375638,0.00647361031215281,0.0352756864875513,0.0238390556109306,0.187793932898113,0.0722188916367314,0.0757314124051577
"CAF",0.019633509249043,0.0408715587674941,0.0283234021438896,0.0246008245045417,0.00504069106485743,NA,0.0198426910518265,0.0601388245784999,0.0737063975392062,0.043155679947003,0.0135732917389759,0.0351388943561807,0.0239025250451966,0.0270444647178148,0.0117676324939722,0.00558851539381521,0.0053422928095768,0.0261756140390735,0.0341385685824787,0.00922929852437172,0.0173423770522382,0.0155114005237755,0.00261703469814597,0.016496495424797,0.00547068663650063,0.0278429448825093,0.115580907929812,0.0412129707256167,0.0100576684307021,0.00946339552434593,0.0120438852178602,0.0355760573527419,0.00377819712883645,0.0315804166719119,0.022400281065058,0.030725853391008,0.053366304860597,0.0122426165589798,0.0191608410042069,0.0103149883725395
"CIV",0.00553307372297992,0.00399244694664488,0.0418080105813233,0.114040748326693,0.0013595910400251,0.0055778024089258,NA,0.015608245571604,0.0081251553281317,0.0068718465003167,0.00229868598945901,0.00634403100735297,0.00683673358907544,0.181880550056846,0.0915963656351612,0.0211616533329411,0.0213441521199597,0.00783519045873165,0.00471695375315844,0.125313701222981,0.0355407904916859,0.00322870878719351,0.00272761452710917,0.00312899163009335,0.00176426287888002,0.0169775733229333,0.05687160240662,0.00405001210982577,0.0376214472146126,0.0766472806185383,0.00257270675978066,0.00368054828963634,0.00101782940031468,0.00712774585737593,0.0544448740390569,0.00455577271018212,0.00558856526191374,0.00360067444406627,0.00399724065760087,0.00261082100027069
"CMR",0.0192382745982177,0.0161114404304292,0.049627027443329,0.0342141311511204,0.00372483191921467,0.0315584355112035,0.029137485076891,NA,0.0344937684990694,0.046237122342268,0.00637467823412277,0.0175895617067818,0.0516549486531717,0.044183542522733,0.0142666699984394,0.00641411723564818,0.00615687658441528,0.067030684403708,0.0164594716745399,0.0125581420495819,0.0205826303082875,0.00927695699949699,0.00265675372463424,0.00929426691563589,0.00516846214188998,0.0348228681866839,0.215979200709263,0.0163050818608366,0.0115488595060213,0.0120993134518117,0.00682593504088669,0.0141531801386855,0.00278877475520213,0.0232116845664716,0.0406476115633247,0.0154082578118814,0.021925870241468,0.00978948025153063,0.0130168336950285,0.00746676809607537
"COD",0.0473570436299311,0.0999503701888431,0.0138404855000437,0.0127648703347048,0.0100193065144841,0.0295183545962458,0.011575934943821,0.0263249208997721,NA,0.0363366599636175,0.00923332304722337,0.0373256755912612,0.0208369738746555,0.0146545711354244,0.0071603340919418,0.00358051892571971,0.00340546595778134,0.0143651462343216,0.0472731122604768,0.00570376356249468,0.00992956937047449,0.027723957531865,0.00197523785551264,0.0309956675542699,0.0111669196915202,0.0139594818108529,0.0446237796582223,0.0854939423200105,0.0064401954698888,0.00586863737950588,0.0141486159807986,0.030840951279004,0.00722605547106868,0.013131811841199,0.0113654556326948,0.0511260036670864,0.0755854728724431,0.0230478395831717,0.0621342735131778,0.0219893002644698
"COG",0.0422900497643322,0.023698889680671,0.0252016515319181,0.0199901164568711,0.00548431910149622,0.0317616250244818,0.0179918427004673,0.0648477658063084,0.0667763681912828,NA,0.00575747256027845,0.0170064795483295,0.187211495097099,0.0253011282725391,0.00951958858961428,0.00442903407701268,0.00423627760417145,0.068765551235821,0.0182510552775359,0.0081767218438529,0.0128947642099602,0.0145042812943962,0.00203859957466697,0.0153832129945616,0.00777988301207864,0.0191346985096347,0.0875295980367035,0.0220324818881732,0.00797145018215366,0.00807861480733212,0.00688625217246024,0.0141362469910665,0.00403847106393244,0.0145389517257883,0.0215837254763764,0.0194673421318334,0.0248128601670013,0.0132590234758104,0.025648116191626,0.011583993730361
"ERI",0.0094515739392645,0.0214260440108602,0.00998267755904428,0.00989663796064161,0.00346185366153657,0.0141139260612137,0.00850314819265726,0.0126316589939374,0.0239736259234877,0.0081344797142054,NA,0.416531895477796,0.00541045532250851,0.0107347183867283,0.00576752239468068,0.00292271879578237,0.00277613061403462,0.00535127993300796,0.0787704609809796,0.00428133888627419,0.00787827916986345,0.0128680100158228,0.0016878293887769,0.013533001567095,0.00372729901265824,0.0112752525495234,0.0319434297603171,0.0236079771752494,0.00525623719750949,0.00471746630099228,0.0538202958810047,0.035869895883815,0.00290578395822664,0.0191271366285414,0.00814074521300351,0.0321545612870571,0.0499021024103595,0.00855051827109246,0.0116125998443974,0.00729943167605368
"ETH",0.0115437420098579,0.0334075036347689,0.00863645009440306,0.00863977515695361,0.00413940463785571,0.0116973923917341,0.00751283253576495,0.011158233737504,0.0310257067443835,0.00769220122861383,0.133348021002386,NA,0.00500575243485069,0.00939442532191766,0.00512974618008106,0.00261684703215352,0.00248394316332192,0.00483919216725637,0.190019571275966,0.00380921096905073,0.00695518129953211,0.0168252318079851,0.00154696673416377,0.0183879607499158,0.00448371405342351,0.00978573956805028,0.0271414841544611,0.0377652069775539,0.00470580133711913,0.00420298118178865,0.128951487205075,0.0437901228170366,0.00350129233744805,0.0159269570224178,0.00707464813357612,0.0500556202242876,0.0926453264860121,0.0100949976192159,0.0150962093786744,0.00896311919343813
"GAB",0.0261996337031078,0.0147189012536173,0.0282794131589921,0.0205778049075739,0.00375305979019323,0.017561230315294,0.0178688769680612,0.0723206900388089,0.0382259989646653,0.186886924794712,0.00382280651706202,0.0110478955008935,NA,0.0266129264633492,0.00890717192726682,0.00402088663695844,0.0038563355562919,0.184202961157337,0.0120572002405981,0.0077967699600993,0.0123327929978264,0.00961947055803941,0.0017070473269663,0.0100566445644075,0.00569628698541925,0.0194526321252153,0.109495818639288,0.0138109515600349,0.00723906439348938,0.00755512433054454,0.00472028175359883,0.00872272669171542,0.00272925031826868,0.0126847620031652,0.0240317660593173,0.0128346097683586,0.0151181281142096,0.00976798765487136,0.0160096335067793,0.00769753279360305
"GHA",0.00529378996364626,0.00380742691131965,0.116032680891259,0.123972770354665,0.00122750575834656,0.00578349382304121,0.138367976559072,0.018005777943714,0.00782524671941471,0.00735168725960659,0.00220769913529813,0.00603505369151679,0.0077462830696928,NA,0.025867167288185,0.00855148826036299,0.00841444632888321,0.00941651869771955,0.00436751846668338,0.0268406738649778,0.0291500682966885,0.00293551078509449,0.00185738629377982,0.00287108235068516,0.00162457694236643,0.0183977842270371,0.0871765672241638,0.00386052722883035,0.0152489830716227,0.0218165159435362,0.00237756191024149,0.00348719508568921,0.000913134628848578,0.00751341046559014,0.254790198485755,0.00419054307624906,0.00529997104511543,0.00324344736400415,0.00375967012754906,0.00237066045974899
"GIN",0.0030663465765893,0.00232670034452047,0.0166462598383587,0.0427925391013042,0.000811414167223921,0.00304713771786519,0.0843759495261095,0.00703987701462707,0.00462966228608676,0.00334931824587628,0.00143624861021678,0.0039902296974165,0.00313929164769177,0.0313213138876863,NA,0.0649149309014602,0.0725582344951093,0.00339738670400528,0.00283654157874871,0.113482182636301,0.0253820391984834,0.00190919169153561,0.0026302360263055,0.00182817049708226,0.00102609063342842,0.00960143700082139,0.0251625950815186,0.00236138406185053,0.114023284206328,0.313705269682469,0.00165170857532228,0.00217971501742822,0.000612604115975023,0.00418711184654249,0.0165777995282796,0.00275817856503088,0.00327697524206084,0.00215544237401157,0.00226274487459229,0.00154645680373757
"GMB",0.00148036029673926,0.0011316038549594,0.00597862380672059,0.0123319782276351,0.000409576061562141,0.00139930465135473,0.0188496316023693,0.00306049863464032,0.00223859144408211,0.0015068155638573,0.000703785321089988,0.00196830862958429,0.00137033420524853,0.0100125718130455,0.0627707675551158,NA,0.203345845209752,0.00144262261579938,0.00141013752727116,0.0171473013112036,0.00971129560280785,0.000958201075358308,0.00178880888913882,0.000910815741297669,0.000509787013594385,0.00399301937793946,0.00996854443434624,0.00114885749178446,0.571250410710175,0.0353259212562454,0.000831926744394978,0.00106423833616813,0.000310858660896061,0.0019333968339029,0.005783746810257,0.00137823133169208,0.00160016365101478,0.00109005688224912,0.0011060957677111,0.000776965056995269
"GNB",0.00233928389739806,0.00178870351110203,0.00971887367782879,0.0204061633865326,0.00064448501228964,0.00222437956504061,0.0316153184899645,0.00488518626312243,0.00354055048770035,0.00239662933007687,0.00111162537004475,0.00310686152338697,0.00218547009746821,0.0163830541734446,0.116671539747974,0.33814322144984,NA,0.00230638586444987,0.00222407773408521,0.0294035663857136,0.0148172998554893,0.00150859704839664,0.00255069091096512,0.00143500163429632,0.000803389372383334,0.00640717933572682,0.0160662927162659,0.00181591522593373,0.246131478061296,0.0920060920592301,0.00131038337736606,0.00168156808692643,0.000488900916502403,0.00307175093720154,0.00942523039603286,0.00217262851346032,0.00252833578521609,0.00171493845044312,0.00174581648438603,0.00122313486501892
"GNQ",0.019267177162982,0.0112229311500163,0.0391071529491351,0.0259052928381351,0.00316717741222263,0.0203712854561796,0.0216924476935515,0.09941105438713,0.0279154509051666,0.0727156238183142,0.00400512958385448,0.0113134082282751,0.19512234500727,0.034268890446539,0.010210888944584,0.00448392630499091,0.00431094334179148,NA,0.0106033548069755,0.00909815744864054,0.0144327132234425,0.00787861907989098,0.00177552951684765,0.00810461864950799,0.00466641279846859,0.0241764154182202,0.173034740020281,0.0106336779334215,0.00807491768734429,0.00865692654159177,0.0043795100396368,0.00914748058855261,0.00228406246660072,0.0141459866761357,0.0329391893124127,0.0104416681353698,0.014175668476447,0.00826926986462592,0.012271638306537,0.00631831737891154
"KEN",0.0122013193966337,0.0582082641787004,0.00589588285524661,0.00579953924161915,0.00448196640655196,0.010964109623682,0.00538923504288277,0.0100735703320511,0.0379101320209466,0.00796436750338198,0.0243292541193358,0.18332657691551,0.00527064030214044,0.00655920078930128,0.00351814900742314,0.00180872985025311,0.00171552406773133,0.00437572277736677,NA,0.00274330474483029,0.00472910259147139,0.0218107190989208,0.00109950051571347,0.0260674262637508,0.00491250726867088,0.00625603270257357,0.0179674898240727,0.0703380886306514,0.00325229968296923,0.00288829700428739,0.0511848487143662,0.0348604324203986,0.00382642252774694,0.00845927902105499,0.00492182559328754,0.103711135349195,0.202193382824849,0.0106653078734785,0.0181522074672086,0.0101682054497448
"LBR",0.00430693253932113,0.00311595836311626,0.0207502211687279,0.0499885373930145,0.00111121092160734,0.00407658270070848,0.196908092891321,0.0105704244149641,0.00629074553100624,0.00490729354180985,0.00181863068646311,0.0050543070692498,0.00468739041442238,0.055438196387401,0.193576332546459,0.0302487558601738,0.0311922256840952,0.00516368160650646,0.00377288490116599,NA,0.0237455227246485,0.00262295716224804,0.00276204099345593,0.00252204076204933,0.00141776522739883,0.0117986948519802,0.0341375450125459,0.00316209099231713,0.0536335274806656,0.17999425401515,0.00209440641453203,0.00288794630584698,0.000836489518012117,0.00528535542702775,0.0238473540621704,0.00366438733092818,0.00438166876612974,0.00294871969107583,0.00315546713363688,0.0021233615066473
"MLI",0.00872198224847756,0.00706755789591598,0.0601876904857407,0.179188480532918,0.0022416078171232,0.00990196502847827,0.0721900415816732,0.0223951052477356,0.0141565105797119,0.0100037174882243,0.00432594980403139,0.0119294453702275,0.0095843584816759,0.0778288215224207,0.0559675490064373,0.0221449197873772,0.020318920208256,0.0105886157894246,0.00840743343751124,0.0306949503134772,NA,0.00529377382315674,0.00554545376071329,0.00509330564246329,0.00286388980239702,0.035488189850847,0.0992769759669887,0.00717018684310672,0.0415664099495926,0.0369729843578656,0.00482594345212281,0.00659206814119983,0.00168667097300201,0.0135160107119488,0.0616086829055482,0.00812911924641075,0.00990914918643723,0.00594740124771639,0.0063830785800636,0.00428508293158101
"MOZ",0.0181943978852963,0.025119116016948,0.00445616542529511,0.0044056970177811,0.0114284880618312,0.0059414254135158,0.0043995267047905,0.00677149639142198,0.0265159933928864,0.00754868148406637,0.00474010949173986,0.0193597492311128,0.00501510061537133,0.0052578892220589,0.00282413977275077,0.00146581939991804,0.00138781533631373,0.00387764623338107,0.0260124680747044,0.00227459076596489,0.00355134002220398,NA,0.000950940133677445,0.450528608134725,0.0126554614873386,0.00436873650193578,0.0122838988467182,0.0219015020078294,0.00263517906654837,0.00240082839081609,0.00838361275497561,0.00897352605660757,0.0225224768626697,0.00430127570852504,0.00388723133951147,0.0654468523963415,0.0231339400626448,0.0448224147772588,0.0628553842154843,0.0574004752970394
"MRT",0.0179009698331162,0.0135450628427785,0.0333758262165815,0.0485077520335722,0.00576982871200955,0.0139391632889543,0.0516829940232959,0.0269660908424796,0.0262699753216529,0.0147534776631251,0.00864555972317656,0.0247518254228335,0.0123754679537402,0.0462612725567518,0.0541027026799355,0.0380518120510298,0.0326290065197745,0.0121516027985568,0.0182345311206878,0.0333065601082659,0.0517310804724773,0.0132233278040029,NA,0.0122465431317433,0.0067880053259381,0.0304605732168345,0.0679451708734785,0.0137673965436735,0.071598946288282,0.0424158828514692,0.0112893276237161,0.0129100770696913,0.0044643470661409,0.0195804099340407,0.030619647899831,0.0181587113211561,0.0194193421429946,0.0154618489286973,0.0139352339636884,0.0107626458298266
"MWI",0.0188730622472088,0.0308444462096606,0.00410738609734234,0.00401412818154794,0.0120508007145135,0.00590535869350255,0.00398470741027428,0.00634029115645367,0.0277056679499707,0.0074823306090776,0.00465892875192437,0.0197736659356755,0.00490000513576759,0.00480605077157464,0.00252736694377128,0.00130217481819372,0.00123374605776032,0.00372791172142296,0.0290552544411037,0.00204399170474107,0.00319331356260309,0.421053543845909,0.000823077789621269,NA,0.0140639191200343,0.00399749181494796,0.0114448477329474,0.0258741852611942,0.00234117268353672,0.00214829458470463,0.00832816889849835,0.00910699673615657,0.0124342522832912,0.00399895929936951,0.00357970766707348,0.0931284193502501,0.025580255353345,0.0284227404774023,0.0925701073279909,0.0425732706596373
"NAM",0.0994513391755201,0.02085127573002,0.00794669960513439,0.00773151720300885,0.0883142113516396,0.00667445801555363,0.00765728670091632,0.0120164165961866,0.0340189260548784,0.0128968153691351,0.00437326451967809,0.0164327825427876,0.00945921009020853,0.00926835298637709,0.00483455943499159,0.00248397435869272,0.00235406819785687,0.00731536104144339,0.0186616186699893,0.00391607430402751,0.00611952489392172,0.0403099737824988,0.00155485221346006,0.0479320425077864,NA,0.00764558771358213,0.0222359834524153,0.0192963982186229,0.0044660574346072,0.00410926030757089,0.00753801095919561,0.0094977850670912,0.0365097922580608,0.00585769916092852,0.00692331926770065,0.0313471706193335,0.0209170075884636,0.236033442395221,0.0689639778572408,0.0460839023542531
"NER",0.0124850506491993,0.010732163488644,0.0686265374818966,0.0701875111152667,0.00299229749981357,0.0173997031767911,0.0377432880714643,0.0414696797215343,0.0217825645096573,0.0162473877500038,0.00677626366404835,0.0183704315711997,0.0165460331086561,0.0537626054019792,0.02317180806482,0.00996580221193758,0.00961639609107454,0.0194131953765053,0.0121729999571675,0.0166929494251163,0.0388416576377788,0.00712759288698692,0.003573859861886,0.00697846113545226,0.00391618663049257,NA,0.263561937068298,0.0108798118958007,0.0179543464417484,0.018141916402898,0.00706042328655243,0.0103208807154729,0.0022339555787483,0.0253696436466363,0.0486953370113678,0.0116448362622194,0.0149133109648912,0.00791679845822665,0.00895404412603208,0.00576033165173646
"NGA",0.0120702473196822,0.0100175115855272,0.159133958859458,0.0688700818416646,0.00247103651814589,0.0216056069286278,0.0378192819623492,0.076936383690935,0.020828584724875,0.0222315914329429,0.00574247693135656,0.01524098356602,0.0278590785040307,0.0762023292787265,0.0181648916541411,0.00744211354609403,0.00721298178559114,0.0415615865454438,0.0104577851395493,0.0144472467795548,0.0325024534493885,0.0059948312568967,0.00238457913389266,0.00597634688106872,0.00340692477569784,0.0788381433038702,NA,0.0101415226220933,0.0134143029705953,0.0140307690561382,0.00551073500048433,0.0091198628448294,0.00181468233746525,0.0271254113102488,0.0903174637077897,0.00982747430746535,0.0136987639329794,0.00649893983615013,0.0082526430178324,0.00482839166039732
"RWA",0.00774278464457513,0.595193061310574,0.00296857119443694,0.00281763842451819,0.00249911517047564,0.00727107483066909,0.00254189999591014,0.00548184999660655,0.0376628410336683,0.00528157394857048,0.00400553762962877,0.0200150000968925,0.00331647813872206,0.00318492659634907,0.0016088973454455,0.000809496598318732,0.000769447609928414,0.00241060825837196,0.0386391171163934,0.00126302368003122,0.00221555432106367,0.0100878578984658,0.000456025670368241,0.0127519554266865,0.00279040203540306,0.00307156286541922,0.00957166495802432,NA,0.00145592179960708,0.00131354588539186,0.0065647077878921,0.0149847518511292,0.0017977723551483,0.0031934676395943,0.00244850661267452,0.0364837916481638,0.117984244291233,0.00572814220502599,0.0161058837512619,0.00551129737736065
"SEN",0.00237505767919299,0.00181558102867078,0.00962244274953627,0.0198870673919619,0.000656801073881165,0.00224651694483393,0.0298940892907205,0.00491576318658845,0.00359190195223528,0.0024192735104103,0.00112907992469621,0.00315751197954903,0.00220081565943007,0.0159272714087711,0.0983564723929623,0.509592565739187,0.132037816997938,0.00231754903821122,0.00226190770252609,0.0271219669478302,0.0162608085702445,0.00153667801824368,0.00300256066320019,0.00146080161943796,0.00081764073835064,0.0064173439005839,0.0160287673883163,0.0018432563539624,NA,0.0556032287363765,0.00133423870255786,0.0017074229943738,0.000498468074279303,0.00310379031701247,0.00931133731255954,0.00221059970138021,0.00256723745508253,0.00174799237409376,0.00177436091844753,0.00124601356236465
"SLE",0.00313600166233519,0.00228645681880962,0.015048191831057,0.0361649019301254,0.000830422421824049,0.00294980446328515,0.0849924664685178,0.00718697997476188,0.00456768926561025,0.00342151451839912,0.00141413994141022,0.00393552536382184,0.00320535913202966,0.0317994600826223,0.377628761719839,0.0439768285953756,0.0688781719533953,0.00346727599411699,0.00280323834090941,0.127021522573568,0.0201844992524957,0.00195374426938869,0.00248226144977215,0.00187061959444459,0.00104987047651328,0.00904904454154493,0.0233963087436041,0.00232074162170899,0.0775950223778665,NA,0.0016377755751693,0.00214416098255063,0.000627005853426063,0.00405925778489923,0.0148588089767677,0.00272937323514167,0.00322362312649485,0.00220600006385352,0.00231459868473825,0.00158257033780644
"SOM",0.0125272324847605,0.0285978201922202,0.00837130041376243,0.00860122648214723,0.00485467568565523,0.010206140764036,0.00775572994663605,0.0110229177607657,0.0299379421526969,0.00792890323608437,0.043860984214428,0.328261791146358,0.00544442114013436,0.00942138810333495,0.00540536945762545,0.00281555623425287,0.0026669330445137,0.00476868807979322,0.135054266387168,0.00401817032250004,0.0071624963036892,0.0185475486200881,0.00179612185727225,0.019714686673581,0.00523573363354834,0.0095741232206345,0.0249818216885976,0.0315315740819564,0.00506192954003078,0.00445249150425978,NA,0.0288705137122453,0.00409232549449039,0.0138675039763652,0.00694866368950044,0.0485751996967855,0.060156459124492,0.0119479747091809,0.0156253454905146,0.0103360297338939
"SSD",0.0155236852079622,0.0523119168764098,0.0112232828655006,0.0108589279675643,0.00532033188370068,0.0264723499230159,0.00974281920336374,0.0200691132142561,0.0573027524681839,0.0142923634737696,0.0256685975102523,0.0978835868358285,0.00883437411195957,0.0121338615775771,0.00626370662702731,0.00316269819854893,0.00300516226036349,0.00874610362801508,0.0807680107059228,0.0048651499361468,0.00859099769209963,0.0174324395956008,0.00180358364475709,0.0189302028702072,0.00579272416548678,0.0122892326206712,0.0363030084080562,0.0632003582467882,0.00568805018831285,0.00511853680742719,0.0253509503078478,NA,0.00396901044646809,0.0212498823074295,0.00928075214558714,0.0455558817662015,0.199863875350883,0.0128356953458329,0.0213174965913797,0.0109785270235943
"SWZ",0.0279829253560301,0.0145917400840023,0.00478950372308664,0.00481482109516707,0.0419342057081191,0.00506071034529849,0.00484997280654229,0.00711835717797834,0.0241680270268717,0.00734986042720321,0.00374306642935255,0.0140881599607864,0.00497575605237611,0.00571939108249556,0.00316886539113737,0.00166293017035661,0.00157277468322426,0.0039310927277852,0.0159584875838396,0.0025366456668929,0.00395680341780357,0.078759577736513,0.00112268415257068,0.0465255965939926,0.0400831701483424,0.00478822696656588,0.013003106221663,0.0136488754694285,0.00298917836727323,0.00269433892750896,0.00646847777589112,0.00714454261101235,NA,0.00415793550887422,0.00418347207316471,0.0279750692251386,0.0152317862004718,0.423846436700375,0.0411151143609675,0.0622883140438969
"TCD",0.0165327553367774,0.0195999068105482,0.0404136331388629,0.0364353307630261,0.00444384268064214,0.0346530139918444,0.0278235672200637,0.0485365930621201,0.0359799743313306,0.0216766168945925,0.0201841499551198,0.0524994797761571,0.0189449875661633,0.038552130867432,0.0177433138248084,0.00847282692247411,0.0080952068211741,0.0199450370193842,0.0289020365772451,0.0131301531704772,0.0259752012792372,0.0123219885821636,0.00403383113037754,0.0122578852398539,0.00526836741483194,0.0445462195408061,0.159227883126076,0.0198619088352309,0.0152476581842254,0.0142897145636975,0.017956699347954,0.0313361046478816,0.00340623055209484,NA,0.0314145832062033,0.0214721037386239,0.0354887300496606,0.0111416208430691,0.0134407492331557,0.00874796375461365
"TGO",0.00421658549551939,0.00302434071456289,0.262458377894924,0.122335481600956,0.000932042909777572,0.00494756373690936,0.0427791718036955,0.0171085196165125,0.00626812748369822,0.0064773831628846,0.00172917695255427,0.00469398619806041,0.00722457761165327,0.263153264010695,0.0141404043168713,0.00510189336171226,0.00499975469044613,0.00934822765768514,0.00338482397546398,0.0119247852368384,0.0238323621985695,0.00224149967378078,0.00126972858732161,0.00220867034934059,0.00125336661607111,0.0172107039410403,0.106715940029989,0.00306531081648868,0.00920741260439722,0.0105287228317494,0.00181110769891489,0.00275477685953819,0.000689839307572185,0.00632333330194769,NA,0.00323016983665556,0.00419013935896518,0.00245824757430453,0.0029518779699527,0.0018083020119806
"TZA",0.0176087732287254,0.0934151595820364,0.00682583248382864,0.00676434353661821,0.00898301669334344,0.0120032613580498,0.00633132784232417,0.0114706575752258,0.0498712432618993,0.0103332567268813,0.0120802311054717,0.0587417917273166,0.00682443686582992,0.00765515047215139,0.00416116274351513,0.00215031260601944,0.00203844770626035,0.00524135575708381,0.126151562883689,0.00324092602227916,0.00556193666194814,0.0667489495451498,0.00133184323220795,0.101630239567028,0.0100373597398656,0.00727950791903377,0.020537938857034,0.0807849725548491,0.00386627757998888,0.0034206764715028,0.0223931380385881,0.0239169109950953,0.00815905031427536,0.00764445884800147,0.00571324352115896,NA,0.0851088946793644,0.0214120899905063,0.0493026298173344,0.0232576314885188
"UGA",0.0129146059828023,0.128750942413133,0.00619751808618108,0.00592237437837478,0.00419622562839585,0.0144107138277286,0.00536853925409876,0.0112827423542951,0.0509647308749989,0.00910396204749876,0.0129590913124019,0.0751520636838707,0.00555654998683129,0.00669237043539717,0.00341734271586308,0.00172570650323797,0.0016397283441644,0.00491858694655202,0.170003255342878,0.00267873863388561,0.00468642816198763,0.0163090374360831,0.00098452250890096,0.0192960602070499,0.00462960297445862,0.00644415180747322,0.0197887961039702,0.180583340536002,0.00310364483431988,0.00279264921488564,0.01916927467447,0.0725300516741568,0.00307073492969385,0.00873344644667789,0.00512281766367254,0.0588298854658879,NA,0.00985230795805714,0.0212528700019635,0.00896458864769995
"ZAF",0.0518129628192224,0.0203247987569057,0.0074829677129704,0.00748463746686272,0.0718611476619199,0.00718679761481206,0.00751938754635265,0.0109511637368295,0.0337834835751648,0.010575671599345,0.00482715175844492,0.0178019026592633,0.00780468020696929,0.00890340513776026,0.00488646280975497,0.00255560955090213,0.00241784522386981,0.00623744568091635,0.0194942487011558,0.0039189262792003,0.0061147068808658,0.0686936795987305,0.00170410114518335,0.046609294153795,0.113569193357942,0.0074367654521009,0.0204090746864611,0.0190594456514956,0.00459397171167225,0.00415451615068433,0.00827676293366928,0.0101261857534954,0.185755994091683,0.00596055067211467,0.00653354454906049,0.0321754714361518,0.0214180922464006,NA,0.0552674213259339,0.0743105317039378
"ZMB",0.0445436364288505,0.0570533491187496,0.00809877683439981,0.00766802338807142,0.0247995648920099,0.0100938392801431,0.00749099590027853,0.0130673235601187,0.0817308626436891,0.0183583032784105,0.00588313243753176,0.0238895936447307,0.0114792113396324,0.00926146466015544,0.00460335451193882,0.00232711969974628,0.00220881426988782,0.00830659064345622,0.0297744126484743,0.00376337864061344,0.00588923989277843,0.0864459529492231,0.00137825271941224,0.136225369469529,0.029777618069403,0.00754804318945423,0.0232570436824139,0.048090764899045,0.00418476810538325,0.00391175173366332,0.0097135169202827,0.01509187995822,0.0161702395504119,0.00645270986942633,0.00704048030657386,0.0664839164440894,0.0414611212692887,0.049596365565916,NA,0.0668792175845971
"ZWE",0.036242199028904,0.028560608968075,0.00788126503412734,0.00780468622328842,0.0414595934174871,0.00866295983604664,0.00780031426889445,0.0119500491519175,0.0461128545542001,0.0132187722889272,0.00589554490686594,0.0226128740395003,0.00879909383570388,0.00931011463018253,0.00501570939065426,0.00260605285305172,0.00246712239265586,0.00681832093555067,0.0265897227478517,0.00403732707784194,0.00630295237660305,0.125855850591715,0.00169702946282277,0.0998803332995087,0.0317228822522027,0.00774137979849846,0.0216930031971409,0.0262353407768979,0.00468498217780237,0.00426397198929823,0.0102436884671766,0.0123910170639726,0.0390550561949067,0.00669547472514459,0.00687591649245807,0.0499997386838153,0.0278810781165312,0.106313094475181,0.106622024276597,NA
