"","AGO","BDI","BEN","BFA","BWA","CAF","CIV","CMR","COD","COG","ERI","ETH","GAB","GHA","GIN","GMB","GNB","GNQ","KEN","LBR","MLI","MOZ","MRT","MWI","NAM","NER","NGA","RWA","SEN","SLE","SOM","SSD","SWZ","TCD","TGO","TZA","UGA","ZAF","ZMB","ZWE"
"AGO",NA,0.0273938501388916,0.0133562374931941,0.0146583413726466,0.0145332015654826,0.0119846980276546,0.0181557999836081,0.0334001507377845,0.144139691471239,0.0251015615911658,0.00406613073941013,0.0428995657483077,0.0124288808444482,0.0223874733185627,0.00890037915157014,0.00266085354878796,0.00241704182546957,0.00785007817444879,0.036180455250194,0.0058088629707149,0.0118646182958785,0.0357979137095911,0.00367578713819269,0.0316987924790068,0.0197541603058011,0.0155719876837972,0.0873124679416569,0.0264675003786881,0.00848826590006231,0.00659414138273751,0.0109529400605047,0.0147587903529292,0.00468606977630451,0.0148640692543045,0.0105035930827406,0.0557981544708128,0.0402187379667789,0.0574672019394738,0.0593692271605597,0.0358323267665981
"BDI",0.019405403189231,NA,0.00435676131352151,0.00485252524311454,0.00283061640428314,0.00739593453937687,0.00542918938971282,0.0123300226113109,0.123495711616438,0.00701962558128961,0.00325771099713918,0.0427417419879522,0.00303687454571818,0.00682613979327706,0.00276922895967542,0.000855138903107158,0.000765111225697971,0.00217584709499598,0.0559556187006284,0.0017043217766564,0.00417295337832483,0.0192832864713019,0.00128168753485793,0.0221468106771366,0.00249584381453007,0.00655868224513713,0.0313609902536845,0.311702451233667,0.00275636292031603,0.00200066068127485,0.00980378040280178,0.0170302870690671,0.00150704668788862,0.0080591350325906,0.00329286236950124,0.103538987637473,0.095590104411253,0.0141185848021414,0.0237961086587375,0.0122998498451877
"BEN",0.0100382362339352,0.00462239922509192,NA,0.0784320765385928,0.00125300054278639,0.00539393535023677,0.046503586211852,0.0286601721882412,0.0212525805911393,0.00660966337906774,0.00161570692129221,0.0139610140009084,0.00480525549843742,0.135266217619723,0.0149629636626465,0.00353729691470155,0.00324218064886129,0.00525238840027063,0.00878539894554941,0.00961235980734208,0.0306129420071459,0.00504173983031986,0.0057303472991452,0.0042861441318392,0.00150285025666522,0.0289107807016727,0.25701708273967,0.00490889543703707,0.011822921280704,0.00998836383888327,0.00331492486846921,0.00493450401123957,0.000640979514652428,0.012042985844237,0.180082425427452,0.00952444708497163,0.00965507799253885,0.00734700998267589,0.00505272426296961,0.00377642080703588
"BFA",0.0110018189628558,0.00514135830193746,0.0783249447116031,NA,0.00146335522595648,0.00542351915545776,0.0957052885710845,0.0239155760648667,0.0226016971662169,0.00634008397816043,0.00192379764554663,0.0163839805450772,0.00438098422369352,0.15984774649549,0.0327780704937655,0.00704833563916202,0.00643316210850204,0.00440699838809522,0.0101457258265844,0.0179986629639131,0.0929616266443746,0.00591953296589354,0.0124326969339969,0.00497181605322566,0.00174998961442943,0.0317584698987789,0.160121525416483,0.00544764433776889,0.0242819014073585,0.0198817522592567,0.00395767665270246,0.00550541710541466,0.000765118173633913,0.012848343987639,0.0654353379551812,0.0109178271049483,0.0108434401492728,0.00878945808421736,0.00574522718284103,0.00440009160461401
"BWA",0.065212391258288,0.0179299984819807,0.00748077872109216,0.00874860742181059,NA,0.00627757993849406,0.0108452254549327,0.016035698247313,0.0638282173408917,0.0091526425818684,0.00308235569025739,0.0333525653119543,0.00475931341772997,0.0127641072280574,0.0056769901299974,0.0017727595092169,0.00159948577363338,0.0033785538634025,0.0290624917250017,0.00359378702936463,0.00746839502299979,0.056028532865967,0.00244093207788567,0.0395567537204507,0.0312926499190627,0.00936180915862141,0.0467536410834723,0.0170810868082853,0.00563670909576281,0.00420989651045716,0.00936527812895822,0.00966742618240469,0.0132192076243401,0.00893543829003535,0.00588161323988208,0.048708437602717,0.0277479061834324,0.200802444247394,0.061948591681364,0.0893397014312205
"CAF",0.0266569872106274,0.0232224176463626,0.0159630702761551,0.0160725758335847,0.00311176929352943,NA,0.0161982543091766,0.0787050507416985,0.123940859400715,0.0253710353414907,0.00614201796213014,0.0579936497168111,0.010858337668522,0.0223162050642366,0.00777254617926317,0.00230654510660694,0.00206260446957492,0.00891129623552381,0.0380446337887856,0.00475974656773868,0.0132775451026863,0.0150313975316458,0.00367359920312796,0.0139501032976417,0.00331088860006079,0.0285468552107276,0.147474525264721,0.0264672614987641,0.00752305811249308,0.00549927606314681,0.0117254408029195,0.0345063269942246,0.00159930906324932,0.0499646536105065,0.0114660828812308,0.0376817615335741,0.0540078742342451,0.0168554543721602,0.0163599671126085,0.010669016697733
"CIV",0.0129108357014674,0.00545009862755013,0.0439999447780243,0.0906766024596911,0.00171873420875086,0.0051787292963536,NA,0.0222832937074192,0.0240225119382853,0.00676865355247085,0.00190182526623429,0.0165844940358427,0.00479184864151798,0.180346201002799,0.0673247201732167,0.0102426181271627,0.0101575245843535,0.00464155200152509,0.0105709189946751,0.0685682438419161,0.0458428968474602,0.00662800032347728,0.0116735393429005,0.00551103460030395,0.00211901938637282,0.0215784351778225,0.120634209276642,0.00572642915952032,0.0335311367769753,0.0465228558977898,0.00409106244987967,0.00545371236734676,0.000885363498920151,0.0109875539874614,0.0458873091925797,0.0117373216579457,0.0111733716322796,0.010398022405119,0.00645974406522687,0.00501963101472043
"CMR",0.0237839767547463,0.0123945374187529,0.0271544844099142,0.0226901427737922,0.00254480841163334,0.0251973390826016,0.0223139504639704,NA,0.0678416188536177,0.0311551499054143,0.00344484431649028,0.0313635292820508,0.0202779261713793,0.0343966992707537,0.0096404107572187,0.00268637826961276,0.00242841355850367,0.0254426723763538,0.0207522620448363,0.00614617206833524,0.0165357209859842,0.0106872365183785,0.00420418224590226,0.00951726214398753,0.00294015347381624,0.0340147174865701,0.347929198103213,0.0133826359819586,0.00878263498471356,0.00680791718096414,0.00700662500214642,0.0134501670706154,0.00125444285522959,0.0311142210950309,0.0189683154210501,0.0226251105765329,0.0254499740305123,0.0139474038906765,0.0117140983701175,0.00801266639262217
"COD",0.0572670342756403,0.0692633330341187,0.0112346487072932,0.011964167744253,0.00565151638538211,0.0221386757694262,0.013421484602918,0.0378513402908254,NA,0.0286273157527699,0.0052238409821016,0.0589605539150288,0.0104291435213697,0.0173618312380725,0.00658811057737329,0.0019827580377456,0.00178306307224403,0.00692262763194114,0.0542395273785538,0.00413598952100427,0.00990016443593338,0.0275037389016791,0.0029475187558345,0.0280804270786164,0.00560951253899566,0.015865177507327,0.0844627760576379,0.0710155842575869,0.00639411797272669,0.00476671771848827,0.0132933657583594,0.0273228374270405,0.00264259238146272,0.0189972850547753,0.00848327407762393,0.0770415311458219,0.0826501585542893,0.0271219613986412,0.040145475619757,0.0207088209193414
"COG",0.050084371100231,0.0197717831030221,0.0175471887459585,0.0168545372152872,0.00406985708627079,0.0227591326498464,0.0189917421577702,0.0872961890731176,0.143767595190497,NA,0.0036935320044762,0.0365598758380891,0.0523012164670417,0.0263086363472809,0.00858154039152178,0.00245334369987154,0.00222680379606292,0.0225358077391861,0.0273217228606448,0.00559868647078805,0.0128364779550306,0.0159252201476708,0.00359918313202518,0.0145474965516013,0.00477486076177999,0.0205043458102127,0.142805895976989,0.0207835637232777,0.007925037406807,0.00621546559721376,0.00839831128970827,0.0156047037654015,0.00184466439068573,0.020696807084314,0.0132583957345767,0.0335658391006322,0.0347070976333951,0.0206984404558485,0.0199795052065755,0.0126051263392907
"ERI",0.0161136873409603,0.018224539068039,0.00851928016039422,0.0101576517769556,0.0027222469410971,0.010943108582255,0.01059852044844,0.019171105128628,0.0521053644405385,0.00733590968674472,NA,0.329582690569502,0.00370850958027397,0.0130852821104649,0.00574812881311556,0.00185531398620994,0.00163339716043881,0.0030100615206978,0.0702183869576195,0.00333640369047259,0.00956029442844045,0.0169184522952597,0.00300998006102582,0.0150020524697608,0.00263063299507687,0.0163943512967744,0.0598717487574554,0.020498231312936,0.00603307142443321,0.00406820872354323,0.0465986859781823,0.0377592997634614,0.00168458117029997,0.0227137258514619,0.00631130800360298,0.0436037408241274,0.058991711927428,0.0163737795690162,0.0136521435371473,0.010254411647719
"ETH",0.0196267552144475,0.0276043950020098,0.00849844158300118,0.00998700738097478,0.00340060371258685,0.0119286716193611,0.0106698636970945,0.0201504380708836,0.0678947291831547,0.00838298786433719,0.0380492771530503,NA,0.0041161820060167,0.0131748135904748,0.00571919664297378,0.00183052072123505,0.00161847119249853,0.00325239652962033,0.158238726311416,0.00337038136830466,0.00918398152512873,0.0232457654716176,0.00289138571067903,0.021313206791319,0.00316945595603535,0.0151767708101007,0.0598246266169785,0.0314238954477455,0.00593264877832989,0.00407538853146898,0.0997896581907852,0.0517505121153301,0.00213062757210715,0.0203943437430452,0.00633930009402034,0.0700541730745378,0.103891588599454,0.0200717400186072,0.0183487777299534,0.0134782943793151
"GAB",0.0417352035598392,0.0143955336174218,0.021469093968841,0.0196002918547432,0.00356160693756767,0.0163926771964403,0.0226273991763744,0.0956220398969227,0.0881450749124034,0.0880198891290126,0.00314236278484906,0.0302113040358563,NA,0.0324047328449311,0.0097389852778002,0.00270622735529331,0.0024713879258325,0.0564795648520839,0.0217692466376566,0.00652966240221467,0.0142125845638222,0.0133133830788652,0.00390118605803852,0.0118367406492793,0.0043738777527205,0.0212580460562216,0.169543918730844,0.0150790602007717,0.00873709125599115,0.00708013611589697,0.00706692870265726,0.0120958814034737,0.00162073988174736,0.0186906039403324,0.0164652696419882,0.0263125774785189,0.026256907704355,0.0186446104359041,0.0158852191360125,0.0106029528464759
"GHA",0.0115928114127017,0.00498987047718226,0.0931965330899322,0.110283501144946,0.00147300867680449,0.00519541286477703,0.131326304415797,0.0250129211589033,0.0226286224094508,0.00682779609747842,0.00170983099618121,0.0149118854524126,0.00499714122695527,NA,0.0265120969775727,0.0054301086212719,0.00512019143580206,0.0051543241818335,0.00950320586641238,0.0195439191848443,0.0371400188831191,0.00575136721928693,0.00768911251104465,0.00483783302565412,0.00180194989524139,0.0231158281057123,0.158321295109135,0.00526421799056147,0.0180078293226584,0.0179172010319851,0.00361268948832947,0.00509203608196758,0.000750951009913978,0.0110244572582204,0.154703786762422,0.0104909597719677,0.010258907060486,0.00873755004725241,0.00572150319175189,0.00435102054203145
"GIN",0.0100907480906397,0.00443204464327045,0.0225714364665574,0.0495129245033177,0.00143437982209177,0.00396181507201224,0.107337246142077,0.0153487972880254,0.0187998607335389,0.0048761675837181,0.0016444768134399,0.0141727548758719,0.00328819870798316,0.058046394165248,NA,0.0283948569199156,0.0329916878143588,0.00305911272050044,0.00889871340059815,0.0600402037876608,0.0445812444706612,0.00561824451035503,0.017944962464281,0.00462368870137339,0.00174724739314393,0.0167348433554558,0.0775511666468383,0.00465366626953971,0.0923942895521579,0.210178232532467,0.00354771352418992,0.00447732266570224,0.000758998279884618,0.00873958617957958,0.0201673238106993,0.0097831249062258,0.00919419181782203,0.00889415047016601,0.00530081260062276,0.00420737029800872
"GMB",0.00634408182469955,0.00287815960240765,0.0112213740697359,0.0223900321900495,0.000941952056991039,0.00247244015312543,0.0343415442420348,0.00899453931932267,0.0118986151643924,0.00293160000595312,0.00111622469935811,0.00953952703807306,0.00192150523443216,0.0250018779719818,0.0597135143627214,NA,0.107509280492411,0.00175052917957841,0.00592308282056149,0.0160517766550962,0.0254011153534116,0.00374606089408961,0.0167153693284288,0.00306241379473304,0.00113399127276817,0.0102715044827747,0.0434298850925461,0.00302143275947992,0.477780386735535,0.0369062446129643,0.00241344128181211,0.00292891541423724,0.000508799195193812,0.00556545066318926,0.0095189571039701,0.0064597906059109,0.00602343107362029,0.00593855407024091,0.00345363913322023,0.0027789600489482
"GNB",0.00834529617906752,0.00372917331553944,0.0148943487719611,0.0295939149638903,0.00123074800946343,0.00320176590551282,0.049318119229994,0.0117745466053392,0.0154954142202493,0.00385334644674345,0.00142310122041982,0.0122142541596377,0.00254113652112814,0.0341397312568122,0.10047251334719,0.155688215400928,NA,0.00231684604432663,0.00762384325026362,0.0250067422652704,0.0315417733572779,0.00485601072691074,0.0181455168441425,0.00397046199508891,0.00148947873418702,0.013069831877274,0.0567964619177969,0.0039119443653245,0.258013130358707,0.0659408669719259,0.00308945509524224,0.00376615118787616,0.000661357279169044,0.0071176480373331,0.0127844964435796,0.00835399694894324,0.00777035994099977,0.00774451062359475,0.0044976605800044,0.00361582960088528
"GNQ",0.029365514370708,0.011490062957784,0.026142504125644,0.0219647801026655,0.00281660307657062,0.0149872014179625,0.0244167516738921,0.133656569907152,0.0651798711817657,0.0422508329296403,0.00284135441476856,0.0265932557245628,0.0629193838651944,0.0372350268292972,0.0100935573283278,0.00274653527590757,0.00251017047737947,NA,0.0184431129945132,0.0067835419418413,0.0152817527111862,0.0108355161825157,0.00402298747699188,0.00954998074914133,0.00342771824504623,0.0235873328477386,0.226233714185446,0.0121390809815012,0.00890464544659199,0.00727710972874435,0.00618212221100159,0.0105916566224064,0.00132524708477456,0.0190881720861912,0.0197166058691858,0.0214612947497253,0.0219738252862908,0.015188747500115,0.0123209034925413,0.00845495594728752
"KEN",0.0184874834343823,0.0403624832468027,0.00597299263487836,0.00690728268207174,0.00330954117513948,0.00874003578650428,0.00759587047682291,0.0148913190468013,0.0697587295811991,0.00699697573468334,0.00905401115588062,0.176734338747271,0.0033126584376142,0.00937756792035482,0.00401066265168649,0.00126941542770807,0.00112828844413656,0.00251926798088103,NA,0.00240861832977411,0.00618300836573175,0.0265566691854377,0.00194462287855853,0.0268095046447188,0.00290975283292731,0.00975103391344211,0.041893033938799,0.0454989209675675,0.00409857823724725,0.00288127043634385,0.041432223870672,0.0324450796232339,0.00207281278783632,0.0123192565538424,0.00449597669762762,0.129477473656185,0.162498616567232,0.0186653802960709,0.0208558587928415,0.0143733828590919
"LBR",0.011883344880308,0.0049218635319732,0.0261640101848037,0.0490578094133635,0.00163844202215893,0.00437771446364713,0.19725664008043,0.0176569724518956,0.0212963852723468,0.00574026883949498,0.00172231493879842,0.0150706160349979,0.00397802754533308,0.0772103530242862,0.108336517438841,0.0137728200835726,0.014816550269002,0.00370971420934647,0.00964299154822788,NA,0.0346000953716027,0.00623944006476963,0.011442880982722,0.00514126154361277,0.00203474988222945,0.0168180578849618,0.087285791473573,0.00515370930436014,0.0426375567756658,0.115362448595443,0.00377081914638877,0.00482944102209764,0.000849726535988567,0.00916165372798424,0.0247931912815435,0.0107845420814655,0.0100435283150771,0.0100662707282341,0.00599518732137264,0.00473629172807904
"MLI",0.0132438424773749,0.00657558162874491,0.0454665525423065,0.138256095416851,0.00185788439970003,0.00666337190445239,0.0719603594684591,0.0259207358614571,0.0278151585187978,0.00718132580610305,0.00269288563190528,0.0224076146541128,0.00472457541697034,0.0800605678769297,0.0438932326173415,0.011892282539903,0.0101973835283857,0.00456005176456711,0.0135069191175203,0.0188794771145369,NA,0.00773101718096023,0.0344747437866059,0.00645659866730055,0.00218217682305446,0.0437086607887309,0.154456518086231,0.00698004859796891,0.0430251481390255,0.0251605001541197,0.00544675249760763,0.00726666809501649,0.00099741974241673,0.0171178715553849,0.0345507038058046,0.0142370523730969,0.0141589594929238,0.0113527589872388,0.00728396897414735,0.00565653396594603
"MOZ",0.0318938435982942,0.0242527283025866,0.00597662896497805,0.00702678918450817,0.0111247321985022,0.00602094328273579,0.00830410246674406,0.0133714504482932,0.0616765077906715,0.00711103970239896,0.00380361175028634,0.0452686335429082,0.00353237709736315,0.00989547284590798,0.0044150428484466,0.00139983282228647,0.00125305805272298,0.00258068571393362,0.0463040497775928,0.00271736007930687,0.00617057373108842,NA,0.00201157228777255,0.199001238046931,0.00686341024019784,0.00830884079044435,0.0387691844866219,0.0225840133702019,0.00447616651135545,0.00323101964861075,0.0138283711551996,0.0115291115798523,0.00999979258396093,0.00862815313643163,0.00462052724239556,0.0994961794249201,0.0376725438076326,0.0609871836746692,0.0659723804127865,0.0979208473984596
"MRT",0.0137600597957457,0.0067730227277722,0.0285415551127451,0.0620091319599994,0.00203637067151889,0.00618269427386583,0.0614516507762463,0.0221011797295519,0.0277718902410608,0.00675262181644754,0.00284328236862068,0.0236581285813415,0.00434906720973392,0.0555856250279638,0.0592512701986596,0.0262444901639234,0.0196735041504752,0.0040258261570978,0.0142462836675516,0.0209390887904399,0.115614093622953,0.0084519412190993,NA,0.00696686852903841,0.00239056725707306,0.0314951704942562,0.113268986144386,0.00715793524307955,0.104104836652693,0.0337164262982782,0.0058942454304325,0.00730194445332818,0.0011139902792967,0.0152558278861756,0.022789089496597,0.0150843122570871,0.0145453653647626,0.0127395312390696,0.0077493581139848,0.00616276659764832
"MWI",0.0296567396908072,0.0292497584944141,0.00533548838242163,0.0061974934455677,0.00824769327182081,0.00586778431916566,0.00725061523688087,0.0125042219358201,0.0661246354545809,0.00682130494219099,0.00354174893905214,0.0435846813628932,0.00329793663416723,0.00874073335254436,0.00381552599358368,0.00120170192017432,0.00107588075958585,0.00238846868633383,0.0490869112662993,0.00235127168760923,0.00541158199148506,0.208971625765464,0.00174119870004498,NA,0.00548375260723593,0.00750918721059536,0.0353099102754783,0.0262830816598508,0.00384897765416477,0.00278547372807254,0.012841215520182,0.0115809569500478,0.00559798775630215,0.00803434982139871,0.0041081845900458,0.139550203228415,0.0409187001300114,0.0409335481087523,0.0788837426758791,0.0638657258506608
"NAM",0.105608607402034,0.0188359943540584,0.0106901345856389,0.0124651224969686,0.0372832922440231,0.00795795250416875,0.0159307677868342,0.0220736777490838,0.0754822367017095,0.0127938121365558,0.00354884810164332,0.0370364927254416,0.00696364897663542,0.0186037186651376,0.00823910972501519,0.00254274407227199,0.0023063088216252,0.00489871560833097,0.0304433941927386,0.00531745966608709,0.0104513031522529,0.0411842875134054,0.0034140646557013,0.0313355924018937,NA,0.0125700417433864,0.0651361299438475,0.0182910624240525,0.00805894032382061,0.00616104882043176,0.0101110452626231,0.011176620138674,0.0081460074665642,0.0114460733503282,0.00849705054974397,0.0465014812353253,0.030239827386733,0.143256196114866,0.0482017539399289,0.0467994350604197
"NER",0.0159921151409202,0.00950843084368823,0.0395046662259819,0.0434552010930142,0.00214265777726551,0.0131806297577609,0.0311632568321434,0.0490560617371713,0.0410096145626029,0.0105537375394447,0.00424856727102211,0.0340679202748746,0.00650151679000919,0.0458445403781541,0.0151589336237862,0.004424336114307,0.003887534610714,0.00647555596643518,0.0195978645910203,0.0084428705320222,0.0402132450875244,0.00957752182699938,0.00864043988004811,0.00824278745971953,0.00241467026570246,NA,0.322834103480145,0.0102983289668414,0.0148794309082929,0.0100860911009232,0.00771080732069412,0.0123542989645507,0.00115094157117168,0.0524375891164659,0.0250750037017323,0.0194872975683911,0.0216575521801266,0.0126509673540506,0.0092292684520012,0.00684364313228163
"NGA",0.0219622842867395,0.0111357998722927,0.0860181218274838,0.0536625493682592,0.00262088433369714,0.0166776280523203,0.0426709942205165,0.122901186634119,0.0534743472313965,0.0180030421650868,0.00380022748058921,0.0328916478356487,0.0127002698926937,0.076905409503294,0.017205794192754,0.0045818632318067,0.00413775658517877,0.0152123020394647,0.0206224038675136,0.010732409361717,0.0348054497024049,0.01094557968976,0.00761100996815389,0.00949329927933771,0.0030646610885183,0.0790712846728866,NA,0.0119550465794194,0.0151804208291255,0.0117947541113673,0.00753264435694478,0.01262706565295,0.00133437848344342,0.0370102832837367,0.0497171125452833,0.0219346018894234,0.0236435504745696,0.014993882049643,0.0112464354998871,0.00812161786057367
"RWA",0.0178426747197543,0.29663176288696,0.00440308969526236,0.00489301011359508,0.00256621891329323,0.00802180444654159,0.00542865144315777,0.0126693008813298,0.120497931047535,0.00702207660506274,0.00348698296497243,0.0463032464222632,0.00302726746662139,0.00685325995376562,0.00276711627601919,0.000854303449750394,0.000763804321072812,0.00218760651510205,0.0600266845650999,0.00169831943253791,0.00421546260228644,0.0170883058732511,0.00128903535136224,0.0189383713484521,0.00230645624410009,0.00676008154060217,0.0320403357109213,NA,0.00275646767862585,0.00199513020131553,0.010161397379144,0.0201654213887894,0.00137929745912784,0.00854511874095267,0.00331666028721358,0.0862846749925942,0.130948022233442,0.0130329520545567,0.0199680722772746,0.0108636245162924
"SEN",0.0100071996413903,0.00458733432087687,0.0185457801527816,0.038141398860266,0.00148098405141033,0.0039875306757868,0.0555907970128957,0.0145406016497334,0.0189737480196089,0.00468266861446769,0.00179480991930529,0.0152878571708586,0.00306753797956758,0.0409988112239134,0.0960779796495029,0.236251242997416,0.0881003851930647,0.00280638072945137,0.00945633931573842,0.0245718768065925,0.0454418210214348,0.00592312200908013,0.0327864600134717,0.00485018485884756,0.00177717741747593,0.0170811872264114,0.071150204812803,0.00482058186441496,NA,0.0540433738415858,0.00385668296329069,0.00470594024444481,0.000800556306691304,0.00908206043013001,0.0156590991086842,0.0102730920057752,0.00963185253779603,0.00931655100686206,0.00546387671919785,0.00438491162697441
"SLE",0.00991592765134696,0.00424696749480446,0.0199846326473133,0.0398336488115455,0.0014108397467877,0.00371789096399515,0.0983790211191449,0.0143765048069396,0.0180415324807748,0.00468432778658849,0.0015437064812861,0.013395178461025,0.00317063456939748,0.052030927987274,0.278771244487558,0.0232770075281534,0.0287191881463275,0.00292529984209089,0.00847920914190206,0.0847992459929203,0.0338948822215887,0.00545337735813027,0.0135439912282765,0.00447706577686191,0.00173296185353763,0.0147684910806434,0.070511952645479,0.00445040267067426,0.0689324889918491,NA,0.00336781468332197,0.0042203655770359,0.00074330522556577,0.00800394891403855,0.0180247884640625,0.00939993006341173,0.00874639221569839,0.00876557863556428,0.00515388535488828,0.00410544089219672
"SOM",0.0164375700551206,0.0207697316584451,0.00661922763022473,0.00791348078119088,0.00313226686789589,0.00791137765528828,0.0086338410682447,0.0147665736316402,0.0502135302592825,0.00631680381834423,0.0176468413769606,0.327338306210714,0.00315839980310463,0.0104701728507296,0.00469613521117448,0.00151913314344286,0.00134286144200329,0.00248016663709029,0.121686214142283,0.00276627301068322,0.00732292036265571,0.0232931803853252,0.00236300779267435,0.02059834625129,0.00283832562523223,0.0112679497180257,0.0449420754148744,0.0226210787204138,0.00490938687039625,0.00336108887892067,NA,0.0251168899903722,0.00209214739861949,0.0137038662946008,0.00498159372131021,0.063139461613917,0.0634498637338818,0.0191033631554546,0.016328303699815,0.0127482431183571
"SSD",0.0198061333810225,0.0322627445415894,0.00881087749668289,0.00984372564468629,0.00289128545708791,0.0208191839015547,0.0102920574097397,0.0253478173910059,0.092289783944858,0.010495496295693,0.0127867234802161,0.151798673918448,0.00483410349529926,0.0131964378997938,0.0052997144793692,0.00164857216027553,0.00146382478784999,0.00379969902683966,0.0852106757345534,0.0031680952674904,0.00873622929486056,0.0173658335776388,0.00261768565621377,0.016611647103246,0.00280555433688837,0.016143778344107,0.0673674532061671,0.0401429428601972,0.00535675465478932,0.00376637807371085,0.0224599038852653,NA,0.00163961497296044,0.0261614368801258,0.00648944335804762,0.055489899622091,0.147105062807951,0.0161068112629995,0.016553184543668,0.0110147598450166
"SWZ",0.0366860625368888,0.0166551850698841,0.00667672089446242,0.00798070405057747,0.0230636981873967,0.00562912356026875,0.00974709052201978,0.0137913629616905,0.0520716602755505,0.00723782753921513,0.0033279033040124,0.0364589606560245,0.00377863687453805,0.011353251720354,0.00524104979611486,0.00167067111098762,0.00149958435215235,0.00277348344448473,0.0317576720529738,0.00325180101487204,0.00699536009742638,0.0878686996902833,0.00232972030497788,0.0468428821776235,0.0119287905385033,0.0087737200183464,0.0415307846668567,0.0160178143946482,0.00531606944893215,0.00386976366107046,0.0109138435537535,0.00956500697233091,NA,0.00847967717319223,0.00522384190595294,0.0521361794835489,0.0276722531931596,0.242175936373174,0.044520593580849,0.0871866128409022
"TCD",0.0210304920703,0.0160964665650752,0.0226711009672343,0.0242202826501286,0.00281746640015892,0.0317826882063977,0.0218611886218825,0.0618207974405219,0.0676522350620604,0.0146761986421252,0.00810935849301796,0.0630704368889541,0.00787525341020356,0.0301220997672337,0.0109065583422719,0.00330266289825831,0.00291669242673248,0.00721958817930163,0.0341108422781917,0.0063363333600159,0.0216970775783954,0.0137018880710546,0.00576603836050044,0.0121501535114392,0.00302919685231474,0.0722424679788119,0.208177063741761,0.0179342321027198,0.0108993980450827,0.00753079676552064,0.0129195658912638,0.0275819122140505,0.00153249364402405,NA,0.0156627378348622,0.0312089796572742,0.0403271651950555,0.0162535994809057,0.0132998797455119,0.00948661065938546
"TGO",0.00879122963777556,0.00389059227424832,0.200544053204739,0.0729700129112758,0.00109708270943086,0.00431462290714814,0.0540089038166447,0.0222948448241093,0.0178712170696244,0.00556161893494233,0.00133296122718849,0.0115973145693577,0.00410402569956077,0.250051227336064,0.0148883013561203,0.00334159107215938,0.00309911558281435,0.00441143881721024,0.0073643092398294,0.0101437046907013,0.0259064794481159,0.00434064359413939,0.00509528807048017,0.00367520017626718,0.00133026815832807,0.020435764317392,0.165430807261178,0.00411780424026895,0.0111169312667044,0.0100324456967671,0.00277826159543844,0.00404734519299971,0.000558482295402327,0.00926547525242313,NA,0.0080719852644912,0.00804366614486354,0.00645023387633072,0.00435255154687918,0.00327219872058717
"TZA",0.0273128117730149,0.0715452649360724,0.00620316125689079,0.00712037926419657,0.00531351544722686,0.00829265897527473,0.00807935365010298,0.015552536972082,0.0949183932358848,0.00823460175973625,0.00538588073781335,0.0749523023761918,0.00383565429240019,0.00991694966502806,0.00422385809024905,0.00132622501032555,0.00118435882455352,0.00280827003127823,0.124032935748053,0.00258048130225274,0.00624318815582124,0.054664305906792,0.00197243238092635,0.0730123561667722,0.00425767612004444,0.00928830220760893,0.0426849806076525,0.0626517511577213,0.00426534501676158,0.0030598215880671,0.0205939922780574,0.0202400499708955,0.00325981856660901,0.0107972817133178,0.00472079564883216,NA,0.095650312758015,0.0277180807192254,0.0449943114617298,0.0271056042265222
"UGA",0.0197005537576851,0.0660987636302182,0.00629263443315399,0.00707680810127747,0.00302908446764983,0.0118938679092607,0.00769653545171493,0.0175065792355153,0.101899624050507,0.00852053388736343,0.00729167663221706,0.111233287331247,0.00383021419197859,0.00970437121181858,0.00397236090180095,0.00123750264660632,0.00110238562892991,0.00287734562044039,0.155774330163433,0.00240485410211669,0.00621328247839005,0.0207121793648772,0.00190328867098872,0.0214235352088916,0.00277069397850664,0.0103299330825082,0.0460427700447011,0.0951484917459381,0.00400189999635745,0.00284907478278841,0.020709698826445,0.0536943611079592,0.0017314189514394,0.013961625198429,0.00470752132356294,0.095717161843717,NA,0.0163203615499322,0.0201031276756261,0.012516260814008
"ZAF",0.0610495085543621,0.0211730631090545,0.0103848319039467,0.0124406925382685,0.0475403403489317,0.00805042144806965,0.0155336639051521,0.0208074784152053,0.0725207203490741,0.0110204228861986,0.00438932224036222,0.0466070412397958,0.00589854534238189,0.0179253690961276,0.00833396622622626,0.00264603163117886,0.00238285991294934,0.00431340713023092,0.0388056705609383,0.00522736898649947,0.0108044658861508,0.0727196124096413,0.00361531048738346,0.0464794333276611,0.0284665471961615,0.0130865147460134,0.0633249660299083,0.0205379876158297,0.00839505794237725,0.00619252281687824,0.0135227508435479,0.0127503690198685,0.0328625119355989,0.0122039370746347,0.00818701990112154,0.0601559650721297,0.035394998697885,NA,0.054203041938351,0.0800462612339039
"ZMB",0.0619673001734192,0.0350620680082916,0.0070170326770886,0.00798966782023269,0.0144099936214534,0.00767714313739984,0.00948151040943475,0.0171701465226318,0.10546702180386,0.0104516395477751,0.00359574123989177,0.0418612998215655,0.00493769065606025,0.0115326107591866,0.0048801005877641,0.00151192529268707,0.00135965983477611,0.00343779602051114,0.042601558424746,0.00305883722667013,0.0068109709966869,0.0772883775566523,0.00216071229449586,0.0880051323987471,0.00941072924875058,0.00938008127769462,0.0466675317262438,0.0309164976427448,0.00483736082279974,0.00357734510356136,0.0113562604212923,0.0128746016507029,0.00593567036324846,0.00981154001362306,0.00542791910550245,0.0959427611218982,0.0428365824619926,0.0532552857760765,NA,0.0880338964318405
"ZWE",0.0458210807597844,0.0222034536958537,0.00642535934840834,0.00749673870399025,0.0254604448054595,0.00613381602164032,0.00902657817399561,0.0143890239312923,0.0666537497480586,0.00807859872804286,0.00330892917832229,0.0376729514742186,0.0040378170443822,0.0107447858089103,0.00474554612134621,0.00149047541906806,0.00133918533659201,0.00289026748333871,0.0359704227312898,0.00296060994301216,0.00648008170919097,0.140545303717826,0.00210521313574268,0.0872926111216466,0.0111941258962032,0.00852149545921383,0.0412887395250675,0.0206071548635465,0.00475617225680491,0.00349120239943043,0.01086259906095,0.0104958210004381,0.0142412389486788,0.00857412244519931,0.00499940422663595,0.0708113435220459,0.032674949706823,0.0963538894419801,0.10785469710557,NA
