"","x"
"AGO",0.000235148472686559
"BDI",0.000444686524128194
"BEN",0.00048863772614028
"BFA",0.000302564067319616
"BWA",0.000604905057881939
"CAF",0.00036820016547444
"CIV",0.000326498089799105
"CMR",0.000393526000794756
"COD",0.000719052137886281
"COG",0.000374564026692555
"ERI",0.000118652057916439
"ETH",5.79805323267447e-05
"GAB",0.000632090298318661
"GHA",0.000323874478957746
"GIN",0.000384692972120348
"GMB",0.00044654600461649
"GNB",0.000387434436120607
"GNQ",0.000488861965339393
"KEN",0.000334508787891821
"LBR",0.000165252324070721
"MLI",0.000383142038028279
"MOZ",0.000305737779431274
"MRT",0.000377741472132367
"MWI",0.000386982796606239
"NAM",0.000794483870000433
"NER",0.00043668452746569
"NGA",0.000578574845332197
"RWA",0.000475785512184844
"SEN",0.000424541100660345
"SLE",0.000374355862402232
"SOM",0.000267429273782842
"SSD",0.000208377522294081
"SWZ",0.000408271371933943
"TCD",9.82546563023196e-05
"TGO",0.000458124046395188
"TZA",0.000307740557340249
"UGA",0.000453910325987709
"ZAF",0.000487679317819091
"ZMB",0.00041330115170932
"ZWE",0.000513508827362081
