"country_name","country_iso_code","response","parameter","mean","se","ci_lo","ci_hi","envelope_scale","inferred_from_neighbor"
"Angola","AGO","precipitation","a_1",1.18128165441589,0.0104385818677015,1.16082203395519,1.20174127487658,NA,NA
"Angola","AGO","precipitation","b_1",0.360216932666565,0.0104517168069642,0.339731567724915,0.380702297608215,NA,NA
"Angola","AGO","precipitation","a_2",0.0432655554071112,0.0104397572241676,0.0228036312477426,0.0637274795664797,NA,NA
"Angola","AGO","precipitation","b_2",-0.00679144408702871,0.0104505410187946,-0.0272745044838662,0.0136916163098087,NA,NA
"Angola","AGO","cases","a_1",-0.192342797620202,0.0912467963956898,-0.371186518555754,-0.0134990766846498,0.885275226651748,NA
"Angola","AGO","cases","b_1",1.11224979807778,0.0917075653664054,0.932502969959625,1.29199662619593,0.885275226651748,NA
"Angola","AGO","cases","a_2",-0.29546525357825,0.0919554534407375,-0.475697942322095,-0.115232564834404,0.885275226651748,NA
"Angola","AGO","cases","b_2",-0.208651015372724,0.0910083951865632,-0.387027469938388,-0.0302745608070602,0.885275226651748,NA
"Burundi","BDI","precipitation","a_1",0.69270691376165,0.0102545418663129,0.672608011703677,0.712805815819624,NA,NA
"Burundi","BDI","precipitation","b_1",0.235370833641743,0.0102674452511519,0.215246640949486,0.255495026334001,NA,NA
"Burundi","BDI","precipitation","a_2",-0.255667759108962,0.0102556963295679,-0.275768923914915,-0.235566594303009,NA,NA
"Burundi","BDI","precipitation","b_2",-0.275235332693116,0.0102662899091012,-0.295357260914955,-0.255113404471278,NA,NA
"Burundi","BDI","cases","a_1",-0.384226500982326,0.0450739988403272,-0.472571538709367,-0.295881463255285,1,NA
"Burundi","BDI","cases","b_1",-0.355721613304817,0.0466001477243884,-0.447057902844618,-0.264385323765015,1,NA
"Burundi","BDI","cases","a_2",-0.338449821663567,0.0456994888159786,-0.428020819742885,-0.248878823584249,1,NA
"Burundi","BDI","cases","b_2",0.0805599122948844,0.0459236638757863,-0.00945046890165678,0.170570293491426,1,NA
"Benin","BEN","precipitation","a_1",-1.03753524157312,0.0113659313761585,-1.05981246707039,-1.01525801607585,NA,NA
"Benin","BEN","precipitation","b_1",-0.595273310282043,0.0113802331960045,-0.617578567346212,-0.572968053217874,NA,NA
"Benin","BEN","precipitation","a_2",-0.129028199170184,0.0113672109716312,-0.151307932674581,-0.106748465665786,NA,NA
"Benin","BEN","precipitation","b_2",0.384303676530625,0.0113789525330809,0.362000929565786,0.406606423495463,NA,NA
"Benin","BEN","cases","a_1",0.108303562225685,0.0696820718138094,-0.0282732985293814,0.244880422980751,0.760831123045445,NA
"Benin","BEN","cases","b_1",-0.985530447550171,0.0691964889367623,-1.12115556586623,-0.849905329234117,0.760831123045445,NA
"Benin","BEN","cases","a_2",-0.46397862762533,0.0694466659762706,-0.60009409293882,-0.32786316231184,0.760831123045445,NA
"Benin","BEN","cases","b_2",-0.273072474023001,0.0694301596541417,-0.409155586945118,-0.136989361100883,0.760831123045445,NA
"Burkina Faso","BFA","precipitation","a_1",-1.27451685819983,0.0161521162226886,-1.3061750059963,-1.24285871040336,NA,NA
"Burkina Faso","BFA","precipitation","b_1",-0.956003974343648,0.0161724407448826,-0.987701958203618,-0.924305990483678,NA,NA
"Burkina Faso","BFA","precipitation","a_2",0.0787224397578608,0.0161539348222832,0.0470607275061857,0.110384152009536,NA,NA
"Burkina Faso","BFA","precipitation","b_2",0.915365110242462,0.0161706209131414,0.883670693252705,0.947059527232219,NA,NA
"Burkina Faso","BFA","cases","a_1",-0.885020662003698,0.120175573830429,-1.12056478671134,-0.649476537296057,0.538687591001153,NA
"Burkina Faso","BFA","cases","b_1",-0.453753989318788,0.122128406284666,-0.693125665636733,-0.214382313000843,0.538687591001153,NA
"Burkina Faso","BFA","cases","a_2",0.443861731619451,0.12149177476096,0.20573785308797,0.681985610150932,0.538687591001153,NA
"Burkina Faso","BFA","cases","b_2",0.494632092705586,0.120791266862122,0.257881209655827,0.731382975755346,0.538687591001153,NA
"Botswana","BWA","precipitation","a_1",1.39311689915272,0.0302617773933867,1.33380381546168,1.45242998284375,NA,NA
"Botswana","BWA","precipitation","b_1",0.548431932212937,0.0302998561641585,0.489044214131187,0.607819650294688,NA,NA
"Botswana","BWA","precipitation","a_2",0.493861460591374,0.030265184753547,0.434541698474422,0.553181222708326,NA,NA
"Botswana","BWA","precipitation","b_2",0.426759181793891,0.0302964465557528,0.367378146544615,0.486140217043166,NA,NA
"Botswana","BWA","cases","a_1",0.896906581182144,0.0799749896260184,0.740155601515148,1.05365756084914,0.636277082841103,"Zambia"
"Botswana","BWA","cases","b_1",0.45243335963254,0.0813707928562965,0.292946605634198,0.611920113630881,0.636277082841103,"Zambia"
"Botswana","BWA","cases","a_2",0.447463753984976,0.0809829345784138,0.288737202211285,0.606190305758667,0.636277082841103,"Zambia"
"Botswana","BWA","cases","b_2",0.462823718821633,0.0803489457398564,0.305339785171515,0.620307652471752,0.636277082841103,"Zambia"
"Central African Republic","CAF","precipitation","a_1",-0.896191618091498,0.00805220772944251,-0.911973945241205,-0.88040929094179,NA,NA
"Central African Republic","CAF","precipitation","b_1",-0.598699841146978,0.0080623399536368,-0.614502027456106,-0.58289765483785,NA,NA
"Central African Republic","CAF","precipitation","a_2",-0.223676914964618,0.00805311434434446,-0.239461019079533,-0.207892810849703,NA,NA
"Central African Republic","CAF","precipitation","b_2",0.212711985884627,0.00806143268075319,0.19691157783035,0.228512393938903,NA,NA
"Central African Republic","CAF","cases","a_1",-0.667641748716229,0.0871022801712644,-0.838362217851907,-0.496921279580551,0.425197208275317,NA
"Central African Republic","CAF","cases","b_1",-0.532804248995363,0.0885176774314719,-0.706298896761048,-0.359309601229678,0.425197208275317,NA
"Central African Republic","CAF","cases","a_2",0.18804765091775,0.0880562517750984,0.015457397438557,0.360637904396943,0.425197208275317,NA
"Central African Republic","CAF","cases","b_2",0.74988994158728,0.0875485298973135,0.578294822988545,0.921485060186014,0.425197208275317,NA
"Côte d’Ivoire","CIV","precipitation","a_1",-0.696340494886259,0.00912353448308533,-0.714222622473107,-0.678458367299412,NA,NA
"Côte d’Ivoire","CIV","precipitation","b_1",-0.321424391447775,0.00913501471551833,-0.339329020290191,-0.30351976260536,NA,NA
"Côte d’Ivoire","CIV","precipitation","a_2",-0.258013102406162,0.00912456162967555,-0.275897243200327,-0.240128961611998,NA,NA
"Côte d’Ivoire","CIV","precipitation","b_2",0.044362080525227,0.00913398676809699,0.0264594664597569,0.062264694590697,NA,NA
"Côte d’Ivoire","CIV","cases","a_1",-0.522990924314844,0.143272632290994,-0.803805283605193,-0.242176565024496,0.61067228929019,NA
"Côte d’Ivoire","CIV","cases","b_1",-0.131235558322735,0.145478305316206,-0.4163730367425,0.153901920097029,0.61067228929019,NA
"Côte d’Ivoire","CIV","cases","a_2",0.698486336456983,0.144428894114643,0.415405703992282,0.981566968921684,0.61067228929019,NA
"Côte d’Ivoire","CIV","cases","b_2",0.455120565239475,0.1442973886189,0.172297683546432,0.737943446932518,0.61067228929019,NA
"Cameroon","CMR","precipitation","a_1",-0.696799952572202,0.00617287092005026,-0.7088987795755,-0.684701125568903,NA,NA
"Cameroon","CMR","precipitation","b_1",-0.415102693839847,0.00618063833787476,-0.427216744982082,-0.402988642697613,NA,NA
"Cameroon","CMR","precipitation","a_2",-0.271348722212318,0.00617356594863951,-0.283448911471651,-0.259248532952984,NA,NA
"Cameroon","CMR","precipitation","b_2",-0.0195151543328863,0.00617994277579556,-0.0316278421734456,-0.00740246649232704,NA,NA
"Cameroon","CMR","cases","a_1",-0.529610547125853,0.0488850217433083,-0.625425189742738,-0.433795904508969,1,NA
"Cameroon","CMR","cases","b_1",0.0496730023681175,0.0489465340719586,-0.0462622044129213,0.145608209149156,1,NA
"Cameroon","CMR","cases","a_2",-0.347765010163192,0.0488905254324335,-0.443590440010761,-0.251939580315622,1,NA
"Cameroon","CMR","cases","b_2",-0.0139394064647489,0.0489410267053559,-0.109863818807246,0.0819850058777487,1,NA
"Democratic Republic of Congo","COD","precipitation","a_1",0.470011745779198,0.00645661170857663,0.457356786830388,0.482666704728009,NA,NA
"Democratic Republic of Congo","COD","precipitation","b_1",-0.0477464987297311,0.00646473612788405,-0.0604173815403839,-0.0350756159190784,NA,NA
"Democratic Republic of Congo","COD","precipitation","a_2",-0.261680395144239,0.00645733864487021,-0.274336778888185,-0.249024011400293,NA,NA
"Democratic Republic of Congo","COD","precipitation","b_2",-0.173499857640299,0.0064640086476166,-0.186169314589628,-0.160830400690971,NA,NA
"Democratic Republic of Congo","COD","cases","a_1",0.0319801202037487,0.0216295532636711,-0.0104138041930466,0.074374044600544,1,NA
"Democratic Republic of Congo","COD","cases","b_1",-0.107098951319105,0.0218810427138159,-0.149985795038184,-0.0642121076000256,1,NA
"Democratic Republic of Congo","COD","cases","a_2",-0.0839132422425602,0.0217922851596919,-0.126626121155556,-0.041200363329564,1,NA
"Democratic Republic of Congo","COD","cases","b_2",0.0383533833098985,0.0217102042963118,-0.00419861711087257,0.0809053837306695,1,NA
"Congo","COG","precipitation","a_1",0.305230611578689,0.00650001408926425,0.292490583963731,0.317970639193647,NA,NA
"Congo","COG","precipitation","b_1",-0.0906896235001164,0.00650819307088909,-0.103445681919059,-0.0779335650811738,NA,NA
"Congo","COG","precipitation","a_2",-0.351746777605524,0.00650074584996668,-0.364488239471459,-0.33900531573959,NA,NA
"Congo","COG","precipitation","b_2",-0.275400606899317,0.00650746079259812,-0.288155230052809,-0.262645983745825,NA,NA
"Congo","COG","cases","a_1",-0.7234110380163,0.0781267118968711,-0.876539393334168,-0.570282682698433,0.539032118781969,NA
"Congo","COG","cases","b_1",-0.507920994779194,0.0794801114818009,-0.663702013283524,-0.352139976274865,0.539032118781969,NA
"Congo","COG","cases","a_2",0.281016263457018,0.0793366658902755,0.125516398312078,0.436516128601958,0.539032118781969,NA
"Congo","COG","cases","b_2",0.702483002693859,0.0782538212055396,0.549105513131001,0.855860492256717,0.539032118781969,NA
"Eritrea","ERI","precipitation","a_1",-0.787979880978179,0.0229793367827567,-0.833019381072382,-0.742940380883976,NA,NA
"Eritrea","ERI","precipitation","b_1",-0.589753937812256,0.0230082517147044,-0.634850111173076,-0.544657764451435,NA,NA
"Eritrea","ERI","precipitation","a_2",0.233694282669956,0.0229819239685246,0.188649711691648,0.278738853648265,NA,NA
"Eritrea","ERI","precipitation","b_2",0.834614340015101,0.0230056629000457,0.789523240731012,0.879705439299191,NA,NA
"Eritrea","ERI","cases","a_1",-0.495254300732113,0.0556295381806349,-0.604288195566157,-0.386220405898068,0.640575394434597,"Niger"
"Eritrea","ERI","cases","b_1",-0.81358164226118,0.0566674915300141,-0.924649925660007,-0.702513358862352,0.640575394434597,"Niger"
"Eritrea","ERI","cases","a_2",-0.386921889770879,0.0558689417501883,-0.496425015601248,-0.27741876394051,0.640575394434597,"Niger"
"Eritrea","ERI","cases","b_2",0.54633848339577,0.0564173585459187,0.435760460645769,0.65691650614577,0.640575394434597,"Niger"
"Ethiopia","ETH","precipitation","a_1",-0.86718511142065,0.0102861019074068,-0.887345871159168,-0.847024351682133,NA,NA
"Ethiopia","ETH","precipitation","b_1",-0.359969789508006,0.0102990449437264,-0.38015591759771,-0.339783661418302,NA,NA
"Ethiopia","ETH","precipitation","a_2",-0.196061658541153,0.010287260010994,-0.216224688162701,-0.175898628919605,NA,NA
"Ethiopia","ETH","precipitation","b_2",0.0941809368452993,0.0102978860779111,0.0739970801325935,0.114364793558005,NA,NA
"Ethiopia","ETH","cases","a_1",-0.375835797751952,0.0377787893455812,-0.449882224869291,-0.301789370634613,1,NA
"Ethiopia","ETH","cases","b_1",0.0827159827237471,0.0378986072018003,0.00843471260821851,0.156997252839276,1,NA
"Ethiopia","ETH","cases","a_2",-0.319346380938436,0.0380412730708928,-0.393907276157385,-0.244785485719486,1,NA
"Ethiopia","ETH","cases","b_2",0.213982229076241,0.0376281104142071,0.140231132664395,0.287733325488087,1,NA
"Gabon","GAB","precipitation","a_1",0.447764123112223,0.00672540483932902,0.434582329627138,0.460945916597308,NA,NA
"Gabon","GAB","precipitation","b_1",0.0110318289626448,0.00673386756141984,-0.00216655145773806,0.0242302093830277,NA,NA
"Gabon","GAB","precipitation","a_2",-0.282688090225668,0.00672616210249214,-0.295871367946553,-0.269504812504784,NA,NA
"Gabon","GAB","precipitation","b_2",-0.35622108266339,0.00673310975657892,-0.369417977786285,-0.343024187540495,NA,NA
"Gabon","GAB","cases","a_1",0.322771530431035,0.156274227462824,0.0164740446039003,0.629069016258169,0.779416551842228,"Rwanda"
"Gabon","GAB","cases","b_1",1.03976365554321,0.261015013092938,0.528174229881051,1.55135308120537,0.779416551842228,"Rwanda"
"Gabon","GAB","cases","a_2",-0.385857312238706,0.204845337517583,-0.78735417377317,0.0156395492957576,0.779416551842228,"Rwanda"
"Gabon","GAB","cases","b_2",0.383708898853907,0.203345800065816,-0.0148488692750923,0.782266666982907,0.779416551842228,"Rwanda"
"Ghana","GHA","precipitation","a_1",-0.767757615534996,0.0102564102655827,-0.787860179655538,-0.747655051414454,NA,NA
"Ghana","GHA","precipitation","b_1",-0.378876881809966,0.0102693159900951,-0.399004741150552,-0.35874902246938,NA,NA
"Ghana","GHA","precipitation","a_2",-0.266976185934624,0.0102575650650661,-0.287081013462153,-0.246871358407094,NA,NA
"Ghana","GHA","precipitation","b_2",0.0930746308291145,0.0102681604509784,0.0729490363451968,0.113200225313032,NA,NA
"Ghana","GHA","cases","a_1",-0.0601546278618556,0.0737869341125276,-0.20477701872241,0.0844677629986985,0.679735946573357,NA
"Ghana","GHA","cases","b_1",-0.927393753573521,0.073010113277551,-1.07049357559752,-0.78429393154952,0.679735946573357,NA
"Ghana","GHA","cases","a_2",-0.381366857297255,0.0735951088304952,-0.525613270605025,-0.237120443989484,0.679735946573357,NA
"Ghana","GHA","cases","b_2",0.285605844081418,0.0731934326330066,0.142146716120725,0.429064972042111,0.679735946573357,NA
"Guinea","GIN","precipitation","a_1",-1.09205714767779,0.00774801167755493,-1.1072432505658,-1.07687104478978,NA,NA
"Guinea","GIN","precipitation","b_1",-0.84267716405313,0.00775776114711559,-0.857882375901477,-0.827471952204784,NA,NA
"Guinea","GIN","precipitation","a_2",-0.00129979739218478,0.00774888449005269,-0.016487610992688,0.0138880162083185,NA,NA
"Guinea","GIN","precipitation","b_2",0.495884160229148,0.00775688815000063,0.480680659455147,0.51108766100315,NA,NA
"Guinea","GIN","cases","a_1",-0.563174353654901,0.0823839661997086,-0.72464692740633,-0.401701779903472,0.522026563465236,NA
"Guinea","GIN","cases","b_1",-0.652858211484031,0.0824205169588156,-0.81440242472331,-0.491313998244753,0.522026563465236,NA
"Guinea","GIN","cases","a_2",-0.139709695540687,0.0824895950791078,-0.301389301895739,0.021969910814364,0.522026563465236,NA
"Guinea","GIN","cases","b_2",0.750124186532777,0.0823144913336428,0.588787783518837,0.911460589546717,0.522026563465236,NA
"Gambia","GMB","precipitation","a_1",-1.11523388568347,0.0233344139151128,-1.16096933695709,-1.06949843440985,NA,NA
"Gambia","GMB","precipitation","b_1",-1.3408144618032,0.0233637758884837,-1.38660746254463,-1.29502146106177,NA,NA
"Gambia","GMB","precipitation","a_2",-0.230226025063518,0.0233370410092483,-0.275966625441645,-0.184485424685392,NA,NA
"Gambia","GMB","precipitation","b_2",1.12528818025549,0.0233611468879675,1.07950033235507,1.1710760281559,NA,NA
"Gambia","GMB","cases","a_1",-0.885020662003698,0.120175573830429,-1.12056478671134,-0.649476537296057,0.538687591001153,"Burkina Faso"
"Gambia","GMB","cases","b_1",-0.453753989318788,0.122128406284666,-0.693125665636733,-0.214382313000843,0.538687591001153,"Burkina Faso"
"Gambia","GMB","cases","a_2",0.443861731619451,0.12149177476096,0.20573785308797,0.681985610150932,0.538687591001153,"Burkina Faso"
"Gambia","GMB","cases","b_2",0.494632092705586,0.120791266862122,0.257881209655827,0.731382975755346,0.538687591001153,"Burkina Faso"
"Guinea-Bissau","GNB","precipitation","a_1",-1.12606290363195,0.0154547610854414,-1.15635423535942,-1.09577157190449,NA,NA
"Guinea-Bissau","GNB","precipitation","b_1",-1.23407692009415,0.0154742079509243,-1.26440636767796,-1.20374747251034,NA,NA
"Guinea-Bissau","GNB","precipitation","a_2",-0.0469727703769592,0.0154565011446042,-0.0772675126203834,-0.0166780281335351,NA,NA
"Guinea-Bissau","GNB","precipitation","b_2",0.944251375673698,0.0154724666921841,0.913925340957017,0.974577410390379,NA,NA
"Guinea-Bissau","GNB","cases","a_1",-0.885020662003698,0.120175573830429,-1.12056478671134,-0.649476537296057,0.538687591001153,"Burkina Faso"
"Guinea-Bissau","GNB","cases","b_1",-0.453753989318788,0.122128406284666,-0.693125665636733,-0.214382313000843,0.538687591001153,"Burkina Faso"
"Guinea-Bissau","GNB","cases","a_2",0.443861731619451,0.12149177476096,0.20573785308797,0.681985610150932,0.538687591001153,"Burkina Faso"
"Guinea-Bissau","GNB","cases","b_2",0.494632092705586,0.120791266862122,0.257881209655827,0.731382975755346,0.538687591001153,"Burkina Faso"
"Equatorial Guinea","GNQ","precipitation","a_1",0.115803352978513,0.00775469322802883,0.100604154251576,0.131002551705449,NA,NA
"Equatorial Guinea","GNQ","precipitation","b_1",-0.0837115914761834,0.00776445099569892,-0.0989299154277532,-0.0684932675246135,NA,NA
"Equatorial Guinea","GNQ","precipitation","a_2",-0.310118026066153,0.00775556624226376,-0.32531893590099,-0.294917116231316,NA,NA
"Equatorial Guinea","GNQ","precipitation","b_2",-0.379293260047898,0.0077635773041498,-0.394509871564032,-0.364076648531764,NA,NA
"Equatorial Guinea","GNQ","cases","a_1",-0.355209493970391,0.0473704814588049,-0.448055637629649,-0.262363350311133,1,"Somalia"
"Equatorial Guinea","GNQ","cases","b_1",0.799365966825924,0.0490025357537919,0.703320996748492,0.895410936903356,1,"Somalia"
"Equatorial Guinea","GNQ","cases","a_2",-0.266340527672379,0.0479790706466719,-0.360379506139856,-0.172301549204902,1,"Somalia"
"Equatorial Guinea","GNQ","cases","b_2",-0.250457115668691,0.0483365387821197,-0.345196731681646,-0.155717499655736,1,"Somalia"
"Kenya","KEN","precipitation","a_1",0.0346356867185609,0.017798575702498,-0.000249521658335201,0.069520895095457,NA,NA
"Kenya","KEN","precipitation","b_1",0.0726870708997821,0.0178209718795339,0.0377579660158957,0.107616175783668,NA,NA
"Kenya","KEN","precipitation","a_2",-0.319669937504449,0.0178005797232265,-0.354559073761973,-0.284780801246925,NA,NA
"Kenya","KEN","precipitation","b_2",-0.546128396797174,0.0178189664346765,-0.58105357100914,-0.511203222585208,NA,NA
"Kenya","KEN","cases","a_1",0.0971473888420016,0.0598870729584456,-0.0202312741565517,0.214526051840555,1,NA
"Kenya","KEN","cases","b_1",0.616711611069741,0.0609131176521341,0.497321900471558,0.736101321667924,1,NA
"Kenya","KEN","cases","a_2",0.0216107017049068,0.060614940487079,-0.0971945816497681,0.140415985059582,1,NA
"Kenya","KEN","cases","b_2",-0.210475482459024,0.0601748389271721,-0.328418166756282,-0.0925327981617671,1,NA
"Liberia","LBR","precipitation","a_1",-0.621290054024588,0.00908539504229849,-0.639097428307493,-0.603482679741683,NA,NA
"Liberia","LBR","precipitation","b_1",-0.351780153948635,0.00909682723772777,-0.369609935334582,-0.333950372562689,NA,NA
"Liberia","LBR","precipitation","a_2",-0.212319785524638,0.00908641787607943,-0.230129164561753,-0.194510406487522,NA,NA
"Liberia","LBR","precipitation","b_2",0.015061846894493,0.00909580357429143,-0.00276592811111818,0.0328896219001042,NA,NA
"Liberia","LBR","cases","a_1",0.0530893911184938,0.0480267479909975,-0.0410430349438614,0.147221817180849,1,NA
"Liberia","LBR","cases","b_1",0.314390024251532,0.0488950301297748,0.218555765197173,0.41022428330589,1,NA
"Liberia","LBR","cases","a_2",-0.381994228571951,0.0486178464092993,-0.477285207534177,-0.286703249609724,1,NA
"Liberia","LBR","cases","b_2",-0.176516662562475,0.0482937089677136,-0.271172332139194,-0.0818609929857567,1,NA
"Mali","MLI","precipitation","a_1",-1.27318649615998,0.0190408492208403,-1.31050656063282,-1.23586643168713,NA,NA
"Mali","MLI","precipitation","b_1",-1.04872137932556,0.0190648085487724,-1.08608840408115,-1.01135435456996,NA,NA
"Mali","MLI","precipitation","a_2",0.0783698686311932,0.0190429927186493,0.0410456029026405,0.115694134359746,NA,NA
"Mali","MLI","precipitation","b_2",1.02135886932053,0.0190626632638568,0.983996049323376,1.05872168931769,NA,NA
"Mali","MLI","cases","a_1",-0.400318992358793,0.0735537084650301,-0.544484260950252,-0.256153723767334,0.563900983287289,"Chad"
"Mali","MLI","cases","b_1",-0.916414251113663,0.0753316049183028,-1.06406419675354,-0.76876430547379,0.563900983287289,"Chad"
"Mali","MLI","cases","a_2",-0.410334335372638,0.0748716416948202,-0.557082753094486,-0.263585917650791,0.563900983287289,"Chad"
"Mali","MLI","cases","b_2",0.532607941973102,0.0739771054574857,0.38761281527643,0.677603068669774,0.563900983287289,"Chad"
"Mozambique","MOZ","precipitation","a_1",1.21761047899791,0.0132508752053657,1.19163876359539,1.24358219440043,NA,NA
"Mozambique","MOZ","precipitation","b_1",0.634666847934828,0.0132675489680401,0.608662451957469,0.660671243912186,NA,NA
"Mozambique","MOZ","precipitation","a_2",0.375604553167789,0.0132523670464462,0.349629913756754,0.401579192578823,NA,NA
"Mozambique","MOZ","precipitation","b_2",0.477426707144054,0.0132660559173963,0.451425237545957,0.503428176742151,NA,NA
"Mozambique","MOZ","cases","a_1",0.254429899325191,0.0587868486251803,0.139207676019838,0.369652122630545,0.694573133995653,NA
"Mozambique","MOZ","cases","b_1",0.821497276355549,0.0595498474471561,0.704779575359123,0.938214977351975,0.694573133995653,NA
"Mozambique","MOZ","cases","a_2",-0.541387921565254,0.0591511168047101,-0.657324110502486,-0.425451732628022,0.694573133995653,NA
"Mozambique","MOZ","cases","b_2",0.0578484739858724,0.0591688208050765,-0.0581224147920776,0.173819362763822,0.694573133995653,NA
"Mauritania","MRT","precipitation","a_1",-0.852559755386516,0.0353746313522474,-0.921894032836921,-0.783225477936111,NA,NA
"Mauritania","MRT","precipitation","b_1",-1.12107391057359,0.0354191433377308,-1.19049543151554,-1.05165238963164,NA,NA
"Mauritania","MRT","precipitation","a_2",-0.307191342591347,0.0353786139991163,-0.376533426029615,-0.237849259153079,NA,NA
"Mauritania","MRT","precipitation","b_2",1.00618739702679,0.0354151579700989,0.936773687405399,1.07560110664819,NA,NA
"Mauritania","MRT","cases","a_1",-0.885020662003698,0.120175573830429,-1.12056478671134,-0.649476537296057,0.538687591001153,"Burkina Faso"
"Mauritania","MRT","cases","b_1",-0.453753989318788,0.122128406284666,-0.693125665636733,-0.214382313000843,0.538687591001153,"Burkina Faso"
"Mauritania","MRT","cases","a_2",0.443861731619451,0.12149177476096,0.20573785308797,0.681985610150932,0.538687591001153,"Burkina Faso"
"Mauritania","MRT","cases","b_2",0.494632092705586,0.120791266862122,0.257881209655827,0.731382975755346,0.538687591001153,"Burkina Faso"
"Malawi","MWI","precipitation","a_1",1.23880384367189,0.0136848436340929,1.21198155014907,1.26562613719471,NA,NA
"Malawi","MWI","precipitation","b_1",0.701967277837712,0.0137020634918922,0.675111233393603,0.728823322281821,NA,NA
"Malawi","MWI","precipitation","a_2",0.35251936421276,0.0136863844581698,0.325694050674747,0.379344677750773,NA,NA
"Malawi","MWI","precipitation","b_2",0.488059586536634,0.0137005216027044,0.461206564195334,0.514912608877935,NA,NA
"Malawi","MWI","cases","a_1",0.726768459427153,0.0746758399735091,0.580403813079075,0.87313310577523,0.558453270845969,NA
"Malawi","MWI","cases","b_1",0.597752911220548,0.0762146556345037,0.448372186176921,0.747133636264176,0.558453270845969,NA
"Malawi","MWI","cases","a_2",0.210116771411417,0.0754211936597823,0.0622912318382434,0.35794231098459,0.558453270845969,NA
"Malawi","MWI","cases","b_2",0.655698873152986,0.0754228010637505,0.507870183068035,0.803527563237937,0.558453270845969,NA
"Namibia","NAM","precipitation","a_1",1.2781741534669,0.0273508860216474,1.22456641686447,1.33178189006932,NA,NA
"Namibia","NAM","precipitation","b_1",0.756296272754497,0.0273853018672734,0.702621081094641,0.809971464414353,NA,NA
"Namibia","NAM","precipitation","a_2",0.250260223263032,0.0273539653307629,0.196646451214737,0.303873995311327,NA,NA
"Namibia","NAM","precipitation","b_2",0.545726848391082,0.0273822200657609,0.492057697062191,0.599395999719974,NA,NA
"Namibia","NAM","cases","a_1",0.238837525272873,0.0450562361986596,0.1505273023235,0.327147748222246,0.094790830695736,NA
"Namibia","NAM","cases","b_1",0.558796532962172,0.075254597507328,0.411297521847809,0.706295544076535,0.094790830695736,NA
"Namibia","NAM","cases","a_2",0.251582046850284,0.0590600256765559,0.135824396524234,0.367339697176333,0.094790830695736,NA
"Namibia","NAM","cases","b_2",0.405725367892016,0.0586276861858534,0.290815102967743,0.520635632816289,0.094790830695736,NA
"Niger","NER","precipitation","a_1",-1.39536040330324,0.0350911404276371,-1.46413903854141,-1.32658176806507,NA,NA
"Niger","NER","precipitation","b_1",-1.07070746369039,0.0351352959122513,-1.1395726436784,-1.00184228370238,NA,NA
"Niger","NER","precipitation","a_2",0.219891863172876,0.0350950914129326,0.151105484003528,0.288678242342224,NA,NA
"Niger","NER","precipitation","b_2",1.29543950970801,0.035131342438892,1.22658207852779,1.36429694088824,NA,NA
"Niger","NER","cases","a_1",-0.495254300732113,0.0556295381806349,-0.604288195566157,-0.386220405898068,0.640575394434597,NA
"Niger","NER","cases","b_1",-0.81358164226118,0.0566674915300141,-0.924649925660007,-0.702513358862352,0.640575394434597,NA
"Niger","NER","cases","a_2",-0.386921889770879,0.0558689417501883,-0.496425015601248,-0.27741876394051,0.640575394434597,NA
"Niger","NER","cases","b_2",0.54633848339577,0.0564173585459187,0.435760460645769,0.65691650614577,0.640575394434597,NA
"Nigeria","NGA","precipitation","a_1",-1.02368891608815,0.0082980722408154,-1.03995313768015,-1.00742469449615,NA,NA
"Nigeria","NGA","precipitation","b_1",-0.694339272472263,0.00830851371792337,-0.710623959359392,-0.678054585585133,NA,NA
"Nigeria","NGA","precipitation","a_2",-0.0972586098349297,0.00829900651709189,-0.11352466260843,-0.0809925570614296,NA,NA
"Nigeria","NGA","precipitation","b_2",0.418540092815147,0.00830757880452099,0.402257238358286,0.434822947272008,NA,NA
"Nigeria","NGA","cases","a_1",-0.676639106780551,0.0459996448744668,-0.766798410734506,-0.586479802826596,0.901326044091432,NA
"Nigeria","NGA","cases","b_1",-0.616023186430408,0.0464576439766486,-0.70708016862464,-0.524966204236177,0.901326044091432,NA
"Nigeria","NGA","cases","a_2",-0.21704935743394,0.0463524277934149,-0.307900115909033,-0.126198598958847,0.901326044091432,NA
"Nigeria","NGA","cases","b_2",0.37935325008104,0.046091010413741,0.289014869670108,0.469691630491973,0.901326044091432,NA
"Rwanda","RWA","precipitation","a_1",0.500943602074772,0.0121252466308914,0.477178118678225,0.524709085471319,NA,NA
"Rwanda","RWA","precipitation","b_1",0.100169654601843,0.0121405038891354,0.0763742669791374,0.123965042224548,NA,NA
"Rwanda","RWA","precipitation","a_2",-0.389983923338612,0.0121266117949521,-0.413752082456718,-0.366215764220506,NA,NA
"Rwanda","RWA","precipitation","b_2",-0.292585202522572,0.0121391378455577,-0.316377912699865,-0.268792492345279,NA,NA
"Rwanda","RWA","cases","a_1",0.322771530431035,0.156274227462824,0.0164740446039003,0.629069016258169,0.779416551842228,NA
"Rwanda","RWA","cases","b_1",1.03976365554321,0.261015013092938,0.528174229881051,1.55135308120537,0.779416551842228,NA
"Rwanda","RWA","cases","a_2",-0.385857312238706,0.204845337517583,-0.78735417377317,0.0156395492957576,0.779416551842228,NA
"Rwanda","RWA","cases","b_2",0.383708898853907,0.203345800065816,-0.0148488692750923,0.782266666982907,0.779416551842228,NA
"Senegal","SEN","precipitation","a_1",-1.12578143734435,0.0213539298123669,-1.16763513977659,-1.08392773491211,NA,NA
"Senegal","SEN","precipitation","b_1",-1.31052184864276,0.0213807994706058,-1.35242821560514,-1.26861548168037,NA,NA
"Senegal","SEN","precipitation","a_2",-0.212446425670879,0.0213563339878817,-0.254304840287127,-0.170588011054631,NA,NA
"Senegal","SEN","precipitation","b_2",1.09661209319637,0.0213783935971203,1.05471044174601,1.13851374464672,NA,NA
"Senegal","SEN","cases","a_1",-0.885020662003698,0.120175573830429,-1.12056478671134,-0.649476537296057,0.538687591001153,"Burkina Faso"
"Senegal","SEN","cases","b_1",-0.453753989318788,0.122128406284666,-0.693125665636733,-0.214382313000843,0.538687591001153,"Burkina Faso"
"Senegal","SEN","cases","a_2",0.443861731619451,0.12149177476096,0.20573785308797,0.681985610150932,0.538687591001153,"Burkina Faso"
"Senegal","SEN","cases","b_2",0.494632092705586,0.120791266862122,0.257881209655827,0.731382975755346,0.538687591001153,"Burkina Faso"
"Sierra Leone","SLE","precipitation","a_1",-0.946447291428942,0.0085646796055672,-0.963234063455853,-0.92966051940203,NA,NA
"Sierra Leone","SLE","precipitation","b_1",-0.707073935283658,0.00857545663471188,-0.723881830287693,-0.690266040279622,NA,NA
"Sierra Leone","SLE","precipitation","a_2",-0.0449836936325821,0.00856564392306102,-0.0617723557217817,-0.0281950315433825,NA,NA
"Sierra Leone","SLE","precipitation","b_2",0.238461986129628,0.00857449164085269,0.221655982513557,0.2552679897457,NA,NA
"Sierra Leone","SLE","cases","a_1",-0.498162603369436,0.0698692681163077,-0.635106368877399,-0.361218837861473,0.559916607530471,NA
"Sierra Leone","SLE","cases","b_1",-0.654583344146164,0.069966853160016,-0.791718376339795,-0.517448311952533,0.559916607530471,NA
"Sierra Leone","SLE","cases","a_2",-0.169135696783313,0.0699021174726235,-0.306143847029655,-0.0321275465369708,0.559916607530471,NA
"Sierra Leone","SLE","cases","b_2",0.752364124588247,0.069933843072659,0.615293792165836,0.889434457010659,0.559916607530471,NA
"Somalia","SOM","precipitation","a_1",0.0472079541360274,0.027849770924437,-0.00737759687586914,0.101793505147924,NA,NA
"Somalia","SOM","precipitation","b_1",-0.0386790051583219,0.0278848151067623,-0.0933332427675761,0.0159752324509323,NA,NA
"Somalia","SOM","precipitation","a_2",-0.720989962698578,0.027852906845823,-0.775581660116391,-0.666398265280765,NA,NA
"Somalia","SOM","precipitation","b_2",-1.14439887535001,0.027881677406172,-1.19904696306611,-1.08975078763391,NA,NA
"Somalia","SOM","cases","a_1",-0.355209493970391,0.0473704814588049,-0.448055637629649,-0.262363350311133,1,NA
"Somalia","SOM","cases","b_1",0.799365966825924,0.0490025357537919,0.703320996748492,0.895410936903356,1,NA
"Somalia","SOM","cases","a_2",-0.266340527672379,0.0479790706466719,-0.360379506139856,-0.172301549204902,1,NA
"Somalia","SOM","cases","b_2",-0.250457115668691,0.0483365387821197,-0.345196731681646,-0.155717499655736,1,NA
"South Sudan","SSD","precipitation","a_1",-0.975073305265188,0.0114785037687051,-0.99757117265185,-0.952575437878526,NA,NA
"South Sudan","SSD","precipitation","b_1",-0.604946993056508,0.0114929473045766,-0.627473169773478,-0.582420816339538,NA,NA
"South Sudan","SSD","precipitation","a_2",-0.120546275200612,0.0114797961396386,-0.143046675634304,-0.0980458747669205,NA,NA
"South Sudan","SSD","precipitation","b_2",0.185031611972068,0.0114916540432839,0.162507970047232,0.207555253896904,NA,NA
"South Sudan","SSD","cases","a_1",0.0721406566510245,0.0598102894034702,-0.0450875105797772,0.189368823881826,0.850037249788729,NA
"South Sudan","SSD","cases","b_1",0.563345144052294,0.0592925814118675,0.447131684485034,0.679558603619555,0.850037249788729,NA
"South Sudan","SSD","cases","a_2",0.328478773661624,0.0598038849854526,0.211263159090136,0.445694388233111,0.850037249788729,NA
"South Sudan","SSD","cases","b_2",-0.0519644475369012,0.0592393104831996,-0.168073496083972,0.06414460101017,0.850037249788729,NA
"Eswatini","SWZ","precipitation","a_1",0.969153952634916,0.0208786306647017,0.928231836532101,1.01007606873773,NA,NA
"Eswatini","SWZ","precipitation","b_1",0.156082628799985,0.0209049025877678,0.11510901972796,0.19705623787201,NA,NA
"Eswatini","SWZ","precipitation","a_2",0.0807763714574222,0.0208809815675772,0.0398496475849709,0.121703095329873,NA,NA
"Eswatini","SWZ","precipitation","b_2",0.0754020257057261,0.0209025500405301,0.0344330276262871,0.116371023785165,NA,NA
"Eswatini","SWZ","cases","a_1",-0.35712495316524,0.152297376108931,-0.655627810338745,-0.058622095991736,0.17749350279427,NA
"Eswatini","SWZ","cases","b_1",-0.117769332721694,0.2217315201467,-0.552363112209226,0.316824446765837,0.17749350279427,NA
"Eswatini","SWZ","cases","a_2",-0.473985633108294,0.175518233189338,-0.818001370159396,-0.129969896057193,0.17749350279427,NA
"Eswatini","SWZ","cases","b_2",0.348008700336174,0.0981436235685449,0.155647198141826,0.540370202530522,0.17749350279427,NA
"Chad","TCD","precipitation","a_1",-1.33268758365418,0.0186048972479657,-1.3691531822602,-1.29622198504817,NA,NA
"Chad","TCD","precipitation","b_1",-1.03794942009429,0.0186283081427384,-1.07446090405406,-1.00143793613452,NA,NA
"Chad","TCD","precipitation","a_2",0.160497411512439,0.0186069919373807,0.124027707315173,0.196967115709706,NA,NA
"Chad","TCD","precipitation","b_2",1.08014561991928,0.0186262117499819,1.04363824488931,1.11665299494924,NA,NA
"Chad","TCD","cases","a_1",-0.400318992358793,0.0735537084650301,-0.544484260950252,-0.256153723767334,0.563900983287289,NA
"Chad","TCD","cases","b_1",-0.916414251113663,0.0753316049183028,-1.06406419675354,-0.76876430547379,0.563900983287289,NA
"Chad","TCD","cases","a_2",-0.410334335372638,0.0748716416948202,-0.557082753094486,-0.263585917650791,0.563900983287289,NA
"Chad","TCD","cases","b_2",0.532607941973102,0.0739771054574857,0.38761281527643,0.677603068669774,0.563900983287289,NA
"Togo","TGO","precipitation","a_1",-0.886118076068425,0.010282408714684,-0.906271597149206,-0.865964554987645,NA,NA
"Togo","TGO","precipitation","b_1",-0.444556560612862,0.0102953471978195,-0.464735441120588,-0.424377680105136,NA,NA
"Togo","TGO","precipitation","a_2",-0.254997815074131,0.0102835663612631,-0.275153605142206,-0.234842025006055,NA,NA
"Togo","TGO","precipitation","b_2",0.184166557884989,0.0102941886727836,0.163989948086333,0.204343167683645,NA,NA
"Togo","TGO","cases","a_1",0.995814331276031,0.0980642490681496,0.803608403102458,1.1880202594496,0.818131432622074,NA
"Togo","TGO","cases","b_1",-0.61256144828129,0.100055040001937,-0.808669326685087,-0.416453569877493,0.818131432622074,NA
"Togo","TGO","cases","a_2",0.116072502078072,0.099004028624318,-0.0779753940255916,0.310120398181735,0.818131432622074,NA
"Togo","TGO","cases","b_2",-0.391746338852605,0.0989992211086559,-0.58578481222557,-0.197707865479639,0.818131432622074,NA
"Tanzania","TZA","precipitation","a_1",0.85645310463118,0.0127021331005633,0.831556923754076,0.881349285508284,NA,NA
"Tanzania","TZA","precipitation","b_1",0.556587367103431,0.0127181163229683,0.531659859110413,0.581514875096449,NA,NA
"Tanzania","TZA","precipitation","a_2",-0.108197633851846,0.0127035632099079,-0.133096617743266,-0.0832986499604264,NA,NA
"Tanzania","TZA","precipitation","b_2",-0.071052042128021,0.0127166852662374,-0.0959767452498463,-0.0461273390061957,NA,NA
"Tanzania","TZA","cases","a_1",0.58665062860104,0.0378876013609138,0.512390929933649,0.660910327268431,1,NA
"Tanzania","TZA","cases","b_1",-0.447139681441277,0.0382610984283545,-0.522131434360852,-0.372147928521703,1,NA
"Tanzania","TZA","cases","a_2",-0.119466660941011,0.0384295150973857,-0.194788510531887,-0.0441448113501352,1,NA
"Tanzania","TZA","cases","b_2",-0.100641113125418,0.0377259746419634,-0.174584023423666,-0.0266982028271699,1,NA
"Uganda","UGA","precipitation","a_1",-0.243544410593118,0.0104326779321359,-0.263992459340104,-0.223096361846132,NA,NA
"Uganda","UGA","precipitation","b_1",-0.153024290303593,0.0104458055257855,-0.173498069134133,-0.132550511473054,NA,NA
"Uganda","UGA","precipitation","a_2",-0.371103670035709,0.0104338525260371,-0.391554020986742,-0.350653319084676,NA,NA
"Uganda","UGA","precipitation","b_2",-0.275747213154449,0.0104446300432962,-0.29621868803931,-0.255275738269589,NA,NA
"Uganda","UGA","cases","a_1",0.155428615880678,0.0862710291788619,-0.0136626013098912,0.324519833071248,0.704540470618013,NA
"Uganda","UGA","cases","b_1",0.64653218712106,0.0865180602355827,0.476956789059318,0.816107585182802,0.704540470618013,NA
"Uganda","UGA","cases","a_2",-0.21249329625479,0.0870024346692381,-0.383018068206497,-0.0419685243030837,0.704540470618013,NA
"Uganda","UGA","cases","b_2",0.548731561538759,0.0858023897581918,0.380558877612703,0.716904245464814,0.704540470618013,NA
"South Africa","ZAF","precipitation","a_1",0.793644793023362,0.016704944853067,0.76090310111135,0.826386484935373,NA,NA
"South Africa","ZAF","precipitation","b_1",0.260363411961346,0.0167259649218169,0.227580520714585,0.293146303208107,NA,NA
"South Africa","ZAF","precipitation","a_2",0.130446768457258,0.0167068255131729,0.0977013904514393,0.163192146463077,NA,NA
"South Africa","ZAF","precipitation","b_2",0.0601192678439852,0.0167240826729831,0.0273400658049384,0.0928984698830321,NA,NA
"South Africa","ZAF","cases","a_1",-0.398873603864773,0.213677097336288,-0.817680714643897,0.0199335069143514,0.411570293966465,NA
"South Africa","ZAF","cases","b_1",-0.6854222288656,0.213454841581778,-1.10379371836588,-0.267050739365315,0.411570293966465,NA
"South Africa","ZAF","cases","a_2",-0.392283936557298,0.213768555588438,-0.811270305510637,0.0267024323960411,0.411570293966465,NA
"South Africa","ZAF","cases","b_2",0.697348034946165,0.213362455425003,0.27915762231316,1.11553844757917,0.411570293966465,NA
"Zambia","ZMB","precipitation","a_1",1.41951639111163,0.0114946887824874,1.39698680109795,1.4420459811253,NA,NA
"Zambia","ZMB","precipitation","b_1",0.553795011811474,0.0115091526514246,0.531237072614682,0.576352951008266,NA,NA
"Zambia","ZMB","precipitation","a_2",0.47746344243221,0.0114959828853021,0.454931315977018,0.499995568887402,NA,NA
"Zambia","ZMB","precipitation","b_2",0.390084754433751,0.0115078575067307,0.367529353720559,0.412640155146943,NA,NA
"Zambia","ZMB","cases","a_1",0.896906581182144,0.0799749896260184,0.740155601515148,1.05365756084914,0.636277082841103,NA
"Zambia","ZMB","cases","b_1",0.45243335963254,0.0813707928562965,0.292946605634198,0.611920113630881,0.636277082841103,NA
"Zambia","ZMB","cases","a_2",0.447463753984976,0.0809829345784138,0.288737202211285,0.606190305758667,0.636277082841103,NA
"Zambia","ZMB","cases","b_2",0.462823718821633,0.0803489457398564,0.305339785171515,0.620307652471752,0.636277082841103,NA
"Zimbabwe","ZWE","precipitation","a_1",1.43875189303259,0.0223811263990246,1.39488488529051,1.48261890077468,NA,NA
"Zimbabwe","ZWE","precipitation","b_1",0.447730840815512,0.0224092888625529,0.403808634644909,0.491653046986116,NA,NA
"Zimbabwe","ZWE","precipitation","a_2",0.638379403639756,0.0223836462746177,0.594507456941506,0.682251350338007,NA,NA
"Zimbabwe","ZWE","precipitation","b_2",0.36626121871426,0.0224067672022746,0.322343954997802,0.410178482430719,NA,NA
"Zimbabwe","ZWE","cases","a_1",0.707930131966277,0.0775274016883344,0.555976424657141,0.859883839275412,1,NA
"Zimbabwe","ZWE","cases","b_1",-0.0703312667187633,0.0781597362779082,-0.223524349823463,0.0828618163859368,1,NA
"Zimbabwe","ZWE","cases","a_2",-0.122657755222174,0.078187363241851,-0.275904987176202,0.0305894767318539,1,NA
"Zimbabwe","ZWE","cases","b_2",0.092240592756659,0.0774993575251295,-0.0596581479925947,0.244139333505913,1,NA
