"variable_name","variable_description","parameter_distribution","i","j","t","parameter_name","parameter_value"
"tau","Country-level travel probabilities","point","AGO",NA,NA,"mean",2.10256757610739e-05
"tau","Country-level travel probabilities","beta","AGO",NA,NA,"shape1",644.514133882614
"tau","Country-level travel probabilities","beta","AGO",NA,NA,"shape2",30653025.8461711
"tau","Country-level travel probabilities","point","BDI",NA,NA,"mean",1.62117205990031e-05
"tau","Country-level travel probabilities","beta","BDI",NA,NA,"shape1",188.769060787512
"tau","Country-level travel probabilities","beta","BDI",NA,NA,"shape2",11643798.0387997
"tau","Country-level travel probabilities","point","BEN",NA,NA,"mean",6.01416958291042e-05
"tau","Country-level travel probabilities","beta","BEN",NA,NA,"shape1",695.843755808303
"tau","Country-level travel probabilities","beta","BEN",NA,NA,"shape2",11569376.237111
"tau","Country-level travel probabilities","point","BFA",NA,NA,"mean",1.70359172514116e-05
"tau","Country-level travel probabilities","beta","BFA",NA,NA,"shape1",323.773942347978
"tau","Country-level travel probabilities","beta","BFA",NA,NA,"shape2",19005048.086569
"tau","Country-level travel probabilities","point","BWA",NA,NA,"mean",0.000249073283262818
"tau","Country-level travel probabilities","beta","BWA",NA,NA,"shape1",535.622927699433
"tau","Country-level travel probabilities","beta","BWA",NA,NA,"shape2",2149927.5687999
"tau","Country-level travel probabilities","point","CAF",NA,NA,"mean",2.9069908907158e-05
"tau","Country-level travel probabilities","beta","CAF",NA,NA,"shape1",141.690251420526
"tau","Country-level travel probabilities","beta","CAF",NA,NA,"shape2",4873979.23916217
"tau","Country-level travel probabilities","point","CIV",NA,NA,"mean",4.06418129952225e-05
"tau","Country-level travel probabilities","beta","CIV",NA,NA,"shape1",1066.00611649893
"tau","Country-level travel probabilities","beta","CIV",NA,NA,"shape2",26228229.341122
"tau","Country-level travel probabilities","point","CMR",NA,NA,"mean",3.63056378990462e-05
"tau","Country-level travel probabilities","beta","CMR",NA,NA,"shape1",809.280733422587
"tau","Country-level travel probabilities","beta","CMR",NA,NA,"shape2",22289963.7301396
"tau","Country-level travel probabilities","point","COD",NA,NA,"mean",4.83602008052925e-06
"tau","Country-level travel probabilities","beta","COD",NA,NA,"shape1",429.055864237509
"tau","Country-level travel probabilities","beta","COD",NA,NA,"shape2",88720431.712471
"tau","Country-level travel probabilities","point","COG",NA,NA,"mean",8.8928596186654e-05
"tau","Country-level travel probabilities","beta","COG",NA,NA,"shape1",487.081415728728
"tau","Country-level travel probabilities","beta","COG",NA,NA,"shape2",5476732.13282199
"tau","Country-level travel probabilities","point","ERI",NA,NA,"mean",6.348971999811e-06
"tau","Country-level travel probabilities","beta","ERI",NA,NA,"shape1",20.0005697428909
"tau","Country-level travel probabilities","beta","ERI",NA,NA,"shape2",3150186.00813312
"tau","Country-level travel probabilities","point","ETH",NA,NA,"mean",7.90054514417458e-06
"tau","Country-level travel probabilities","beta","ETH",NA,NA,"shape1",873.878435595383
"tau","Country-level travel probabilities","beta","ETH",NA,NA,"shape2",110609016.913687
"tau","Country-level travel probabilities","point","GAB",NA,NA,"mean",0.000274865988869918
"tau","Country-level travel probabilities","beta","GAB",NA,NA,"shape1",590.59557547502
"tau","Country-level travel probabilities","beta","GAB",NA,NA,"shape2",2148076.75284108
"tau","Country-level travel probabilities","point","GHA",NA,NA,"mean",3.81686344923569e-05
"tau","Country-level travel probabilities","beta","GHA",NA,NA,"shape1",1156.43588579925
"tau","Country-level travel probabilities","beta","GHA",NA,NA,"shape2",30296911.629159
"tau","Country-level travel probabilities","point","GIN",NA,NA,"mean",2.72733919284042e-05
"tau","Country-level travel probabilities","beta","GIN",NA,NA,"shape1",342.220579649202
"tau","Country-level travel probabilities","beta","GIN",NA,NA,"shape2",12547439.901555
"tau","Country-level travel probabilities","point","GMB",NA,NA,"mean",9.07934308007856e-05
"tau","Country-level travel probabilities","beta","GMB",NA,NA,"shape1",200.431116118643
"tau","Country-level travel probabilities","beta","GMB",NA,NA,"shape2",2207350.42747429
"tau","Country-level travel probabilities","point","GNB",NA,NA,"mean",3.40365730987901e-05
"tau","Country-level travel probabilities","beta","GNB",NA,NA,"shape1",67.9824155992633
"tau","Country-level travel probabilities","beta","GNB",NA,NA,"shape2",1997266.33799164
"tau","Country-level travel probabilities","point","GNQ",NA,NA,"mean",0.000132531005917234
"tau","Country-level travel probabilities","beta","GNQ",NA,NA,"shape1",206.958640171864
"tau","Country-level travel probabilities","beta","GNQ",NA,NA,"shape2",1561379.62058726
"tau","Country-level travel probabilities","point","KEN",NA,NA,"mean",4.86142689382883e-05
"tau","Country-level travel probabilities","beta","KEN",NA,NA,"shape1",2306.08400811161
"tau","Country-level travel probabilities","beta","KEN",NA,NA,"shape2",47434054.8543615
"tau","Country-level travel probabilities","point","LBR",NA,NA,"mean",2.22992650790776e-05
"tau","Country-level travel probabilities","beta","LBR",NA,NA,"shape1",118.705755759162
"tau","Country-level travel probabilities","beta","LBR",NA,NA,"shape2",5323184.79048985
"tau","Country-level travel probabilities","point","MLI",NA,NA,"mean",2.59827018942646e-05
"tau","Country-level travel probabilities","beta","MLI",NA,NA,"shape1",516.581895640775
"tau","Country-level travel probabilities","beta","MLI",NA,NA,"shape2",19881245.4358877
"tau","Country-level travel probabilities","point","MOZ",NA,NA,"mean",1.99737068839081e-05
"tau","Country-level travel probabilities","beta","MOZ",NA,NA,"shape1",531.358534465643
"tau","Country-level travel probabilities","beta","MOZ",NA,NA,"shape2",26602369.0221522
"tau","Country-level travel probabilities","point","MRT",NA,NA,"mean",2.94421755778183e-05
"tau","Country-level travel probabilities","beta","MRT",NA,NA,"shape1",134.535912693814
"tau","Country-level travel probabilities","beta","MRT",NA,NA,"shape2",4569361.77519461
"tau","Country-level travel probabilities","point","MWI",NA,NA,"mean",2.99244423094468e-05
"tau","Country-level travel probabilities","beta","MWI",NA,NA,"shape1",581.239381566416
"tau","Country-level travel probabilities","beta","MWI",NA,NA,"shape2",19422984.805922
"tau","Country-level travel probabilities","point","NAM",NA,NA,"mean",0.000439624492390954
"tau","Country-level travel probabilities","beta","NAM",NA,NA,"shape1",1059.74018996916
"tau","Country-level travel probabilities","beta","NAM",NA,NA,"shape2",2409497.92507028
"tau","Country-level travel probabilities","point","NER",NA,NA,"mean",8.51382556805829e-06
"tau","Country-level travel probabilities","beta","NER",NA,NA,"shape1",181.997829612014
"tau","Country-level travel probabilities","beta","NER",NA,NA,"shape2",21376557.3019304
"tau","Country-level travel probabilities","point","NGA",NA,NA,"mean",7.1208297077718e-06
"tau","Country-level travel probabilities","beta","NGA",NA,NA,"shape1",1330.28847363586
"tau","Country-level travel probabilities","beta","NGA",NA,NA,"shape2",186815168.382174
"tau","Country-level travel probabilities","point","RWA",NA,NA,"mean",4.71866983789613e-05
"tau","Country-level travel probabilities","beta","RWA",NA,NA,"shape1",563.174137104839
"tau","Country-level travel probabilities","beta","RWA",NA,NA,"shape2",11934455.7284767
"tau","Country-level travel probabilities","point","SEN",NA,NA,"mean",6.7357429597064e-05
"tau","Country-level travel probabilities","beta","SEN",NA,NA,"shape1",961.811264733299
"tau","Country-level travel probabilities","beta","SEN",NA,NA,"shape2",14278253.8667519
"tau","Country-level travel probabilities","point","SLE",NA,NA,"mean",1.82047461334112e-05
"tau","Country-level travel probabilities","beta","SLE",NA,NA,"shape1",129.657164511197
"tau","Country-level travel probabilities","beta","SLE",NA,NA,"shape2",7122033.07781792
"tau","Country-level travel probabilities","point","SOM",NA,NA,"mean",1.40694159727847e-05
"tau","Country-level travel probabilities","beta","SOM",NA,NA,"shape1",210.278388149707
"tau","Country-level travel probabilities","beta","SOM",NA,NA,"shape2",14945569.1737555
"tau","Country-level travel probabilities","point","SSD",NA,NA,"mean",2.51448900730497e-05
"tau","Country-level travel probabilities","beta","SSD",NA,NA,"shape1",244.547610194484
"tau","Country-level travel probabilities","beta","SSD",NA,NA,"shape2",9725294.4976605
"tau","Country-level travel probabilities","point","SWZ",NA,NA,"mean",5.31774374560635e-05
"tau","Country-level travel probabilities","beta","SWZ",NA,NA,"shape1",64.9733739567993
"tau","Country-level travel probabilities","beta","SWZ",NA,NA,"shape2",1221757.23290445
"tau","Country-level travel probabilities","point","TCD",NA,NA,"mean",1.23909729063028e-05
"tau","Country-level travel probabilities","beta","TCD",NA,NA,"shape1",182.691497767266
"tau","Country-level travel probabilities","beta","TCD",NA,NA,"shape2",14743736.0587675
"tau","Country-level travel probabilities","point","TGO",NA,NA,"mean",3.02644053384877e-05
"tau","Country-level travel probabilities","beta","TGO",NA,NA,"shape1",240.022917306053
"tau","Country-level travel probabilities","beta","TGO",NA,NA,"shape2",7930625.1178827
"tau","Country-level travel probabilities","point","TZA",NA,NA,"mean",2.19239929757376e-05
"tau","Country-level travel probabilities","beta","TZA",NA,NA,"shape1",1240.27237332643
"tau","Country-level travel probabilities","beta","TZA",NA,NA,"shape2",56570223.4522773
"tau","Country-level travel probabilities","point","UGA",NA,NA,"mean",2.51393705881212e-05
"tau","Country-level travel probabilities","beta","UGA",NA,NA,"shape1",943.10841683738
"tau","Country-level travel probabilities","beta","UGA",NA,NA,"shape2",37514252.9674553
"tau","Country-level travel probabilities","point","ZAF",NA,NA,"mean",9.27955459105062e-05
"tau","Country-level travel probabilities","beta","ZAF",NA,NA,"shape1",5073.87570257522
"tau","Country-level travel probabilities","beta","ZAF",NA,NA,"shape2",54672935.2118087
"tau","Country-level travel probabilities","point","ZMB",NA,NA,"mean",5.65036176394733e-05
"tau","Country-level travel probabilities","beta","ZMB",NA,NA,"shape1",883.573262317793
"tau","Country-level travel probabilities","beta","ZMB",NA,NA,"shape2",15636579.9950974
"tau","Country-level travel probabilities","point","ZWE",NA,NA,"mean",8.48382601400977e-05
"tau","Country-level travel probabilities","beta","ZWE",NA,NA,"shape1",1323.61499046945
"tau","Country-level travel probabilities","beta","ZWE",NA,NA,"shape2",15600304.5688466
