"iso_code","tau_weekly","tau_daily","distribution","meanlog","sdlog","sd","shape1","shape2","ci_lo","ci_hi","in_set_frac","evidence"
"AGO",0.0015,0.000214285714285714,"lognormal",-8.44820031992929,0.587404950079834,0.000137552879432942,NA,NA,6.77630927178938e-05,0.000677630927178938,1,"E3"
"BDI",0.003,0.000428571428571429,"lognormal",-7.75505313936934,0.587404950079834,0.000275105758865884,NA,NA,0.000135526185435788,0.00135526185435788,1,"E3"
"BEN",0.003,0.000428571428571429,"lognormal",-7.75505313936934,0.587404950079834,0.000275105758865884,NA,NA,0.000135526185435788,0.00135526185435788,1,"E3"
"BFA",0.002,0.000285714285714286,"lognormal",-8.1605182474775,0.587404950079834,0.000183403839243923,NA,NA,9.03507902905251e-05,0.000903507902905251,1,"E3"
"BWA",0.0025,0.000357142857142857,"lognormal",-7.9373746961633,0.867668336890465,0.000378476833580405,NA,NA,6.52050663696626e-05,0.00195615199108988,1,"default"
"CAF",0.00237496259268701,0.000339280370383858,"lognormal",-7.98868374112246,0.867668336890465,0.000359547328780835,NA,NA,6.1943837392649e-05,0.00185831512177947,0.95,"default"
"CIV",0.002,0.000285714285714286,"lognormal",-8.1605182474775,0.587404950079834,0.000183403839243923,NA,NA,9.03507902905251e-05,0.000903507902905251,1,"E3"
"CMR",0.0025,0.000357142857142857,"lognormal",-7.9373746961633,0.587404950079834,0.000229254799054904,NA,NA,0.000112938487863156,0.00112938487863156,1,"E3"
"COD",0.005,0.000714285714285714,"lognormal",-7.24422751560335,0.587404950079834,0.000458509598109807,NA,NA,0.000225876975726313,0.00225876975726313,1,"E3"
"COG",0.002,0.000285714285714286,"lognormal",-8.1605182474775,0.587404950079834,0.000183403839243923,NA,NA,9.03507902905251e-05,0.000903507902905251,1,"E3"
"ERI",0.00078826841239194,0.000112609773198849,"lognormal",-9.09158205029832,0.867668336890465,0.000119336533093422,NA,NA,2.055963765885e-05,0.0006167891297655,0.315,"default"
"ETH",0.000350564636600748,5.00806623715355e-05,"lognormal",-9.90187560499122,0.587404950079834,3.21474501278639e-05,NA,NA,1.58368959823942e-05,0.000158368959823942,0.351,"E3"
"GAB",0.0025,0.000357142857142857,"lognormal",-7.9373746961633,0.867668336890465,0.000378476833580405,NA,NA,6.52050663696626e-05,0.00195615199108988,1,"default"
"GHA",0.002,0.000285714285714286,"lognormal",-8.1605182474775,0.587404950079834,0.000183403839243923,NA,NA,9.03507902905251e-05,0.000903507902905251,1,"E3"
"GIN",0.0025,0.000357142857142857,"lognormal",-7.9373746961633,0.867668336890465,0.000378476833580405,NA,NA,6.52050663696626e-05,0.00195615199108988,1,"default"
"GMB",0.0025,0.000357142857142857,"lognormal",-7.9373746961633,0.867668336890465,0.000378476833580405,NA,NA,6.52050663696626e-05,0.00195615199108988,1,"default"
"GNB",0.0025,0.000357142857142857,"lognormal",-7.9373746961633,0.867668336890465,0.000378476833580405,NA,NA,6.52050663696626e-05,0.00195615199108988,1,"default"
"GNQ",0.0025,0.000357142857142857,"lognormal",-7.9373746961633,0.867668336890465,0.000378476833580405,NA,NA,6.52050663696626e-05,0.00195615199108988,1,"default"
"KEN",0.002,0.000285714285714286,"lognormal",-8.1605182474775,0.587404950079834,0.000183403839243923,NA,NA,9.03507902905251e-05,0.000903507902905251,1,"E3"
"LBR",0.001,0.000142857142857143,"lognormal",-8.85366542803745,0.587404950079834,9.17019196219614e-05,NA,NA,4.51753951452625e-05,0.000451753951452626,1,"E3"
"MLI",0.0025,0.000357142857142857,"lognormal",-7.9373746961633,0.867668336890465,0.000378476833580405,NA,NA,6.52050663696626e-05,0.00195615199108988,1,"default"
"MOZ",0.002,0.000285714285714286,"lognormal",-8.1605182474775,0.587404950079834,0.000183403839243923,NA,NA,9.03507902905251e-05,0.000903507902905251,1,"E3"
"MRT",0.00243917330547212,0.00034845332935316,"lognormal",-7.96200625537389,0.867668336890465,0.000369268235683575,NA,NA,6.36185829081675e-05,0.00190855748724503,0.976,"default"
"MWI",0.0025,0.000357142857142857,"lognormal",-7.9373746961633,0.587404950079834,0.000229254799054904,NA,NA,0.000112938487863156,0.00112938487863156,1,"E3"
"NAM",0.0025,0.000357142857142857,"lognormal",-7.9373746961633,0.867668336890465,0.000378476833580405,NA,NA,6.52050663696626e-05,0.00195615199108988,1,"default"
"NER",0.00299508563464994,0.000427869376378563,"lognormal",-7.75669260434125,0.587404950079834,0.00027465510212956,NA,NA,0.000135304177039211,0.00135304177039211,0.998,"E3"
"NGA",0.004,0.000571428571428571,"lognormal",-7.46737106691756,0.587404950079834,0.000366807678487846,NA,NA,0.00018070158058105,0.0018070158058105,1,"E3"
"RWA",0.003,0.000428571428571429,"lognormal",-7.75505313936934,0.587404950079834,0.000275105758865884,NA,NA,0.000135526185435788,0.00135526185435788,1,"E3"
"SEN",0.0025,0.000357142857142857,"lognormal",-7.9373746961633,0.867668336890465,0.000378476833580405,NA,NA,6.52050663696626e-05,0.00195615199108988,1,"default"
"SLE",0.0025,0.000357142857142857,"lognormal",-7.9373746961633,0.867668336890465,0.000378476833580405,NA,NA,6.52050663696626e-05,0.00195615199108988,1,"default"
"SOM",0.00177570278037433,0.000253671825767761,"lognormal",-8.27946915086545,0.587404950079834,0.00016283535363838,NA,NA,8.02180747639518e-05,0.000802180747639518,0.888,"E3"
"SSD",0.00128241508098199,0.000183202154425999,"lognormal",-8.60492034582615,0.587404950079834,0.000117599924678202,NA,NA,5.79336080236052e-05,0.000579336080236052,0.513,"E3"
"SWZ",0.0025,0.000357142857142857,"lognormal",-7.9373746961633,0.867668336890465,0.000378476833580405,NA,NA,6.52050663696626e-05,0.00195615199108988,1,"default"
"TCD",0.000602511628989646,8.60730898556637e-05,"lognormal",-9.36031374061342,0.587404950079834,5.52514729729055e-05,NA,NA,2.72187009192231e-05,0.000272187009192231,0.301,"E3"
"TGO",0.003,0.000428571428571429,"lognormal",-7.75505313936934,0.587404950079834,0.000275105758865884,NA,NA,0.000135526185435788,0.00135526185435788,1,"E3"
"TZA",0.002,0.000285714285714286,"lognormal",-8.1605182474775,0.587404950079834,0.000183403839243923,NA,NA,9.03507902905251e-05,0.000903507902905251,1,"E3"
"UGA",0.003,0.000428571428571429,"lognormal",-7.75505313936934,0.587404950079834,0.000275105758865884,NA,NA,0.000135526185435788,0.00135526185435788,1,"E3"
"ZAF",0.00276357101326709,0.000394795859038155,"lognormal",-7.83714173921843,0.587404950079834,0.000253424766928201,NA,NA,0.000124845412536334,0.00124845412536334,0.921,"E3"
"ZMB",0.0025,0.000357142857142857,"lognormal",-7.9373746961633,0.587404950079834,0.000229254799054904,NA,NA,0.000112938487863156,0.00112938487863156,1,"E3"
"ZWE",0.003,0.000428571428571429,"lognormal",-7.75505313936934,0.587404950079834,0.000275105758865884,NA,NA,0.000135526185435788,0.00135526185435788,1,"E3"
