"iso_code","peak_start","peak_date","peak_stop","reported_cases","outbreak_interval_days"
"AGO",2006-03-27,2006-04-23,2006-05-23,757,57
"AGO",2018-01-01,2018-01-04,2018-01-31,24,30
"AGO",2025-04-09,2025-04-28,2025-05-25,303,46
"AGO",2025-10-02,2025-10-13,2025-10-24,149,22
"AGO",2026-04-18,2026-04-27,2026-05-12,106,24
"BDI",1980-02-02,1980-02-10,1980-02-18,15,16
"BDI",2016-08-01,2016-08-21,2016-10-31,9,91
"BDI",2017-10-15,2017-10-17,2017-10-19,6,4
"BDI",2023-04-06,2023-04-13,2023-04-30,8,24
"BDI",2023-09-03,2023-09-11,2023-09-19,13,16
"BDI",2024-05-04,2024-05-12,2024-05-20,10,16
"BDI",2025-07-01,2025-07-11,2025-07-31,9,30
"BDI",2025-09-22,2025-10-06,2025-10-20,38,28
"BDI",2026-04-05,2026-04-13,2026-04-21,10,16
"BEN",2012-10-13,2012-10-21,2012-10-29,12,16
"BEN",2013-09-17,2013-09-19,2013-09-21,9,4
"BEN",2014-07-08,2014-07-10,2014-07-12,13,4
"BEN",2014-10-27,2014-10-29,2014-10-31,17,4
"BEN",2016-08-28,2016-09-05,2016-09-13,17,16
"BEN",2016-09-29,2016-10-01,2016-10-03,9,4
"BEN",2021-01-07,2021-01-09,2021-01-11,9,4
"BFA",2005-08-21,2005-08-29,2005-09-06,24,16
"CAF",2016-08-08,2016-08-10,2016-08-12,10,4
"CAF",2026-06-20,2026-06-28,2026-07-06,27,16
"CIV",2001-08-26,2001-09-09,2001-09-23,67,28
"CIV",2002-07-28,2002-08-11,2002-08-25,38,28
"CIV",2002-10-26,2002-11-03,2002-11-11,21,16
"CIV",2003-02-22,2003-03-02,2003-03-10,24,16
"CIV",2011-01-30,2011-02-06,2011-02-13,15,14
"CIV",2015-01-06,2015-01-08,2015-01-10,7,4
"CIV",2025-07-02,2025-07-07,2025-07-12,20,10
"CMR",2010-07-30,2010-08-29,2010-09-28,134,60
"CMR",2011-04-18,2011-05-02,2011-05-16,77,28
"CMR",2011-08-05,2011-08-23,2011-09-10,130,36
"CMR",2018-10-15,2018-11-15,2018-12-15,35,61
"CMR",2022-03-07,2022-04-03,2022-05-03,142,57
"CMR",2022-08-15,2022-08-29,2022-09-12,39,28
"CMR",2023-08-27,2023-09-04,2023-09-12,19,16
"CMR",2026-08-16,2026-08-30,2026-09-10,42,25
"COD",2012-02-11,2012-02-23,2012-03-06,247,24
"COD",2015-01-08,2015-01-12,2015-01-26,70,18
"COD",2015-09-09,2015-09-20,2015-10-05,167,26
"COD",2016-07-15,2016-08-07,2016-09-15,116,62
"COD",2016-12-15,2017-01-08,2017-02-15,133,62
"COD",2017-08-26,2017-09-25,2017-10-25,352,60
"COD",2019-09-20,2019-10-08,2019-10-26,118,36
"COD",2020-11-12,2020-11-29,2020-12-10,700,28
"COD",2021-12-06,2021-12-20,2022-01-03,92,28
"COD",2022-04-15,2022-05-01,2022-06-15,54,61
"COD",2022-12-11,2022-12-25,2023-01-18,128,38
"COD",2022-12-25,2023-01-12,2023-01-30,109,36
"COD",2023-03-04,2023-03-20,2023-04-19,273,46
"COD",2023-11-12,2023-12-04,2023-12-30,199,48
"COD",2025-06-14,2025-07-14,2025-08-13,306,60
"COD",2025-12-13,2026-01-12,2026-02-11,259,60
"COD",2026-08-07,2026-09-06,2026-09-20,256,44
"COG",2007-03-21,2007-03-25,2007-03-29,5,8
"COG",2016-08-31,2016-09-01,2016-09-02,1,2
"COG",2018-01-09,2018-01-10,2018-01-11,2,2
"COG",2019-10-21,2019-10-22,2019-10-23,5,2
"COG",2023-08-20,2023-08-22,2023-08-24,7,4
"COG",2025-07-27,2025-08-04,2025-08-12,12,16
"COM",2024-04-06,2024-05-05,2024-06-04,189,59
"ETH",1994-07-30,1994-08-07,1994-08-17,44,18
"ETH",2006-09-15,2006-10-15,2006-11-14,437,60
"ETH",2007-01-06,2007-02-05,2007-03-07,307,60
"ETH",2007-04-13,2007-05-13,2007-06-12,182,60
"ETH",2009-08-05,2009-08-09,2009-08-23,88,18
"ETH",2016-03-08,2016-03-14,2016-03-21,19,13
"ETH",2016-07-10,2016-08-07,2016-09-03,207,55
"ETH",2017-03-04,2017-03-26,2017-04-12,454,39
"ETH",2017-08-01,2017-08-26,2017-09-30,115,60
"ETH",2018-08-07,2018-08-13,2018-08-25,91,18
"ETH",2020-01-08,2020-01-13,2020-01-15,42,7
"ETH",2020-04-24,2020-04-30,2020-05-12,90,18
"ETH",2023-07-14,2023-07-24,2023-08-02,77,19
"ETH",2024-03-24,2024-04-01,2024-04-09,138,16
"ETH",2025-03-23,2025-03-30,2025-04-06,57,14
"ETH",2025-08-05,2025-08-10,2025-08-15,40,10
"GHA",2012-04-06,2012-04-15,2012-04-23,80,17
"GHA",2012-09-13,2012-09-24,2012-09-29,50,16
"GHA",2014-08-01,2014-08-31,2014-09-30,414,60
"GHA",2016-11-01,2016-11-12,2016-12-01,22,30
"GHA",2024-11-16,2024-12-08,2024-12-31,60,45
"GIN",2012-02-01,2012-02-09,2012-03-01,11,29
"GIN",2012-07-30,2012-08-13,2012-09-06,147,38
"GNB",1996-10-19,1996-11-10,1996-11-27,114,39
"GNB",2005-07-23,2005-08-22,2005-09-21,273,60
"GNB",2008-08-22,2008-09-21,2008-10-21,180,60
"GNB",2012-10-25,2012-11-05,2012-11-19,55,25
"KEN",1975-02-06,1975-02-17,1975-02-28,56,22
"KEN",1980-04-09,1980-04-21,1980-05-02,71,23
"KEN",1999-01-13,1999-01-24,1999-02-04,35,22
"KEN",2009-03-11,2009-03-15,2009-03-18,4,7
"KEN",2010-03-16,2010-03-28,2010-04-10,36,25
"KEN",2017-07-12,2017-07-20,2017-07-28,32,16
"KEN",2018-01-05,2018-01-11,2018-01-18,29,13
"KEN",2018-05-06,2018-05-14,2018-05-23,35,17
"KEN",2019-01-23,2019-01-27,2019-01-30,8,7
"KEN",2019-05-21,2019-05-29,2019-06-06,41,16
"KEN",2019-12-03,2019-12-08,2019-12-13,18,10
"KEN",2022-05-07,2022-05-21,2022-06-04,45,28
"KEN",2022-11-27,2022-12-09,2022-12-22,68,25
"KEN",2023-01-07,2023-03-06,2023-05-04,76,117
"KEN",2024-01-13,2024-01-17,2024-01-22,29,9
"KEN",2024-08-04,2024-08-08,2024-08-13,26,9
"KEN",2025-06-22,2025-06-26,2025-07-01,15,9
"LBR",2006-09-16,2006-09-25,2006-10-09,52,23
"MLI",1985-03-10,1985-03-18,1985-03-22,10,12
"MLI",1986-06-14,1986-06-22,1986-06-30,28,16
"MLI",2003-10-26,2003-11-09,2003-11-23,30,28
"MLI",2004-01-21,2004-01-25,2004-02-02,16,12
"MOZ",1983-01-02,1983-01-09,1983-01-20,88,18
"MOZ",2019-03-26,2019-04-08,2019-04-17,330,22
"MOZ",2023-03-06,2023-03-27,2023-04-16,862,41
"MOZ",2024-02-20,2024-02-29,2024-03-09,79,18
"MOZ",2025-03-11,2025-03-20,2025-03-29,76,18
"MOZ",2026-01-26,2026-02-09,2026-02-20,94,25
"MWI",2002-01-24,2002-02-18,2002-03-20,665,55
"MWI",2018-02-15,2018-02-25,2018-03-15,14,28
"MWI",2022-12-26,2023-01-23,2023-02-22,643,58
"NER",1971-05-03,1971-05-17,1971-05-31,71,28
"NER",2005-08-31,2005-09-04,2005-09-08,9,8
"NER",2006-09-16,2006-09-24,2006-09-28,26,12
"NER",2008-06-05,2008-06-08,2008-06-12,6,7
"NER",2008-09-17,2008-09-21,2008-09-29,18,12
"NER",2010-09-11,2010-09-19,2010-09-24,14,13
"NER",2011-06-12,2011-06-20,2011-06-22,18,10
"NER",2011-08-25,2011-09-04,2011-09-09,44,15
"NER",2012-06-13,2012-06-25,2012-07-08,50,25
"NER",2013-05-16,2013-05-20,2013-05-22,5,6
"NER",2014-12-13,2014-12-21,2014-12-24,14,11
"NER",2018-08-19,2018-09-02,2018-09-14,60,26
"NER",2021-08-07,2021-08-30,2021-09-22,117,46
"NER",2024-09-14,2024-09-22,2024-09-30,27,16
"NGA",2014-03-15,2014-03-31,2014-04-16,256,32
"NGA",2017-09-06,2017-09-11,2017-09-23,230,17
"NGA",2018-09-06,2018-09-23,2018-10-04,356,28
"NGA",2021-07-16,2021-08-15,2021-09-14,1076,60
"NGA",2024-09-11,2024-10-17,2024-11-22,224,72
"NGA",2025-08-10,2025-08-25,2025-09-07,270,28
"NGA",2026-06-12,2026-07-12,2026-08-11,931,60
"RWA",2025-03-18,2025-04-03,2025-04-17,83,30
"SDN",2023-11-25,2023-12-04,2023-12-16,209,21
"SDN",2024-09-06,2024-09-30,2024-10-30,703,54
"SDN",2024-11-15,2024-12-15,2024-12-21,197,36
"SDN",2025-02-13,2025-03-02,2025-03-08,261,23
"SDN",2025-05-13,2025-06-02,2025-07-02,640,50
"SEN",1995-12-22,1995-12-31,1996-01-10,65,19
"SEN",2004-10-27,2004-11-01,2004-11-10,45,14
"SEN",2005-03-16,2005-04-04,2005-04-25,384,40
"SEN",2005-08-30,2005-09-22,2005-10-22,175,53
"SEN",2007-09-28,2007-10-08,2007-10-19,82,21
"SLE",2012-02-10,2012-02-24,2012-03-30,66,49
"SLE",2012-07-20,2012-08-19,2012-09-18,289,60
"SOM",1998-02-02,1998-02-12,1998-02-19,123,17
"SOM",1999-01-29,1999-02-07,1999-02-18,105,20
"SOM",2007-03-09,2007-04-08,2007-05-08,330,60
"SOM",2017-04-02,2017-04-20,2017-05-08,479,36
"SOM",2018-05-15,2018-06-02,2018-07-15,57,61
"SOM",2019-03-01,2019-03-15,2019-04-15,18,45
"SOM",2023-03-31,2023-04-16,2023-05-02,124,32
"SOM",2024-02-15,2024-03-28,2024-05-30,120,105
"SOM",2025-04-27,2025-05-22,2025-06-16,68,50
"SSD",2016-06-01,2016-06-15,2016-07-15,30,44
"SSD",2017-02-01,2017-02-15,2017-03-15,25,42
"SSD",2017-06-01,2017-06-15,2017-07-15,35,44
"SSD",2023-03-01,2023-03-15,2023-04-15,20,45
"SSD",2024-12-02,2024-12-23,2025-01-22,619,51
"SSD",2025-04-04,2025-05-04,2025-06-03,462,60
"SSD",2026-05-27,2026-06-14,2026-07-07,102,41
"TCD",1991-06-07,1991-07-07,1991-08-06,150,60
"TCD",1994-08-27,1994-09-04,1994-09-12,14,16
"TCD",1997-05-11,1997-06-02,1997-06-27,203,47
"TCD",1998-09-13,1998-09-27,1998-10-11,69,28
"TCD",2004-08-15,2004-08-26,2004-09-05,122,21
"TCD",2010-09-26,2010-10-10,2010-10-24,92,28
"TCD",2011-05-13,2011-05-22,2011-06-01,59,19
"TCD",2011-10-25,2011-10-31,2011-11-02,13,8
"TCD",2014-10-01,2014-10-04,2014-10-31,9,30
"TCD",2017-08-01,2017-08-15,2017-09-15,15,45
"TCD",2019-10-10,2019-10-20,2019-10-31,2,21
"TCD",2025-08-17,2025-08-31,2025-09-13,59,27
"TCD",2026-08-16,2026-08-23,2026-08-26,15,10
"TGO",2001-09-09,2001-09-23,2001-10-07,37,28
"TGO",2004-01-31,2004-02-08,2004-02-16,11,16
"TGO",2008-12-10,2008-12-14,2008-12-18,9,8
"TZA",1978-10-21,1978-10-29,1978-11-06,28,16
"TZA",1986-08-09,1986-08-17,1986-08-24,13,15
"TZA",2015-09-18,2015-10-18,2015-11-17,109,60
"TZA",2016-02-12,2016-03-13,2016-04-04,102,52
"TZA",2016-12-15,2017-01-19,2017-02-28,33,75
"TZA",2018-02-05,2018-02-12,2018-02-23,33,18
"TZA",2023-06-01,2023-06-15,2023-07-15,25,44
"TZA",2023-10-12,2023-10-16,2023-10-20,9,8
"TZA",2024-02-25,2024-03-10,2024-03-16,32,20
"TZA",2024-10-28,2024-11-11,2024-11-25,91,28
"TZA",2025-05-27,2025-06-02,2025-06-06,19,10
"UGA",1978-12-16,1978-12-31,1979-01-13,106,28
"UGA",2006-05-17,2006-05-22,2006-05-30,14,13
"UGA",2015-04-25,2015-05-01,2015-05-15,6,20
"UGA",2017-07-04,2017-07-13,2017-07-22,33,18
"UGA",2018-02-12,2018-02-26,2018-03-12,71,28
"UGA",2020-12-27,2021-01-01,2021-01-06,25,10
"UGA",2021-11-02,2021-11-04,2021-11-06,8,4
"UGA",2023-07-25,2023-07-27,2023-07-29,7,4
"UGA",2024-05-14,2024-05-16,2024-05-18,7,4
"UGA",2025-01-06,2025-01-08,2025-01-10,9,4
"UGA",2025-07-05,2025-07-10,2025-07-15,15,10
"ZAF",1981-04-27,1981-05-03,1981-05-11,30,14
"ZAF",1982-02-15,1982-03-01,1982-03-15,78,28
"ZAF",2023-05-16,2023-05-29,2023-06-08,35,23
"ZMB",1990-02-11,1990-02-19,1990-02-27,56,16
"ZMB",2004-01-21,2004-01-26,2004-02-10,138,20
"ZMB",2016-02-01,2016-02-15,2016-03-15,12,43
"ZMB",2017-12-15,2018-01-11,2018-02-28,16,75
"ZMB",2023-06-01,2023-06-15,2023-07-01,8,30
"ZMB",2023-12-24,2024-01-15,2024-02-13,451,51
"ZMB",2025-02-01,2025-02-15,2025-03-01,9,28
"ZWE",2008-12-26,2009-01-25,2009-02-24,1236,60
"ZWE",2018-09-09,2018-09-17,2018-09-25,330,16
"ZWE",2023-12-29,2024-01-14,2024-02-01,298,34
"ZWE",2025-03-01,2025-03-15,2025-04-01,7,31
