"country_name","country_iso_code","response","parameter","mean","se","ci_lo","ci_hi","inferred_from_neighbor"
"Angola","AGO","precipitation","a1",1.04002286209952,0.0364284083371876,0.968623181758631,1.11142254244041,NA
"Angola","AGO","precipitation","b1",0.418263574830786,0.0370358954877538,0.345673219674788,0.490853929986783,NA
"Angola","AGO","precipitation","a2",-0.140603448561599,0.0364499770813827,-0.212045403641109,-0.0691614934820885,NA
"Angola","AGO","precipitation","b2",-0.00681518766198745,0.0370136640340021,-0.0793619691686316,0.0657315938446567,NA
"Angola","AGO","cases","a1",0.0125482497331826,0.155543287405487,-0.292316593581571,0.317413093047936,"Tanzania"
"Angola","AGO","cases","b1",0.0607237489022991,0.156799588370722,-0.246603444304316,0.368050942108914,"Tanzania"
"Angola","AGO","cases","a2",-0.0786568387599896,0.160122702297408,-0.392497335262909,0.235183657742929,"Tanzania"
"Angola","AGO","cases","b2",0.248439318547402,0.151768499597423,-0.0490269406635464,0.54590557775835,"Tanzania"
"Benin","BEN","precipitation","a1",-0.99224070144369,0.0348467994931201,-1.06054042845021,-0.923940974437174,NA
"Benin","BEN","precipitation","b1",-0.521751033911484,0.035427911469039,-0.5911897403908,-0.452312327432167,NA
"Benin","BEN","precipitation","a2",-0.192631255799881,0.0348674322441589,-0.260971422998433,-0.12429108860133,NA
"Benin","BEN","precipitation","b2",0.14237604936387,0.0354066501451654,0.072979015079346,0.211773083648394,NA
"Benin","BEN","cases","a1",-0.276784486541279,0.140744508213021,-0.5526437226388,-0.000925250443757908,"Nigeria"
"Benin","BEN","cases","b1",-0.186988845165537,0.144911558345617,-0.471015499522947,0.0970378091918725,"Nigeria"
"Benin","BEN","cases","a2",0.194242282419036,0.143907690098278,-0.0878167901735891,0.476301355011661,"Nigeria"
"Benin","BEN","cases","b2",0.430336235682865,0.14069584971126,0.154572370248796,0.706100101116935,"Nigeria"
"Botswana","BWA","precipitation","a1",0.756349862961814,0.0479680856562847,0.662332415075496,0.850367310848132,NA
"Botswana","BWA","precipitation","b1",0.352483729772652,0.0487680100265354,0.256898430120642,0.448069029424661,NA
"Botswana","BWA","precipitation","a2",0.126512167258263,0.0479964867342496,0.0324390532591341,0.220585281257392,NA
"Botswana","BWA","precipitation","b2",0.178044524383147,0.0487387438102231,0.0825165865151093,0.273572462251184,NA
"Botswana","BWA","cases","a1",1.11639779374561,0.100185905077183,0.920033419794337,1.31276216769689,"Zimbabwe"
"Botswana","BWA","cases","b1",0.296113988246943,0.0996434184953345,0.100812887996087,0.491415088497798,"Zimbabwe"
"Botswana","BWA","cases","a2",0.502688735357122,0.100795085049079,0.305130368660927,0.700247102053318,"Zimbabwe"
"Botswana","BWA","cases","b2",-0.0779664888121034,0.0989431633232201,-0.271895088925615,0.115962111301408,"Zimbabwe"
"Burkina Faso","BFA","precipitation","a1",-0.969175594818778,0.030598039055843,-1.02914775136823,-0.909203438269326,NA
"Burkina Faso","BFA","precipitation","b1",-0.600925790100306,0.031108297417454,-0.661898053038516,-0.539953527162096,NA
"Burkina Faso","BFA","precipitation","a2",0.00481757790098608,0.0306161428759585,-0.0551900621358926,0.0648252179378647,NA
"Burkina Faso","BFA","precipitation","b2",0.431712622649567,0.0310896285589965,0.370776950673933,0.4926482946252,NA
"Burkina Faso","BFA","cases","a1",-0.276784486541279,0.140744508213021,-0.5526437226388,-0.000925250443757908,"Nigeria"
"Burkina Faso","BFA","cases","b1",-0.186988845165537,0.144911558345617,-0.471015499522947,0.0970378091918725,"Nigeria"
"Burkina Faso","BFA","cases","a2",0.194242282419036,0.143907690098278,-0.0878167901735891,0.476301355011661,"Nigeria"
"Burkina Faso","BFA","cases","b2",0.430336235682865,0.14069584971126,0.154572370248796,0.706100101116935,"Nigeria"
"Burundi","BDI","precipitation","a1",0.850482157995724,0.0420345905190257,0.768094360578434,0.932869955413015,NA
"Burundi","BDI","precipitation","b1",0.361689302830883,0.0427355672042888,0.277927591110477,0.445451014551289,NA
"Burundi","BDI","precipitation","a2",-0.244559371897645,0.0420594785930947,-0.32699594994011,-0.162122793855179,NA
"Burundi","BDI","precipitation","b2",-0.378927279628111,0.0427099207833693,-0.462638724363515,-0.295215834892707,NA
"Burundi","BDI","cases","a1",-0.288814161382917,0.130915953930257,-0.545409431086221,-0.0322188916796123,NA
"Burundi","BDI","cases","b1",-0.385592044628448,0.135016646253054,-0.650224671284434,-0.120959417972463,NA
"Burundi","BDI","cases","a2",-0.46757820755087,0.134413504112814,-0.731028675611986,-0.204127739489755,NA
"Burundi","BDI","cases","b2",-0.394176945378494,0.130741151780655,-0.650429602868578,-0.13792428788841,NA
"Cameroon","CMR","precipitation","a1",-0.805270786322209,0.0312515888522176,-0.866523900472555,-0.744017672171862,NA
"Cameroon","CMR","precipitation","b1",-0.540365477502286,0.0317727459893931,-0.602640059641497,-0.478090895363076,NA
"Cameroon","CMR","precipitation","a2",-0.599835448489511,0.0312700924561024,-0.661124829703472,-0.53854606727555,NA
"Cameroon","CMR","precipitation","b2",-0.333803397485761,0.0317536788305824,-0.396040607993702,-0.271566186977819,NA
"Cameroon","CMR","cases","a1",-0.639028983166558,0.149191283136614,-0.931443898114321,-0.346614068218795,NA
"Cameroon","CMR","cases","b1",0.00790517650543676,0.139604919788646,-0.26572046628031,0.281530819291184,NA
"Cameroon","CMR","cases","a2",0.0769278725406704,0.144802283495689,-0.20688460311088,0.36074034819222,NA
"Cameroon","CMR","cases","b2",-0.280256378533658,0.143805520605103,-0.562115198919661,0.0016024418523447,NA
"Central African Republic","CAF","precipitation","a1",-0.913402569697688,0.0277042803104297,-0.96770295910613,-0.859102180289246,NA
"Central African Republic","CAF","precipitation","b1",-0.628850437508805,0.0281662820963831,-0.684056350417716,-0.573644524599894,NA
"Central African Republic","CAF","precipitation","a2",-0.541137364884944,0.0277206835714932,-0.595469904685071,-0.486804825084818,NA
"Central African Republic","CAF","precipitation","b2",-0.0408402982757705,0.0281493798332316,-0.0960130827489045,0.0143324861973634,NA
"Central African Republic","CAF","cases","a1",-0.639028983166558,0.149191283136614,-0.931443898114321,-0.346614068218795,"Cameroon"
"Central African Republic","CAF","cases","b1",0.00790517650543676,0.139604919788646,-0.26572046628031,0.281530819291184,"Cameroon"
"Central African Republic","CAF","cases","a2",0.0769278725406704,0.144802283495689,-0.20688460311088,0.36074034819222,"Cameroon"
"Central African Republic","CAF","cases","b2",-0.280256378533658,0.143805520605103,-0.562115198919661,0.0016024418523447,"Cameroon"
"Chad","TCD","precipitation","a1",-0.932626516842271,0.028817762677149,-0.989109331689483,-0.876143701995059,NA
"Chad","TCD","precipitation","b1",-0.638244514883139,0.0292983328103975,-0.695669247191518,-0.58081978257476,NA
"Chad","TCD","precipitation","a2",0.0474216035341498,0.0288348249168281,-0.00909465330283318,0.103937860371133,NA
"Chad","TCD","precipitation","b2",0.520516990629918,0.0292807504524434,0.463126719743129,0.577907261516707,NA
"Chad","TCD","cases","a1",-0.276784486541279,0.140744508213021,-0.5526437226388,-0.000925250443757908,"Nigeria"
"Chad","TCD","cases","b1",-0.186988845165537,0.144911558345617,-0.471015499522947,0.0970378091918725,"Nigeria"
"Chad","TCD","cases","a2",0.194242282419036,0.143907690098278,-0.0878167901735891,0.476301355011661,"Nigeria"
"Chad","TCD","cases","b2",0.430336235682865,0.14069584971126,0.154572370248796,0.706100101116935,"Nigeria"
"Congo","COG","precipitation","a1",0.590037203894376,0.0377439047999636,0.516059150486448,0.664015257302305,NA
"Congo","COG","precipitation","b1",0.120483501144201,0.0383733290913795,0.0452717761250976,0.195695226163305,NA
"Congo","COG","precipitation","a2",-0.693467286206382,0.0377662524376128,-0.767489140984103,-0.619445431428661,NA
"Congo","COG","precipitation","b2",-0.642785210983234,0.0383503006547134,-0.717951800266473,-0.567618621699996,NA
"Congo","COG","cases","a1",0.320538946114949,0.143228998090608,0.0398101098573573,0.601267782372541,"Democratic Republic of Congo"
"Congo","COG","cases","b1",0.289039433001172,0.145917030685387,0.00304205285781423,0.575036813144529,"Democratic Republic of Congo"
"Congo","COG","cases","a2",-0.139004355597215,0.147268077620555,-0.427649787733502,0.149641076539072,"Democratic Republic of Congo"
"Congo","COG","cases","b2",-0.292036258103923,0.141243672401509,-0.56887385601088,-0.0151986601969657,"Democratic Republic of Congo"
"Democratic Republic of Congo","COD","precipitation","a1",0.706917953034172,0.0358755159149543,0.636601941840862,0.777233964227483,NA
"Democratic Republic of Congo","COD","precipitation","b1",-0.0671354478529007,0.0364737836391633,-0.138624063785661,0.00435316807985932,NA
"Democratic Republic of Congo","COD","precipitation","a2",-0.79656432380676,0.0358967574572362,-0.866921968422943,-0.726206679190577,NA
"Democratic Republic of Congo","COD","precipitation","b2",-0.441272888970043,0.0364518942545698,-0.512718601709,-0.369827176231087,NA
"Democratic Republic of Congo","COD","cases","a1",0.320538946114949,0.143228998090608,0.0398101098573573,0.601267782372541,NA
"Democratic Republic of Congo","COD","cases","b1",0.289039433001172,0.145917030685387,0.00304205285781423,0.575036813144529,NA
"Democratic Republic of Congo","COD","cases","a2",-0.139004355597215,0.147268077620555,-0.427649787733502,0.149641076539072,NA
"Democratic Republic of Congo","COD","cases","b2",-0.292036258103923,0.141243672401509,-0.56887385601088,-0.0151986601969657,NA
"Côte d’Ivoire","CIV","precipitation","a1",-0.766083553922155,0.0440288618213128,-0.852380123091928,-0.679786984752382,NA
"Côte d’Ivoire","CIV","precipitation","b1",-0.267772452070387,0.0447630955366887,-0.355508119322297,-0.180036784818477,NA
"Côte d’Ivoire","CIV","precipitation","a2",-0.407710850960079,0.0440549309525625,-0.494058515627102,-0.321363186293057,NA
"Côte d’Ivoire","CIV","precipitation","b2",-0.302569578779889,0.0447362322171288,-0.390252593925461,-0.214886563634316,NA
"Côte d’Ivoire","CIV","cases","a1",-0.163467572366021,0.21744082776698,-0.589651594789302,0.262716450057261,"Togo"
"Côte d’Ivoire","CIV","cases","b1",-0.623461645186518,0.272870975123108,-1.15828875642781,-0.0886345339452251,"Togo"
"Côte d’Ivoire","CIV","cases","a2",-0.273356481374424,0.238805544008521,-0.741415347631124,0.194702384882276,"Togo"
"Côte d’Ivoire","CIV","cases","b2",0.28093309088695,0.240317292027923,-0.190088801487778,0.751954983261679,"Togo"
"Equatorial Guinea","GNQ","precipitation","a1",0.264830599912372,0.0421289409254477,0.182257875698494,0.347403324126249,NA
"Equatorial Guinea","GNQ","precipitation","b1",-0.04750806919257,0.0428314904293381,-0.131457790434073,0.0364416520489326,NA
"Equatorial Guinea","GNQ","precipitation","a2",-0.65101183037149,0.0421538848654166,-0.733633444707707,-0.568390216035274,NA
"Equatorial Guinea","GNQ","precipitation","b2",-0.748235244623311,0.0428057868189203,-0.832134586788394,-0.664335902458227,NA
"Equatorial Guinea","GNQ","cases","a1",0.320538946114949,0.143228998090608,0.0398101098573573,0.601267782372541,"Democratic Republic of Congo"
"Equatorial Guinea","GNQ","cases","b1",0.289039433001172,0.145917030685387,0.00304205285781423,0.575036813144529,"Democratic Republic of Congo"
"Equatorial Guinea","GNQ","cases","a2",-0.139004355597215,0.147268077620555,-0.427649787733502,0.149641076539072,"Democratic Republic of Congo"
"Equatorial Guinea","GNQ","cases","b2",-0.292036258103923,0.141243672401509,-0.56887385601088,-0.0151986601969657,"Democratic Republic of Congo"
"Eritrea","ERI","precipitation","a1",-0.674551217637721,0.0441937145039052,-0.761170898065375,-0.587931537210067,NA
"Eritrea","ERI","precipitation","b1",-0.347553691846243,0.0449306972858387,-0.435617858526487,-0.259489525165999,NA
"Eritrea","ERI","precipitation","a2",0.125464348596005,0.044219881627708,0.0387933806056973,0.212135316586313,NA
"Eritrea","ERI","precipitation","b2",0.606185900666059,0.044903733943887,0.51817458213604,0.694197219196077,NA
"Eritrea","ERI","cases","a1",-0.276784486541279,0.140744508213021,-0.5526437226388,-0.000925250443757908,"Nigeria"
"Eritrea","ERI","cases","b1",-0.186988845165537,0.144911558345617,-0.471015499522947,0.0970378091918725,"Nigeria"
"Eritrea","ERI","cases","a2",0.194242282419036,0.143907690098278,-0.0878167901735891,0.476301355011661,"Nigeria"
"Eritrea","ERI","cases","b2",0.430336235682865,0.14069584971126,0.154572370248796,0.706100101116935,"Nigeria"
"Eswatini","SWZ","precipitation","a1",0.640610823525874,0.0539196470351418,0.534928315336996,0.746293331714751,NA
"Eswatini","SWZ","precipitation","b1",0.128103531154816,0.0548188206406658,0.0206586426991105,0.235548419610521,NA
"Eswatini","SWZ","precipitation","a2",0.0523403349260455,0.0539515722415368,-0.0534047466673666,0.158085416519458,NA
"Eswatini","SWZ","precipitation","b2",-0.00887204870944192,0.0547859265144773,-0.116252464677817,0.0985083672589336,NA
"Eswatini","SWZ","cases","a1",-0.384045186211288,0.280906818760215,-0.93462255098131,0.166532178558734,"South Africa"
"Eswatini","SWZ","cases","b1",-0.517625480398027,0.260203379883787,-1.02762410497025,-0.00762685582580402,"South Africa"
"Eswatini","SWZ","cases","a2",0.119147397500415,0.249434664583912,-0.369744545084052,0.608039340084881,"South Africa"
"Eswatini","SWZ","cases","b2",0.603657530197175,0.294195607830121,0.0270341388501374,1.18028092154421,"South Africa"
"Ethiopia","ETH","precipitation","a1",-0.877469722924868,0.0410209402009792,-0.957870765718787,-0.797068680130948,NA
"Ethiopia","ETH","precipitation","b1",-0.384794055527996,0.0417050131253694,-0.46653588125372,-0.303052229802272,NA
"Ethiopia","ETH","precipitation","a2",-0.366475439043874,0.0410452282521638,-0.446924086418115,-0.286026791669633,NA
"Ethiopia","ETH","precipitation","b2",0.0313196165734441,0.0416799843747475,-0.050373152801061,0.113012385947949,NA
"Ethiopia","ETH","cases","a1",-0.468103026257506,0.143604809381178,-0.749568452644614,-0.186637599870398,NA
"Ethiopia","ETH","cases","b1",0.0238284803280179,0.14603724656855,-0.262404522946341,0.310061483602377,NA
"Ethiopia","ETH","cases","a2",-0.331153947496495,0.147535028386353,-0.620322603133747,-0.0419852918592423,NA
"Ethiopia","ETH","cases","b2",-0.0978652868132562,0.141456113305055,-0.375119268891165,0.179388695264653,NA
"Gabon","GAB","precipitation","a1",0.763764216695881,0.0367502248257786,0.691733776037355,0.835794657354407,NA
"Gabon","GAB","precipitation","b1",0.314619090005432,0.0373630782144965,0.241387456705019,0.387850723305845,NA
"Gabon","GAB","precipitation","a2",-0.372800327646998,0.0367719840874102,-0.444873416458322,-0.300727238835674,NA
"Gabon","GAB","precipitation","b2",-0.687276673199064,0.0373406559886716,-0.76046435893686,-0.614088987461267,NA
"Gabon","GAB","cases","a1",0.320538946114949,0.143228998090608,0.0398101098573573,0.601267782372541,"Democratic Republic of Congo"
"Gabon","GAB","cases","b1",0.289039433001172,0.145917030685387,0.00304205285781423,0.575036813144529,"Democratic Republic of Congo"
"Gabon","GAB","cases","a2",-0.139004355597215,0.147268077620555,-0.427649787733502,0.149641076539072,"Democratic Republic of Congo"
"Gabon","GAB","cases","b2",-0.292036258103923,0.141243672401509,-0.56887385601088,-0.0151986601969657,"Democratic Republic of Congo"
"Gambia","GMB","precipitation","a1",-0.542259665764099,0.0393111781362825,-0.619309574911213,-0.465209756616985,NA
"Gambia","GMB","precipitation","b1",-0.732137232676559,0.0399667384986929,-0.810472040133997,-0.653802425219121,NA
"Gambia","GMB","precipitation","a2",-0.178600163427656,0.0393344533828276,-0.255695692057998,-0.101504634797313,NA
"Gambia","GMB","precipitation","b2",0.553576059744272,0.0399427538236065,0.475288262250003,0.63186385723854,NA
"Gambia","GMB","cases","a1",-0.276784486541279,0.140744508213021,-0.5526437226388,-0.000925250443757908,"Nigeria"
"Gambia","GMB","cases","b1",-0.186988845165537,0.144911558345617,-0.471015499522947,0.0970378091918725,"Nigeria"
"Gambia","GMB","cases","a2",0.194242282419036,0.143907690098278,-0.0878167901735891,0.476301355011661,"Nigeria"
"Gambia","GMB","cases","b2",0.430336235682865,0.14069584971126,0.154572370248796,0.706100101116935,"Nigeria"
"Ghana","GHA","precipitation","a1",-0.755073204265575,0.0455932474051428,-0.844435969179654,-0.665710439351495,NA
"Ghana","GHA","precipitation","b1",-0.323578882980944,0.0463535690069346,-0.414431878234535,-0.232725887727352,NA
"Ghana","GHA","precipitation","a2",-0.346619295335246,0.0456202424900241,-0.436034970615693,-0.257203620054799,NA
"Ghana","GHA","precipitation","b2",-0.228126819902431,0.046325751514546,-0.318925292870941,-0.137328346933921,NA
"Ghana","GHA","cases","a1",-0.163467572366021,0.21744082776698,-0.589651594789302,0.262716450057261,"Togo"
"Ghana","GHA","cases","b1",-0.623461645186518,0.272870975123108,-1.15828875642781,-0.0886345339452251,"Togo"
"Ghana","GHA","cases","a2",-0.273356481374424,0.238805544008521,-0.741415347631124,0.194702384882276,"Togo"
"Ghana","GHA","cases","b2",0.28093309088695,0.240317292027923,-0.190088801487778,0.751954983261679,"Togo"
"Guinea","GIN","precipitation","a1",-0.917448714959162,0.028717647060101,-0.97373530319696,-0.861162126721364,NA
"Guinea","GIN","precipitation","b1",-0.780977425512319,0.0291965478083496,-0.838202659216684,-0.723752191807953,NA
"Guinea","GIN","precipitation","a2",-0.10147059192598,0.0287346511447459,-0.157790508169682,-0.0451506756822778,NA
"Guinea","GIN","precipitation","b2",0.27708402235786,0.0291790265969901,0.219893130227759,0.33427491448796,NA
"Guinea","GIN","cases","a1",-0.276784486541279,0.140744508213021,-0.5526437226388,-0.000925250443757908,"Nigeria"
"Guinea","GIN","cases","b1",-0.186988845165537,0.144911558345617,-0.471015499522947,0.0970378091918725,"Nigeria"
"Guinea","GIN","cases","a2",0.194242282419036,0.143907690098278,-0.0878167901735891,0.476301355011661,"Nigeria"
"Guinea","GIN","cases","b2",0.430336235682865,0.14069584971126,0.154572370248796,0.706100101116935,"Nigeria"
"Guinea-Bissau","GNB","precipitation","a1",-0.621956236124566,0.0389487474603494,-0.698295781146851,-0.545616691102281,NA
"Guinea-Bissau","GNB","precipitation","b1",-0.721105072329977,0.0395982641813749,-0.798717670125472,-0.643492474534483,NA
"Guinea-Bissau","GNB","precipitation","a2",-0.0531907965111661,0.0389718090107032,-0.129575542172144,0.0231939491498121,NA
"Guinea-Bissau","GNB","precipitation","b2",0.526179013855651,0.0395745001609774,0.448612993540135,0.603745034171166,NA
"Guinea-Bissau","GNB","cases","a1",-0.276784486541279,0.140744508213021,-0.5526437226388,-0.000925250443757908,"Nigeria"
"Guinea-Bissau","GNB","cases","b1",-0.186988845165537,0.144911558345617,-0.471015499522947,0.0970378091918725,"Nigeria"
"Guinea-Bissau","GNB","cases","a2",0.194242282419036,0.143907690098278,-0.0878167901735891,0.476301355011661,"Nigeria"
"Guinea-Bissau","GNB","cases","b2",0.430336235682865,0.14069584971126,0.154572370248796,0.706100101116935,"Nigeria"
"Kenya","KEN","precipitation","a1",-0.0113566267695608,0.0558878076420131,-0.120896729747906,0.0981834762087848,NA
"Kenya","KEN","precipitation","b1",-0.0632296573273514,0.0568198008209252,-0.174596466936365,0.048137152281662,NA
"Kenya","KEN","precipitation","a2",-0.258830378964775,0.0559208962283016,-0.368435335572246,-0.149225422357304,NA
"Kenya","KEN","precipitation","b2",-0.503923853075031,0.0567857024955828,-0.615223829966373,-0.392623876183688,NA
"Kenya","KEN","cases","a1",0.03283472639944,0.14430631815862,-0.250005657191455,0.315675109990335,NA
"Kenya","KEN","cases","b1",0.508601308435362,0.149604747320085,0.215376003687996,0.801826613182728,NA
"Kenya","KEN","cases","a2",-0.167398334621967,0.147472380003327,-0.456444199428487,0.121647530184554,NA
"Kenya","KEN","cases","b2",0.119057852063352,0.146400335582915,-0.167886805679163,0.406002509805866,NA
"Lesotho","LSO","precipitation","a1",0.754499843374238,0.0510087558272713,0.654522681952787,0.85447700479569,NA
"Lesotho","LSO","precipitation","b1",0.153608331229845,0.051859387368564,0.0519639319874591,0.25525273047223,NA
"Lesotho","LSO","precipitation","a2",-0.0369923887154675,0.0510389566444312,-0.137028743738553,0.0630439663076176,NA
"Lesotho","LSO","precipitation","b2",0.0185205659001642,0.0518282693804796,-0.0830628420855758,0.120103973885904,NA
"Lesotho","LSO","cases","a1",-0.384045186211288,0.280906818760215,-0.93462255098131,0.166532178558734,"South Africa"
"Lesotho","LSO","cases","b1",-0.517625480398027,0.260203379883787,-1.02762410497025,-0.00762685582580402,"South Africa"
"Lesotho","LSO","cases","a2",0.119147397500415,0.249434664583912,-0.369744545084052,0.608039340084881,"South Africa"
"Lesotho","LSO","cases","b2",0.603657530197175,0.294195607830121,0.0270341388501374,1.18028092154421,"South Africa"
"Liberia","LBR","precipitation","a1",-0.629379609191761,0.0496336139101725,-0.726661492455699,-0.532097725927823,NA
"Liberia","LBR","precipitation","b1",-0.353787570418315,0.0504613128538715,-0.452691743611903,-0.254883397224727,NA
"Liberia","LBR","precipitation","a2",-0.243034141747559,0.0496630014885357,-0.340373624665089,-0.145694658830029,NA
"Liberia","LBR","precipitation","b2",-0.272706027606792,0.0504310302597725,-0.371550846915946,-0.173861208297638,NA
"Liberia","LBR","cases","a1",-0.163467572366021,0.21744082776698,-0.589651594789302,0.262716450057261,"Togo"
"Liberia","LBR","cases","b1",-0.623461645186518,0.272870975123108,-1.15828875642781,-0.0886345339452251,"Togo"
"Liberia","LBR","cases","a2",-0.273356481374424,0.238805544008521,-0.741415347631124,0.194702384882276,"Togo"
"Liberia","LBR","cases","b2",0.28093309088695,0.240317292027923,-0.190088801487778,0.751954983261679,"Togo"
"Malawi","MWI","precipitation","a1",0.836085974369381,0.0401225949426126,0.75744568828186,0.914726260456902,NA
"Malawi","MWI","precipitation","b1",0.448523249808531,0.040791686735974,0.368571543806022,0.52847495581104,NA
"Malawi","MWI","precipitation","a2",0.260027673062947,0.0401463509164383,0.181340825266728,0.338714520859166,NA
"Malawi","MWI","precipitation","b2",0.362699264579857,0.0407672071433662,0.282795538578859,0.442602990580855,NA
"Malawi","MWI","cases","a1",0.508134445117909,0.127112682727179,0.258993586972639,0.757275303263179,NA
"Malawi","MWI","cases","b1",0.399872083281589,0.13109424544413,0.142927362211094,0.656816804352083,NA
"Malawi","MWI","cases","a2",0.167620421943529,0.130508625028878,-0.0881764831130717,0.423417327000129,NA
"Malawi","MWI","cases","b2",0.400498647989059,0.12694295991993,0.151690446545997,0.649306849432121,NA
"Mali","MLI","precipitation","a1",-0.891386472505295,0.0276555499954683,-0.945591350496413,-0.837181594514177,NA
"Mali","MLI","precipitation","b1",-0.687906007454527,0.0281167391747754,-0.743014816237087,-0.632797198671967,NA
"Mali","MLI","precipitation","a2",0.0546529066748009,0.0276719243881773,0.000415934873973511,0.108889878475628,NA
"Mali","MLI","precipitation","b2",0.563974882783043,0.0280998658216625,0.508899145772584,0.619050619793501,NA
"Mali","MLI","cases","a1",-0.276784486541279,0.140744508213021,-0.5526437226388,-0.000925250443757908,"Nigeria"
"Mali","MLI","cases","b1",-0.186988845165537,0.144911558345617,-0.471015499522947,0.0970378091918725,"Nigeria"
"Mali","MLI","cases","a2",0.194242282419036,0.143907690098278,-0.0878167901735891,0.476301355011661,"Nigeria"
"Mali","MLI","cases","b2",0.430336235682865,0.14069584971126,0.154572370248796,0.706100101116935,"Nigeria"
"Mauritania","MRT","precipitation","a1",-0.497035872646291,0.0462077456412865,-0.587603054103213,-0.40646869118937,NA
"Mauritania","MRT","precipitation","b1",-0.562806480918122,0.0469783146400365,-0.654883977612594,-0.470728984223651,NA
"Mauritania","MRT","precipitation","a2",-0.102977577658976,0.046235105034967,-0.193598383527512,-0.012356771790441,NA
"Mauritania","MRT","precipitation","b2",0.529317837341572,0.0469501215944307,0.437295599016488,0.621340075666657,NA
"Mauritania","MRT","cases","a1",-0.276784486541279,0.140744508213021,-0.5526437226388,-0.000925250443757908,"Nigeria"
"Mauritania","MRT","cases","b1",-0.186988845165537,0.144911558345617,-0.471015499522947,0.0970378091918725,"Nigeria"
"Mauritania","MRT","cases","a2",0.194242282419036,0.143907690098278,-0.0878167901735891,0.476301355011661,"Nigeria"
"Mauritania","MRT","cases","b2",0.430336235682865,0.14069584971126,0.154572370248796,0.706100101116935,"Nigeria"
"Mozambique","MOZ","precipitation","a1",0.842175693521248,0.0412307706246796,0.761363383096876,0.92298800394562,NA
"Mozambique","MOZ","precipitation","b1",0.415571840285774,0.0419183427074625,0.333411888579148,0.497731791992401,NA
"Mozambique","MOZ","precipitation","a2",0.26982016997898,0.0412551827260473,0.188960011835927,0.350680328122032,NA
"Mozambique","MOZ","precipitation","b2",0.308774555835341,0.0418931865369958,0.226663910222829,0.390885201447853,NA
"Mozambique","MOZ","cases","a1",0.225486568664277,0.13421297713506,-0.037570866520441,0.488544003848994,NA
"Mozambique","MOZ","cases","b1",0.496112224493974,0.138416944393187,0.224815013483327,0.76740943550462,NA
"Mozambique","MOZ","cases","a2",-0.349061664588004,0.137798611224099,-0.619146942587238,-0.0789763865887698,NA
"Mozambique","MOZ","cases","b2",0.0110471567474698,0.134033758841048,-0.251659010580985,0.273753324075924,NA
"Namibia","NAM","precipitation","a1",0.65768736682,0.0468250767331001,0.565910216423124,0.749464517216876,NA
"Namibia","NAM","precipitation","b1",0.545484923306393,0.0476059405387885,0.452177279850368,0.638792566762419,NA
"Namibia","NAM","precipitation","a2",-0.112109910071089,0.04685280149803,-0.203941401007228,-0.0202784191349505,NA
"Namibia","NAM","precipitation","b2",0.280522719287008,0.0475773713046901,0.187271071529815,0.3737743670442,NA
"Namibia","NAM","cases","a1",0.680989823982206,0.127971153391691,0.430166363334491,0.931813284629921,"Zambia"
"Namibia","NAM","cases","b1",0.230159578372832,0.130974735621056,-0.0265509034444389,0.486870060190102,"Zambia"
"Namibia","NAM","cases","a2",0.424059830389155,0.130962738142701,0.16737286362946,0.68074679714885,"Zambia"
"Namibia","NAM","cases","b2",0.198775673292046,0.128068489489376,-0.052238566107132,0.449789912691223,"Zambia"
"Niger","NER","precipitation","a1",-0.746278792185538,0.0424152822792407,-0.82941274545285,-0.663144838918226,NA
"Niger","NER","precipitation","b1",-0.48227739739382,0.0431226076877635,-0.566797708461836,-0.397757086325803,NA
"Niger","NER","precipitation","a2",0.117351804689735,0.0424403959445787,0.0341686286383612,0.20053498074111,NA
"Niger","NER","precipitation","b2",0.484346200240305,0.043096729037764,0.399876611326287,0.568815789154322,NA
"Niger","NER","cases","a1",-0.276784486541279,0.140744508213021,-0.5526437226388,-0.000925250443757908,"Nigeria"
"Niger","NER","cases","b1",-0.186988845165537,0.144911558345617,-0.471015499522947,0.0970378091918725,"Nigeria"
"Niger","NER","cases","a2",0.194242282419036,0.143907690098278,-0.0878167901735891,0.476301355011661,"Nigeria"
"Niger","NER","cases","b2",0.430336235682865,0.14069584971126,0.154572370248796,0.706100101116935,"Nigeria"
"Nigeria","NGA","precipitation","a1",-1.01718435844769,0.0301095099447241,-1.07619899793935,-0.958169718956032,NA
"Nigeria","NGA","precipitation","b1",-0.617011928923837,0.0306116220273857,-0.677010708097513,-0.557013149750161,NA
"Nigeria","NGA","precipitation","a2",-0.215880210087998,0.0301273374483446,-0.274929791486754,-0.156830628689243,NA
"Nigeria","NGA","precipitation","b2",0.115722760426936,0.0305932515236108,0.0557599874406588,0.175685533413213,NA
"Nigeria","NGA","cases","a1",-0.276784486541279,0.140744508213021,-0.5526437226388,-0.000925250443757908,NA
"Nigeria","NGA","cases","b1",-0.186988845165537,0.144911558345617,-0.471015499522947,0.0970378091918725,NA
"Nigeria","NGA","cases","a2",0.194242282419036,0.143907690098278,-0.0878167901735891,0.476301355011661,NA
"Nigeria","NGA","cases","b2",0.430336235682865,0.14069584971126,0.154572370248796,0.706100101116935,NA
"Rwanda","RWA","precipitation","a1",0.647368998366016,0.0459684039386972,0.55727092664617,0.737467070085863,NA
"Rwanda","RWA","precipitation","b1",0.245062902548629,0.0467349817577536,0.153462338303432,0.336663466793825,NA
"Rwanda","RWA","precipitation","a2",-0.410802991888654,0.0459956215961846,-0.500954410217176,-0.320651573560132,NA
"Rwanda","RWA","precipitation","b2",-0.482429427400451,0.0467069353060948,-0.573975020600396,-0.390883834200505,NA
"Rwanda","RWA","cases","a1",-0.288814161382917,0.130915953930257,-0.545409431086221,-0.0322188916796123,"Burundi"
"Rwanda","RWA","cases","b1",-0.385592044628448,0.135016646253054,-0.650224671284434,-0.120959417972463,"Burundi"
"Rwanda","RWA","cases","a2",-0.46757820755087,0.134413504112814,-0.731028675611986,-0.204127739489755,"Burundi"
"Rwanda","RWA","cases","b2",-0.394176945378494,0.130741151780655,-0.650429602868578,-0.13792428788841,"Burundi"
"Senegal","SEN","precipitation","a1",-0.576788898626911,0.03747068987205,-0.650231450776129,-0.503346346477693,NA
"Senegal","SEN","precipitation","b1",-0.756209393833589,0.0380955581501406,-0.830876687807865,-0.681542099859314,NA
"Senegal","SEN","precipitation","a2",-0.182606519053906,0.0374928761342753,-0.256092556277086,-0.109120481830727,NA
"Senegal","SEN","precipitation","b2",0.55240471907913,0.0380726965602579,0.477782233821024,0.627027204337235,NA
"Senegal","SEN","cases","a1",-0.276784486541279,0.140744508213021,-0.5526437226388,-0.000925250443757908,"Nigeria"
"Senegal","SEN","cases","b1",-0.186988845165537,0.144911558345617,-0.471015499522947,0.0970378091918725,"Nigeria"
"Senegal","SEN","cases","a2",0.194242282419036,0.143907690098278,-0.0878167901735891,0.476301355011661,"Nigeria"
"Senegal","SEN","cases","b2",0.430336235682865,0.14069584971126,0.154572370248796,0.706100101116935,"Nigeria"
"Sierra Leone","SLE","precipitation","a1",-0.799745301929827,0.0401146760857944,-0.878370067057984,-0.72112053680167,NA
"Sierra Leone","SLE","precipitation","b1",-0.678900943693858,0.0407836357501707,-0.758836869764193,-0.598965017623524,NA
"Sierra Leone","SLE","precipitation","a2",-0.0976377377641413,0.0401384274793705,-0.176309055623707,-0.0189664199045752,NA
"Sierra Leone","SLE","precipitation","b2",0.0978334452784689,0.0407591609551064,0.0179454898064605,0.177721400750477,NA
"Sierra Leone","SLE","cases","a1",-0.276784486541279,0.140744508213021,-0.5526437226388,-0.000925250443757908,"Nigeria"
"Sierra Leone","SLE","cases","b1",-0.186988845165537,0.144911558345617,-0.471015499522947,0.0970378091918725,"Nigeria"
"Sierra Leone","SLE","cases","a2",0.194242282419036,0.143907690098278,-0.0878167901735891,0.476301355011661,"Nigeria"
"Sierra Leone","SLE","cases","b2",0.430336235682865,0.14069584971126,0.154572370248796,0.706100101116935,"Nigeria"
"Somalia","SOM","precipitation","a1",0.0466545524312262,0.0435639077302958,-0.0387307067201537,0.132039811582606,NA
"Somalia","SOM","precipitation","b1",-0.00363016528630289,0.0442903826159968,-0.0904393152136566,0.0831789846410508,NA
"Somalia","SOM","precipitation","a2",-0.524876872455063,0.0435897011006264,-0.61031268661229,-0.439441058297835,NA
"Somalia","SOM","precipitation","b2",-0.840075870314322,0.0442638073310785,-0.926832932683236,-0.753318807945408,NA
"Somalia","SOM","cases","a1",-0.165502833904404,0.0925757311896699,-0.346951267036157,0.0159455992273492,NA
"Somalia","SOM","cases","b1",0.843780887819118,0.0954754895508345,0.656648928299482,1.03091284733875,NA
"Somalia","SOM","cases","a2",-0.230164051035172,0.095048983839531,-0.416460059360653,-0.0438680427096915,NA
"Somalia","SOM","cases","b2",-0.580886458800104,0.0924521220983168,-0.762092618112805,-0.399680299487403,NA
"South Africa","ZAF","precipitation","a1",0.733511042712778,0.0500734641096588,0.635367053057846,0.831655032367709,NA
"South Africa","ZAF","precipitation","b1",0.320492450049007,0.0509084986371421,0.220711792720209,0.420273107377806,NA
"South Africa","ZAF","precipitation","a2",-0.0642896158301564,0.0501031129435401,-0.162491717199495,0.0339124855391823,NA
"South Africa","ZAF","precipitation","b2",0.0462072836041554,0.0508779471130121,-0.0535134927373484,0.145928059945659,NA
"South Africa","ZAF","cases","a1",-0.384045186211288,0.280906818760215,-0.93462255098131,0.166532178558734,NA
"South Africa","ZAF","cases","b1",-0.517625480398027,0.260203379883787,-1.02762410497025,-0.00762685582580402,NA
"South Africa","ZAF","cases","a2",0.119147397500415,0.249434664583912,-0.369744545084052,0.608039340084881,NA
"South Africa","ZAF","cases","b2",0.603657530197175,0.294195607830121,0.0270341388501374,1.18028092154421,NA
"South Sudan","SSD","precipitation","a1",-0.902673198079879,0.0325206213084348,-0.966413615844411,-0.838932780315347,NA
"South Sudan","SSD","precipitation","b1",-0.67188839813231,0.0330629413200688,-0.736691763119644,-0.607085033144975,NA
"South Sudan","SSD","precipitation","a2",-0.348348376599597,0.0325398764049788,-0.412126534353355,-0.284570218845838,NA
"South Sudan","SSD","precipitation","b2",-0.0167894066626644,0.0330431001794684,-0.0815538830144225,0.0479750696890937,NA
"South Sudan","SSD","cases","a1",-0.468103026257506,0.143604809381178,-0.749568452644614,-0.186637599870398,"Ethiopia"
"South Sudan","SSD","cases","b1",0.0238284803280179,0.14603724656855,-0.262404522946341,0.310061483602377,"Ethiopia"
"South Sudan","SSD","cases","a2",-0.331153947496495,0.147535028386353,-0.620322603133747,-0.0419852918592423,"Ethiopia"
"South Sudan","SSD","cases","b2",-0.0978652868132562,0.141456113305055,-0.375119268891165,0.179388695264653,"Ethiopia"
"Togo","TGO","precipitation","a1",-0.862694947341229,0.0407645788508789,-0.942593521888951,-0.782796372793506,NA
"Togo","TGO","precipitation","b1",-0.40264422144213,0.0414443765996622,-0.483875199577468,-0.321413243306792,NA
"Togo","TGO","precipitation","a2",-0.373725427004803,0.0407887152277516,-0.453671308851196,-0.29377954515841,NA
"Togo","TGO","precipitation","b2",-0.127870431241287,0.0414195050075622,-0.209052661056109,-0.0466882014264648,NA
"Togo","TGO","cases","a1",-0.163467572366021,0.21744082776698,-0.589651594789302,0.262716450057261,NA
"Togo","TGO","cases","b1",-0.623461645186518,0.272870975123108,-1.15828875642781,-0.0886345339452251,NA
"Togo","TGO","cases","a2",-0.273356481374424,0.238805544008521,-0.741415347631124,0.194702384882276,NA
"Togo","TGO","cases","b2",0.28093309088695,0.240317292027923,-0.190088801487778,0.751954983261679,NA
"Uganda","UGA","precipitation","a1",-0.208389678316559,0.0516103135702486,-0.309545892914247,-0.107233463718872,NA
"Uganda","UGA","precipitation","b1",-0.306657670127471,0.0524709765649218,-0.409500784194718,-0.203814556060224,NA
"Uganda","UGA","precipitation","a2",-0.499662451366951,0.0516408714873394,-0.600878559482136,-0.398446343251765,NA
"Uganda","UGA","precipitation","b2",-0.410634678550899,0.0524394882151924,-0.513416075452676,-0.307853281649121,NA
"Uganda","UGA","cases","a1",-0.782524934102517,0.230416157899783,-1.23414060358609,-0.330909264618943,NA
"Uganda","UGA","cases","b1",0.118376181163222,0.181406926889965,-0.23718139554111,0.473933757867554,NA
"Uganda","UGA","cases","a2",0.385474019146996,0.217690331740121,-0.0411990310636415,0.812147069357634,NA
"Uganda","UGA","cases","b2",0.0350753017375009,0.189950359622039,-0.337227403121696,0.407378006596697,NA
"Tanzania","TZA","precipitation","a1",0.906984726913876,0.0388467758734788,0.830845046201857,0.983124407625894,NA
"Tanzania","TZA","precipitation","b1",0.59224167552012,0.0394945919251239,0.514832275346877,0.669651075693363,NA
"Tanzania","TZA","precipitation","a2",0.00503791484859689,0.0388697874612474,-0.071146868575448,0.0812226982726418,NA
"Tanzania","TZA","precipitation","b2",0.00113099266738254,0.0394708267917953,-0.0762318278445362,0.0784938131793012,NA
"Tanzania","TZA","cases","a1",0.0125482497331826,0.155543287405487,-0.292316593581571,0.317413093047936,NA
"Tanzania","TZA","cases","b1",0.0607237489022991,0.156799588370722,-0.246603444304316,0.368050942108914,NA
"Tanzania","TZA","cases","a2",-0.0786568387599896,0.160122702297408,-0.392497335262909,0.235183657742929,NA
"Tanzania","TZA","cases","b2",0.248439318547402,0.151768499597423,-0.0490269406635464,0.54590557775835,NA
"Zambia","ZMB","precipitation","a1",1.01238753895685,0.0343446339451461,0.94507205642436,1.07970302148933,NA
"Zambia","ZMB","precipitation","b1",0.36336810090404,0.0349173715232092,0.29493005271855,0.43180614908953,NA
"Zambia","ZMB","precipitation","a2",0.317435485115003,0.0343649692444742,0.250080145395834,0.384790824834172,NA
"Zambia","ZMB","precipitation","b2",0.238186569768727,0.0348964168568114,0.169789592729377,0.306583546808078,NA
"Zambia","ZMB","cases","a1",0.680989823982206,0.127971153391691,0.430166363334491,0.931813284629921,NA
"Zambia","ZMB","cases","b1",0.230159578372832,0.130974735621056,-0.0265509034444389,0.486870060190102,NA
"Zambia","ZMB","cases","a2",0.424059830389155,0.130962738142701,0.16737286362946,0.68074679714885,NA
"Zambia","ZMB","cases","b2",0.198775673292046,0.128068489489376,-0.052238566107132,0.449789912691223,NA
"Zimbabwe","ZWE","precipitation","a1",0.814956127206802,0.0456451523280606,0.725491628643803,0.9044206257698,NA
"Zimbabwe","ZWE","precipitation","b1",0.268435786983058,0.0464063393319196,0.177479361892496,0.359392212073621,NA
"Zimbabwe","ZWE","precipitation","a2",0.29783591444359,0.045672178080105,0.208318445406585,0.387353383480596,NA
"Zimbabwe","ZWE","precipitation","b2",0.144017491251829,0.0463784901440535,0.0531156505694844,0.234919331934174,NA
"Zimbabwe","ZWE","cases","a1",1.11639779374561,0.100185905077183,0.920033419794337,1.31276216769689,NA
"Zimbabwe","ZWE","cases","b1",0.296113988246943,0.0996434184953345,0.100812887996087,0.491415088497798,NA
"Zimbabwe","ZWE","cases","a2",0.502688735357122,0.100795085049079,0.305130368660927,0.700247102053318,NA
"Zimbabwe","ZWE","cases","b2",-0.0779664888121034,0.0989431633232201,-0.271895088925615,0.115962111301408,NA
