"kappa","log10_kappa","density","density_log10"
10,1,2.96881995338208e-08,6.83596056844089e-07
10.2804473209331,1.01201201201201,3.12468402715313e-08,7.39662852609422e-07
10.568759711848,1.02402402402402,3.28797266851945e-08,8.00143555138405e-07
10.8651577465254,1.03603603603604,3.45899659466022e-08,8.65370047553353e-07
11.1698681846782,1.04804804804805,3.638077232201e-08,9.35697892160119e-07
11.4831241454351,1.06006006006006,3.82554697012269e-08,1.01150791945586e-06
11.805165285688,1.07207207207207,4.02174941283084e-08,1.09320791615915e-06
12.1362379834424,1.08408408408408,4.22703963303426e-08,1.18123441787997e-06
12.4765955263087,1.0960960960961,4.44178442406422e-08,1.27605461232761e-06
12.8264983052806,1.10810810810811,4.66636255124806e-08,1.37816835924574e-06
13.1862140139475,1.12012012012012,4.90116500193194e-08,1.4881103335672e-06
13.5560178532937,1.13213213213213,5.1465952337299e-08,1.60645229859635e-06
13.9361927422414,1.14414414414414,5.40306942055718e-08,1.733805516354e-06
14.3270295340983,1.15615615615616,5.67101669598787e-08,1.87082330256001e-06
14.728827239075,1.16816816816817,5.95087939345753e-08,2.01820373408137e-06
15.1418932530435,1.18018018018018,6.2431132828135e-08,2.17669251703915e-06
15.5665435927106,1.19219219219219,6.54818780269592e-08,2.34708602414685e-06
16.003103137387,1.2042042042042,6.866586288215e-08,2.53023451024533e-06
16.4519058775366,1.21621621621622,7.19880619337079e-08,2.72704551540555e-06
16.9132951702965,1.22822822822823,7.54535930764293e-08,2.93848746539078e-06
17.3876240021625,1.24024024024024,7.90677196616088e-08,3.1655934797042e-06
17.8752552590424,1.25225225225225,8.28358525284575e-08,3.40946539789661e-06
18.3765620038817,1.26426426426426,8.67635519589814e-08,3.671278035272e-06
18.8919277620767,1.27627627627628,9.08565295498792e-08,3.95228367960631e-06
19.4217468148903,1.28828828828829,9.51206499948632e-08,4.25381684098755e-06
19.9664245010979,1.3003003003003,9.95619327706251e-08,4.57729926739186e-06
20.5263775270925,1.31231231231231,1.04186553719523e-07,4.92424523913259e-06
21.102034285686,1.32432432432432,1.0900084652189e-07,5.29626715585606e-06
21.6938351838518,1.33633633633634,1.14011304050742e-07,5.69508143030886e-06
22.3022329796594,1.34834834834835,1.19224579601498e-07,6.12251470366808e-06
22.9276931286565,1.36036036036036,1.24647487989198e-07,6.58051039780627e-06
23.5706941399673,1.37237237237237,1.30287006505572e-07,7.07113562045876e-06
24.231727942376,1.38438438438438,1.36150275728214e-07,7.59658843987e-06
24.9113002606779,1.3963963963964,1.4224460017397e-07,8.15920554611894e-06
25.6099310025846,1.40840840840841,1.48577448788583e-07,8.76147031696183e-06
26.3281546564802,1.42042042042042,1.55156455264521e-07,9.40602130668012e-06
27.0665207003324,1.43243243243243,1.61989418178877e-07,1.00956611770861e-05
27.8255940220712,1.44444444444444,1.69084300943086e-07,1.0833366090514e-05
28.6059553517574,1.45645645645646,1.7644923155626e-07,1.16222955853137e-05
29.4082017058706,1.46846846846847,1.84092502153784e-07,1.24658029550626e-05
30.2329468440578,1.48048048048048,1.92022568342896e-07,1.33674461534224e-05
31.0808217386906,1.49249249249249,2.00248048316865e-07,1.43309992472888e-05
31.9524750575921,1.5045045045045,2.08777721739472e-07,1.53604644416078e-05
32.8485736603004,1.51651651651652,2.17620528391444e-07,1.64600846999764e-05
33.7698031082509,1.52852852852853,2.26785566570583e-07,1.76343569858846e-05
34.7168681892656,1.54054054054054,2.36282091237334e-07,1.88880461502109e-05
35.6904934567523,1.55255255255255,2.46119511897653e-07,2.02261994913377e-05
36.6914237840249,1.56456456456456,2.56307390215102e-07,2.16541620150145e-05
37.72042493417,1.57657657657658,2.6685543734417e-07,2.31775924218588e-05
38.7782841458946,1.58858858858859,2.77773510977046e-07,2.48024798511492e-05
39.8658107358044,1.6006006006006,2.89071612096081e-07,2.65351614103251e-05
40.9838367175726,1.61261261261261,3.00759881424473e-07,2.83823405203732e-05
42.1332174384729,1.62462462462462,3.12848595567793e-07,3.03511061080328e-05
43.314832233764,1.63663663663664,3.2534816283926e-07,3.2448952676505e-05
44.5295850994266,1.64864864864865,3.38269118761844e-07,3.46838012870934e-05
45.7784053837662,1.66066066066066,3.51622121240576e-07,3.70640214849352e-05
47.0622484984128,1.67267267267267,3.65417945398687e-07,3.95984542027028e-05
48.3820966492596,1.68468468468468,3.7966747807151e-07,4.22964356768607e-05
49.7389595879006,1.6966966966967,3.94381711952413e-07,4.51678224117481e-05
51.1338753841433,1.70870870870871,4.09571739385378e-07,4.82230172274311e-05
52.5679112201842,1.72072072072072,4.25248745799157e-07,5.14729964279046e-05
54.0421642070592,1.73273273273273,4.41424002778431e-07,5.49293381268512e-05
55.5577622239888,1.74474474474474,4.58108860767729e-07,5.86042517687476e-05
57.1158647812643,1.75675675675676,4.7531474140433e-07,6.25106088836726e-05
58.7176639073326,1.76876876876877,4.93053129476868e-07,6.66619751146888e-05
60.3643850607587,1.78078078078078,5.11335564506814e-07,7.10726435571564e-05
62.057288067765,1.79279279279279,5.30173631950538e-07,7.57576694497748e-05
63.7976680860628,1.8048048048048,5.49578954020174e-07,8.07329062575458e-05
65.5868565957143,1.81681681681682,5.69563180122122e-07,8.60150431871951e-05
67.4262224177834,1.82882882882883,5.90137976912545e-07,9.16216441758756e-05
69.3171727615541,1.84084084084084,6.11315017969837e-07,9.75711883942094e-05
71.2611543011175,1.85285285285285,6.33105973084728e-07,0.000103883112304892
73.2596542821523,1.86486486486486,6.55522497169256e-07,0.000110577853318181
75.3142016597437,1.87687687687688,6.78576218786549e-07,0.000117676895085629
77.4263682681127,1.88888888888889,7.02278728304077e-07,0.000125202814473352
79.5977700231499,1.9009009009009,7.2664156567371e-07,0.000133179330256014
81.8300681586739,1.91291291291291,7.51676207842619e-07,0.000141631353572477
84.1249704973612,1.92492492492492,7.77394055799929e-07,0.000150585040183776
86.4842327573172,1.93693693693694,8.03806421264629e-07,0.000160067844573634
88.9096598952916,1.94894894894895,8.30924513021157e-07,0.000170108575931273
91.4031074875623,1.96096096096096,8.58759422909839e-07,0.000180737456055615
93.9664831495469,1.97297297297297,8.87322111480144e-07,0.000191986179219274
96.6017479952265,1.98498498498498,9.16623393315554e-07,0.000203887974029853
99.310918137498,1.996996996997,9.46673922039711e-07,0.000216477667325127
102.096066230605,2.00900900900901,9.7748417501433e-07,0.000229791750137555
104.959323055823,2.02102102102102,1.00906443774017e-06,0.000243868445762353
107.902879151618,2.03303303303303,1.0414247879733e-06,0.00025874777996193
110.928986489522,2.04504504504505,1.07457507956978e-06,0.000274471653338042
114.039960197003,2.05705705705706,1.10852492607252e-06,0.000291083915901236
117.23818032866,2.06906906906907,1.14328368405531e-06,0.000308630443865391
120.526093687084,2.08108108108108,1.17886043623955e-06,0.000327159218693129
123.906215694792,2.09309309309309,1.21526397440037e-06,0.000346720408415658
127.381132318648,2.1051051051051,1.25250278207937e-06,0.000367366451248325
130.953502048267,2.11711711711712,1.29058501712242e-06,0.000389152141520539
134.626057929891,2.12912912912913,1.32951849406152e-06,0.00041213471793607
138.401609657313,2.14114114114114,1.36931066636078e-06,0.000436373954176739
142.283045721435,2.15315315315315,1.40996860854723e-06,0.00046193225185948
146.273335620113,2.16516516516517,1.45149899824821e-06,0.000488874735853348
150.375532129974,2.17717717717718,1.49390809815754e-06,0.000517269351959583
154.592773641948,2.18918918918919,1.53720173795395e-06,0.000547186966954059
158.928286562298,2.2012012012012,1.58138529619551e-06,0.000578701470987499
163.385387780986,2.21321321321321,1.62646368221492e-06,0.000611889882334666
167.967487209265,2.22522522522523,1.67244131804096e-06,0.000646832454479292
172.678090388436,2.23723723723724,1.7193221203724e-06,0.000683612785516903
177.520801171764,2.24924924924925,1.76710948263091e-06,0.000722317929852822
182.499324481615,2.26126126126126,1.81580625712067e-06,0.000763038512167503
187.617469143912,2.27327327327327,1.86541473732241e-06,0.000805868843616008
192.879150802078,2.28528528528529,1.91593664035065e-06,0.00085090704022287
198.288394912707,2.2972972972973,1.96737308960315e-06,0.000898255143427698
203.849339825246,2.30930930930931,2.01972459763216e-06,0.000948019242730896
209.566239948043,2.32132132132132,2.0729910492675e-06,0.00100030960038244
215.443469003188,2.33333333333333,2.12717168502192e-06,0.00105524077805016
221.485523372636,2.34534534534535,2.1822650848094e-06,0.00111293176539718
227.697025538168,2.35735735735736,2.2382691520076e-06,0.00117350611049096
234.082727617829,2.36936936936937,2.29518109789576e-06,0.00123709205195937
240.647515001542,2.38138138138138,2.3529974264994e-06,0.00130382265280139
247.396410088681,2.39339339339339,2.4117139198738e-06,0.00137383593575245
254.334576130465,2.40540540540541,2.4713256238578e-06,0.00144727502009628
261.467321180109,2.41741741741742,2.53182683432974e-06,0.00152428825980706
268.800102153761,2.42942942942943,2.59321108399747e-06,0.00160502938289708
276.338529005317,2.44144144144144,2.6554711297539e-06,0.00168965763183644
284.08836901833,2.45345345345345,2.71859894062993e-06,0.00177833790490244
292.055551218275,2.46546546546547,2.78258568637573e-06,0.0018712408983073
300.246170908555,2.47747747747748,2.84742172670187e-06,0.0019685432489435
308.666494333727,2.48948948948949,2.91309660121064e-06,0.00207042767757638
317.322963473498,2.5015015015015,2.97959902004821e-06,0.00217708313230436
326.222200971167,2.51351351351351,3.04691685530732e-06,0.00228870493209704
335.371015200293,2.52552552552553,3.11503713320985e-06,0.00240549491021147
344.776405473446,2.53753753753754,3.18394602709819e-06,0.00252766155727699
354.445567397044,2.54954954954955,3.25362885126319e-06,0.00265542016382857
364.385898376354,2.56156156156156,3.3240700556363e-06,0.00278899296205841
374.605003274899,2.57357357357357,3.39525322137222e-06,0.00292860926654507
385.110700232557,2.58558558558559,3.46716105734795e-06,0.00307450561370885
395.911026646846,2.5975975975976,3.53977539760274e-06,0.00322692589973167
407.014245321944,2.60960960960961,3.61307719974282e-06,0.00338612151666908
418.428850790158,2.62162162162162,3.68704654433353e-06,0.00355235148647132
430.16357581068,2.63363363363363,3.76166263530036e-06,0.00372588259261996
442.22739805059,2.64564564564565,3.83690380135924e-06,0.0039069895090758
454.62954695324,2.65765765765766,3.91274749849518e-06,0.00409595492622346
467.379510799246,2.66966966966967,3.98917031350694e-06,0.00429306967348735
480.487043965513,2.68168168168168,4.06614796863414e-06,0.00449863283828376
493.962174387832,2.69369369369369,4.14365532728183e-06,0.00471295188096318
507.815211232767,2.70570570570571,4.22166640085572e-06,0.00493634274538724
522.056752784698,2.71771771771772,4.30015435672024e-06,0.00516912996477457
536.697694554048,2.72972972972973,4.37909152728946e-06,0.0054116467624403
551.749237612913,2.74174174174174,4.45844942025971e-06,0.00566423514704485
567.222897164454,2.75375375375375,4.53819872999069e-06,0.00592724600195777
583.130511352622,2.76576576576577,4.61830935004036e-06,0.00620103916833457
599.484250318941,2.77777777777778,4.69875038685692e-06,0.00648598352149512
616.296625513294,2.78978978978979,4.77949017462956e-06,0.00678245704018487
633.580499265825,2.8018018018018,4.86049629129771e-06,0.00709084686829184
651.34909462728,2.81381381381381,4.94173557571646e-06,0.00741154936858581
669.616005485322,2.82582582582583,5.02317414597437e-06,0.00774497016803869
688.39520696455,2.83783783783784,5.10477741885728e-06,0.00809152419427945
707.701066118189,2.84984984984985,5.18651013045047e-06,0.00845163570273101
727.548352919623,2.86186186186186,5.26833635786893e-06,0.00882573829397167
747.952251562182,2.87387387387387,5.35021954210392e-06,0.0092142749208591
768.928372075831,2.88588588588589,5.43212251197176e-06,0.0096176978849513
790.492762269642,2.8978978978979,5.51400750914883e-06,0.0100364688217559
812.661920009195,2.90990990990991,5.59583621427485e-06,0.0104710586743366
835.452805838287,2.92192192192192,5.67756977410431e-06,0.0109219476548053
858.882855954625,2.93393393393393,5.75916882968411e-06,0.0113896251932252
882.969995549408,2.94594594594595,5.8405935455332e-06,0.0118745898734541
907.732652521022,2.95795795795796,5.92180363979834e-06,0.0123773493554548
933.189771573324,2.96996996996997,6.00275841535807e-06,0.0128984202836032
959.360828709315,2.98198198198198,6.08341679184458e-06,0.0134383281805278
986.265846131282,2.99399399399399,6.16373733855223e-06,0.0139976073260181
1013.92540755882,3.00600600600601,6.24367830819838e-06,0.0145768006205441
1042.3606739764,3.01801801801802,6.32319767150146e-06,0.0151764594329351
1071.59339982267,3.03003003003003,6.40225315253856e-06,0.0157971434317753
1101.64594963366,3.04204204204204,6.4808022648438e-06,0.0164394204000784
1132.54131515281,3.05405405405405,6.55880234820616e-06,0.0171038660328167
1164.30313292088,3.06606606606607,6.63621060612482e-06,0.0177910637168887
1196.95570235904,3.07807807807808,6.71298414387757e-06,0.0185016042931213
1230.52400435926,3.09009009009009,6.7890800071568e-06,0.0192360857999183
1265.0337203959,3.1021021021021,6.86445522122611e-06,0.0199951131981761
1300.51125217341,3.11411411411411,6.93906683054891e-06,0.020779298077111
1336.98374182495,3.12612612612613,7.01287193883941e-06,0.0215892583406515
1374.47909267754,3.13813813813814,7.08582774948469e-06,0.0224256178740735
1413.02599059953,3.15015015015015,7.15789160628614e-06,0.0232890061905731
1452.65392594678,3.16216216216216,7.22902103446643e-06,0.0241800580574931
1493.39321612425,3.17417417417417,7.29917378188821e-06,0.0250994131019427
1535.27502878042,3.18618618618619,7.36830786042923e-06,0.0260477153955725
1578.33140565212,3.1981981981982,7.4363815874577e-06,0.0270256130182937
1622.59528707809,3.21021021021021,7.50335362735165e-06,0.0280337576007546
1668.10053720006,3.22222222222222,7.56918303300462e-06,0.0290728038454178
1714.88196987054,3.23423423423423,7.63382928726001e-06,0.0301434090261091
1762.97537528721,3.24624624624625,7.69725234421592e-06,0.031246232465941
1812.41754737424,3.25825825825826,7.75941267034183e-06,0.032381934993543
1863.24631193156,3.27027027027027,7.82027128534852e-06,0.0335511783775691
1915.50055557353,3.28228228228228,7.8797898027524e-06,0.0347546247394811
1969.22025547917,3.29429429429429,7.93793047007521e-06,0.035992935944647
2024.4465099768,3.30630630630631,7.9946562086208e-06,0.0372667729718295
2081.22156998634,3.31831831831832,8.04993065277021e-06,0.0385767952611745
2139.58887134342,3.33033033033033,8.10371818873701e-06,0.0399236600408557
2199.59306803007,3.34234234234234,8.15598399272541e-06,0.0413080216325649
2261.28006633728,3.35435435435435,8.2066940684338e-06,0.0427305307360821
2324.69705998565,3.36636636636637,8.25581528384742e-06,0.044191833693204
2389.89256623105,3.37837837837838,8.30331540726453e-06,0.0456925717313488
2456.91646298279,3.39039039039039,8.34916314250134e-06,0.0472333801872031
2525.82002696278,3.4024024024024,8.39332816322171e-06,0.0488148877108204
2596.65597293487,3.41441441441441,8.43578114633936e-06,0.0504377154506266
2669.47849403432,3.42642642642643,8.47649380444079e-06,0.0521024762198353
2744.34330322837,3.43843843843844,8.51543891717884e-06,0.0538097736448238
2821.30767593947,3.45045045045045,8.55259036158835e-06,0.0555602012960655
2900.43049386399,3.46246246246246,8.58792314127631e-06,0.0573543418022683
2981.77229001967,3.47447447447447,8.62141341444131e-06,0.0591927659484097
3065.39529505653,3.48648648648649,8.65303852067778e-06,0.0610760317584178
3151.36348486648,3.4984984984985,8.68277700652354e-06,0.0630046835632882
3239.7426295282,3.51051051051051,8.71060864970953e-06,0.0649792510554801
3330.60034362459,3.52252252252252,8.73651448207426e-06,0.0670002483304862
3424.00613797143,3.53453453453453,8.76047681110568e-06,0.0690681729165153
3520.03147279668,3.54654654654655,8.78247924007714e-06,0.0711835047932797
3618.74981241128,3.55855855855856,8.80250668674466e-06,0.0733467054009277
3720.23668141307,3.57057057057057,8.82054540057604e-06,0.075558216640207
3824.569722467,3.58258258258258,8.83658297848411e-06,0.0778184598649965
3931.82875570577,3.5945945945946,8.85060837903901e-06,0.0801278348683885
4042.09583979631,3.60660660660661,8.86261193513665e-06,0.0824867188635508
4155.45533471887,3.61861861861862,8.87258536510298e-06,0.0848954654606441
4271.99396630678,3.63063063063063,8.88052178221625e-06,0.0873544036411108
4391.80089259609,3.64264264264264,8.88641570263195e-06,0.0898638367307027
4514.9677720361,3.65465465465465,8.89026305169768e-06,0.0924240413726469
4641.58883361278,3.66666666666667,8.89206116864758e-06,0.0950352665023981
4771.76094893875,3.67867867867868,8.89180880966908e-06,0.0976977323254606
4905.58370636505,3.69069069069069,8.88950614933674e-06,0.1004116292998
5043.15948717136,3.7027027027027,8.88515478041095e-06,0.103177117124407
5184.59354389291,3.71471471471471,8.87875771200196e-06,0.105994323735593
5329.99408084409,3.72672672672673,8.87031936610191e-06,0.108863344312655
5479.47233690029,3.73873873873874,8.85984557249071e-06,0.111784240294553
5633.14267060136,3.75075075075075,8.84734356202392e-06,0.114757038409274
5791.12264764176,3.76276276276276,8.83282195831334e-06,0.117781729717604
5953.53313081437,3.77477477477477,8.81629076781388e-06,0.120858268673019
6120.4983724767,3.78678678678679,8.79776136833251e-06,0.123986572199444
6292.14610961034,3.7987987987988,8.77724649597787e-06,0.127166518788653
6468.60766154633,3.81081081081081,8.75476023057141e-06,0.130397947619079
6650.01803043112,3.82282282282282,8.73031797954356e-06,0.133680657697822
6836.51600451024,3.83483483483483,8.70393646034062e-06,0.13701440702766
7028.24426430835,3.84684684684685,8.67563368137042e-06,0.140398911800854
7225.34949178721,3.85885885885886,8.6454289215175e-06,0.143833845621563
7427.98248256492,3.87087087087087,8.61334270825993e-06,0.147318838758665
7636.29826128224,3.88288288288288,8.57939679442283e-06,0.150853477430773
7850.45620020451,3.8948948948949,8.54361413360563e-06,0.154437303125258
8070.6201411495,3.90690690690691,8.50601885432137e-06,0.158069811953025
8296.95852083491,3.91891891891892,8.4666362328893e-06,0.161750454040836
8529.64449974103,3.93093093093093,8.42549266512326e-06,0.165478632962891
8768.85609458743,3.94294294294294,8.38261563686014e-06,0.169253705213413
9014.77631452492,3.95495495495495,8.33803369337454e-06,0.173074979721912
9267.59330114688,3.96696696696697,8.29177640772718e-06,0.176941717412793
9527.50047242729,3.97897897897898,8.24387434809635e-06,0.180853130810942
9794.6966706954,3.99099099099099,8.19435904414251e-06,0.184808383694881
10069.3863147603,4.003003003003,8.14326295245833e-06,0.188806590799017
10351.7795563018,4.01501501501502,8.09061942115647e-06,0.192846817566527
10642.0924406472,4.02702702702703,8.0364626536498e-06,0.19692807995429
10940.5470720574,4.03903903903904,7.98082767167847e-06,0.201049344291296
11247.3717836475,4.05105105105105,7.92375027763999e-06,0.205209527191854
11562.8013120738,4.06306306306306,7.86526701627887e-06,0.209407495524891
11887.076977119,4.07507507507508,7.805415135793e-06,0.213642066440556
12220.4468663149,4.08708708708709,7.74423254841463e-06,0.217912007455278
12563.1660247412,4.0990990990991,7.68175779052411e-06,0.222216036596345
12915.4966501488,4.11111111111111,7.61802998235492e-06,0.226552822607028
13277.7082935543,4.12312312312312,7.55308878734867e-06,0.230920985213145
13650.0780654601,4.13513513513514,7.48697437121907e-06,0.235319095451934
14032.8908478587,4.14714714714715,7.41972736078342e-06,0.239745676063965
14426.4395121816,4.15915915915916,7.35138880262049e-06,0.244199201948781
14831.025143361,4.17117117117117,7.28200012161326e-06,0.248678100684833
15246.9572701757,4.18318318318318,7.21160307943443e-06,0.253180753114195
15674.554102056,4.1951951951952,7.14023973303274e-06,0.257705493992447
16114.1427725302,4.20720720720721,7.06795239317692e-06,0.262250612704013
16566.0595894992,4.21921921921922,6.99478358311397e-06,0.26681435404314
17030.6502925284,4.23123123123123,6.92077599739747e-06,0.271394919060606
17508.2703173573,4.24324324324324,6.84597246094093e-06,0.275990465976123
17999.2850678248,4.25525525525526,6.7704158883502e-06,0.280599111156316
18504.070195423,4.26726726726727,6.69414924358771e-06,0.285218930158038
19023.0118866895,4.27927927927928,6.61721550002096e-06,0.289847958836665
19556.5071586595,4.29129129129129,6.53965760090539e-06,0.294484194518914
20104.964162605,4.3033033033033,6.46151842035152e-06,0.299125597239615
20668.8024962908,4.31531531531532,6.38284072482438e-06,0.303770091041742
21248.4535249888,4.32732732732733,6.30366713522171e-06,0.308415565338905
21844.3607114943,4.33933933933934,6.22404008957656e-06,0.31305987633939
22456.9799553977,4.35135135135135,6.14400180642761e-06,0.31770084853072
23086.7799418717,4.36336336336336,6.06359424889952e-06,0.322336276223578
23734.2425002387,4.37537537537538,5.98285908953355e-06,0.326963925153854
24399.8629725955,4.38738738738739,5.9018376759073e-06,0.331581534141435
25084.1505927754,4.3993993993994,5.82057099708037e-06,0.33618681680425
25787.628875938,4.41141141141141,5.7390996509011e-06,0.340777463325984
26510.8360190854,4.42342342342342,5.65746381220758e-06,0.345351142275755
27254.3253128103,4.43543543543544,5.5757032019546e-06,0.349905502477928
28018.665564592,4.44744744744745,5.49385705729539e-06,0.354438174930171
28804.441533963,4.45945945945946,5.41196410264637e-06,0.358946774767705
29612.2543798803,4.47147147147147,5.33006252175995e-06,0.363428903271635
30442.7221206431,4.48348348348348,5.24818993082902e-06,0.367882149919134
31296.4801067075,4.4954954954955,5.16638335264497e-06,0.372304094473155
32174.1815067637,4.50750750750751,5.08467919182829e-06,0.376692309109266
33076.4978074424,4.51951951951952,5.00311321114976e-06,0.381044360577086
34004.119327037,4.53153153153153,4.92172050895738e-06,0.385357812393745
34957.7557436328,4.54354354354354,4.84053549772269e-06,0.389630227066689
35938.1366380463,4.55555555555556,4.7595918837181e-06,0.393859168343065
36946.012051993,4.56756756756757,4.67892264783423e-06,0.398042203482882
37982.1530619074,4.57957957957958,4.59856002754549e-06,0.40217690555302
39047.3523688556,4.59159159159159,4.51853550002874e-06,0.406260855739149
40142.4249049933,4.6036036036036,4.43887976643917e-06,0.410291645672517
41268.2084570295,4.61561561561562,4.35962273734475e-06,0.414266879768526
42425.5643071778,4.62762762762763,4.28079351931926e-06,0.41818417757398
43615.3778920801,4.63963963963964,4.20242040269178e-06,0.422041176119804
44838.5594802118,4.65165165165165,4.1245308504488e-06,0.425835532276038
46096.0448682844,4.66366366366366,4.04715148828331e-06,0.429564925105843
47388.7960971765,4.67567567567568,3.97030809578359e-06,0.43322705821524
48717.8021879463,4.68768768768769,3.8940255987525e-06,0.436819662095281
50084.0798984821,4.6996996996997,3.81832806264677e-06,0.440340496453325
51488.6745013749,4.71171171171171,3.74323868712392e-06,0.443787352530104
52932.6605836057,4.72372372372372,3.66877980168291e-06,0.447158055399219
54417.1428686589,4.73573573573574,3.59497286238352e-06,0.450450466245748
55943.2570616938,4.74774774774775,3.52183844962735e-06,0.453662484620634
57512.1707184161,4.75975975975976,3.44939626698275e-06,0.456792050667532
59125.0841383187,4.77177177177177,3.377665141034e-06,0.459837147318831
60783.2312829724,4.78378378378378,3.3066630222342e-06,0.462795802457579
62487.8807200689,4.7957957957958,3.23640698674028e-06,0.46566609104206
64240.3365939419,4.80780780780781,3.16691323920669e-06,0.468446137189858
66041.9396233031,4.81981981981982,3.09819711651442e-06,0.471134116218216
67894.068126961,4.83183183183183,3.03027309240979e-06,0.473728256637623
69798.1390783067,4.84384384384384,2.96315478302761e-06,0.476226842095555
71755.6091893692,4.85585585585586,2.89685495327164e-06,0.478628213267409
73767.9760252773,4.86786786786787,2.83138552402495e-06,0.480930769691701
75836.7791499719,4.87987987987988,2.76675758016197e-06,0.483132971546704
77963.6013040522,4.89189189189189,2.70298137933331e-06,0.485233341365744
80150.0696156541,4.9039039039039,2.64006636149375e-06,0.487230465688509
82397.8568452851,4.91591591591592,2.57802115914369e-06,0.489122996645763
84708.682665574,4.92792792792793,2.51685360825324e-06,0.490909653474996
87084.3149769072,4.93993993993994,2.4565707598385e-06,0.492589223964613
89526.5712599638,4.95195195195195,2.39717889215862e-06,0.494160565824388
92037.3199661823,4.96396396396396,2.33868352350232e-06,0.495622607980022
94618.4819472199,4.97597597597598,2.28108942553235e-06,0.496974351789733
97272.0319245054,4.98798798798799,2.22440063715597e-06,0.498214872180961
1e+05,5,2.16862047888998e-06,0.499343318705367
102804.473209331,5.01201201201201,2.11375156768814e-06,0.500358916510447
105687.597118481,5.02402402402402,2.0597958321995e-06,0.501260967226202
108651.577465254,5.03603603603604,2.00675452842586e-06,0.502048849765454
111698.681846782,5.04804804804805,1.95462825574691e-06,0.502722021036506
114831.241454351,5.06006006006006,1.90341697328181e-06,0.50328001656702
118051.652856881,5.07207207207207,1.85312001655619e-06,0.503722451038101
121362.379834424,5.08408408408408,1.80373611444382e-06,0.504049018727724
124765.955263087,5.0960960960961,1.75526340635274e-06,0.504259493862798
128264.983052806,5.10810810810811,1.70769945962585e-06,0.504353730879296
131862.140139475,5.12012012012012,1.6610412871265e-06,0.504331664590021
135560.178532937,5.13213213213213,1.61528536498015e-06,0.504193310259762
139361.927422414,5.14414414414414,1.57042765044366e-06,0.503938763587693
143270.295340983,5.15615615615616,1.5264635998743e-06,0.503568200597055
147288.27239075,5.16816816816817,1.48338818677119e-06,0.503081877432301
151418.932530435,5.18018018018018,1.44119591986275e-06,0.50248013006403
155665.435927106,5.19219219219219,1.39988086121389e-06,0.501763373902177
160031.03137387,5.2042042042042,1.35943664432798e-06,0.500932103318097
164519.058775366,5.21621621621622,1.31985649221884e-06,0.499986891076303
169132.951702965,5.22822822822823,1.28113323542919e-06,0.498928387676771
173876.240021625,5.24024024024024,1.24325932997227e-06,0.497757320608878
178752.552590424,5.25225225225225,1.20622687517471e-06,0.496474493518164
183765.620038817,5.26426426426426,1.17002763139898e-06,0.495080785287254
188919.277620766,5.27627627627628,1.13465303762497e-06,0.493577149032416
194217.468148902,5.28828828828829,1.10009422887085e-06,0.491964611017352
199664.245010979,5.3003003003003,1.06634205343444e-06,0.490244269485965
205263.775270925,5.31231231231231,1.03338708993682e-06,0.488417293415945
211020.34285686,5.32432432432432,1.00121966415113e-06,0.486484921195173
216938.351838518,5.33633633633634,9.69829865600255e-07,0.484448459223022
223022.329796594,5.34834834834835,9.39207563907748e-07,0.482309280438778
229276.931286565,5.36036036036036,9.09342424887665e-07,0.480068822779501
235706.941399673,5.37237237237237,8.80223926359356e-07,0.477728587569745
242317.27942376,5.38438438438438,8.51841373674504e-07,0.475290137845656
249113.002606779,5.3963963963964,8.24183914944383e-07,0.472755096616087
256099.310025846,5.40840840840841,7.97240555956193e-07,0.470125145063405
263281.546564802,5.42042042042042,7.71000174768225e-07,0.467402020686809
270665.207003324,5.43243243243243,7.45451535974411e-07,0.464587515391015
278255.940220713,5.44444444444444,7.2058330462964e-07,0.461683473523239
286059.553517575,5.45645645645646,6.96384059828089e-07,0.458691789861508
294082.017058706,5.46846846846847,6.72842307927574e-07,0.455614407557349
302329.468440578,5.48048048048048,6.49946495413738e-07,0.452453316035974
310808.217386906,5.49249249249249,6.2768502139871e-07,0.449210548857159
319524.750575921,5.5045045045045,6.0604624974954e-07,0.445888181539993
328485.736603005,5.51651651651652,5.8501852084256e-07,0.442488329354778
337698.031082509,5.52852852852853,5.64590162940487e-07,0.439013145085341
347168.681892656,5.54054054054054,5.44749503189788e-07,0.435464816765064
356904.934567523,5.55255255255255,5.2548487823658e-07,0.431845565389959
366914.237840249,5.56456456456456,5.06784644459897e-07,0.428157642612112
377204.2493417,5.57657657657658,4.88637187821912e-07,0.424403328416831
387782.841458945,5.58858858858859,4.71030933335248e-07,0.420584928786851
398658.107358044,5.6006006006006,4.53954354148144e-07,0.416704773356889
409838.367175726,5.61261261261261,4.37395980248833e-07,0.412765213061911
421332.174384729,5.62462462462462,4.21344406791003e-07,0.408768617782356
433148.32233764,5.63663663663664,4.05788302042786e-07,0.404717373989633
445295.850994265,5.64864864864865,3.90716414962215e-07,0.400613882395094
457784.053837662,5.66066066066066,3.76117582402543e-07,0.396460555605709
470622.484984128,5.67267267267267,3.61980735951347e-07,0.392259815789593
483820.966492596,5.68468468468468,3.48294908407694e-07,0.388014092354506
497389.595879007,5.6966966966967,3.3504923990212e-07,0.38372581964237
511338.753841432,5.70870870870871,3.22232983664537e-07,0.379397434642831
525679.112201842,5.72072072072072,3.09835511445546e-07,0.375031374728777
540421.642070591,5.73273273273273,2.97846318596987e-07,0.370630075416712
555577.622239888,5.74474474474474,2.86255028817854e-07,0.366195968154766
571158.647812643,5.75675675675676,2.75051398572029e-07,0.361731478141076
587176.639073325,5.76876876876877,2.64225321184513e-07,0.357239022175175
603643.850607586,5.78078078078078,2.5376683062314e-07,0.352721006544957
620572.88067765,5.79279279279279,2.43666104972932e-07,0.34817982495168
637976.680860628,5.8048048048048,2.33913469610484e-07,0.3436178564754
655868.565957144,5.81681681681682,2.24499400085959e-07,0.339037463583104
674262.224177834,5.82882882882883,2.15414524720405e-07,0.334440990181744
693171.72761554,5.84084084084084,2.06649626926279e-07,0.329830759718255
712611.543011175,5.85285285285285,1.98195647259173e-07,0.325209073328547
732596.542821523,5.86486486486486,1.90043685208822e-07,0.32057820803733
753142.016597438,5.87687687687688,1.82185000737593e-07,0.315940415010575
774263.682681128,5.88888888888889,1.74611015574686e-07,0.311297917862252
795977.700231498,5.9009009009009,1.67313314274353e-07,0.306652911016901
818300.681586739,5.91291291291291,1.60283645046442e-07,0.302007558129484
841249.704973612,5.92492492492492,1.53513920367628e-07,0.297363990563847
864842.327573173,5.93693693693694,1.46996217381638e-07,0.292724305930989
889096.598952917,5.94894894894895,1.40722778096828e-07,0.288090566688269
914031.074875622,5.96096096096096,1.34686009389371e-07,0.283464798800504
939664.831495469,5.97297297297297,1.28878482820318e-07,0.278848990463858
966017.479952265,5.98498498498498,1.23292934274734e-07,0.27424509089326
993109.18137498,5.996996996997,1.17922263430998e-07,0.269655009174009
1020960.66230605,6.00900900900901,1.12759533068339e-07,0.265080613178083
1049593.23055823,6.02102102102102,1.07797968220539e-07,0.260523728545585
1079028.79151618,6.03303303303303,1.03030955183647e-07,0.25598613773162
1109289.86489522,6.04504504504505,9.8452040385448e-08,0.25146957911881
1140399.60197003,6.05705705705706,9.40549291242885e-08,0.246975746195533
1172381.8032866,6.06906906906907,8.9833484184743e-08,0.242506286799861
1205260.93687084,6.08108108108108,8.57817243374721e-08,0.23806280242909
1239062.15694792,6.09309309309309,8.18938227304642e-08,0.233646847614619
1273811.32318648,6.1051051051051,7.81641051787183e-08,0.229259929361872
1309535.02048267,6.11711711711712,7.45870483592539e-08,0.224903506654814
1346260.57929891,6.12912912912913,7.11572779181813e-08,0.220578990024572
1384016.09657313,6.14114114114114,6.78695664963958e-08,0.216287741181518
1422830.45721435,6.15315315315315,6.47188316802856e-08,0.212031072710136
1462733.35620113,6.16516516516517,6.17001338836734e-08,0.207810247825874
1503755.32129974,6.17717717717718,5.88086741670269e-08,0.203626480193109
1545927.73641948,6.18918918918919,5.60397919997986e-08,0.199480933803268
1589282.86562298,6.2012012012012,5.33889629715698e-08,0.195374722912085
1633853.87780986,6.21321321321321,5.08517964574873e-08,0.191308912034881
1679674.87209265,6.22522522522523,4.84240332433015e-08,0.187284515998691
1726780.90388436,6.23723723723724,4.61015431151187e-08,0.183302500050006
1775208.01171764,6.24924924924925,4.38803224188028e-08,0.179363780016815
1824993.24481615,6.26126126126126,4.1756491593768e-08,0.17546922252359
1876174.69143912,6.27327327327327,3.97262926857198e-08,0.171619645257787
1928791.50802078,6.28528528528529,3.77860868427182e-08,0.167815817286406
1982883.94912707,6.2972972972973,3.59323517987451e-08,0.164058459421069
2038493.39825246,6.30930930930931,3.41616793487835e-08,0.160348244630071
2095662.39948043,6.32132132132132,3.24707728192274e-08,0.156685798495789
2154434.69003188,6.33333333333333,3.08564445372645e-08,0.153071699715809
2214855.23372636,6.34534534534535,2.93156133026979e-08,0.149506480646104
2276970.25538168,6.35735735735736,2.78453018654929e-08,0.145990627884551
2340827.27617829,6.36936936936937,2.64426344121697e-08,0.142524582893058
2406475.15001542,6.38138138138138,2.51048340639875e-08,0.139108742656567
2473964.10088681,6.39339339339339,2.38292203897031e-08,0.135743460377142
2543345.76130465,6.4054054054054,2.26132069355241e-08,0.13242904620138
2614673.21180109,6.41741741741742,2.14542987747145e-08,0.12916576797934
2688001.02153761,6.42942942942943,2.03500900791591e-08,0.125953852053197
2763385.29005317,6.44144144144144,1.9298261715038e-08,0.122793484073814
2840883.6901833,6.45345345345345,1.82965788646169e-08,0.119684809843432
2920555.51218275,6.46546546546547,1.73428886760123e-08,0.116627936182673
3002461.70908555,6.47747747747748,1.64351179426541e-08,0.113622931820065
3086664.94333727,6.48948948948949,1.55712708140283e-08,0.110669828302306
3173229.63473498,6.5015015015015,1.47494265391553e-08,0.107768620923488
3262222.00971167,6.51351351351351,1.39677372441277e-08,0.104919269671526
3353710.15200293,6.52552552552553,1.32244257449122e-08,0.102121700190059
3447764.05473446,6.53753753753754,1.25177833964983e-08,0.0993758047540956
3544455.67397044,6.54954954954955,1.18461679793652e-08,0.0966814432577143
3643858.98376355,6.56156156156156,1.12080016241242e-08,0.0940384442121452
3746050.03274899,6.57357357357357,1.06017687750932e-08,0.091446605752597
3851107.00232557,6.58558558558559,1.00260141934526e-08,0.0889056966522134
3959110.26646846,6.5975975975976,9.4793410005408e-09,0.0864154573415855
4070142.45321944,6.60960960960961,8.96040876174915e-09,0.0839756009322704
4184288.50790158,6.62162162162162,8.46793161139051e-09,0.0815858142428139
4301635.75810679,6.63363363363363,8.00067641883053e-09,0.0792457588258052
4422273.9805059,6.64564564564565,7.5574609960892e-09,0.0769550719945335
4546295.4695324,6.65765765765766,7.13715234704506e-09,0.07471336784786
4673795.10799246,6.66966966966967,6.73866495830064e-09,0.0725202382919568
4804870.43965513,6.68168168168168,6.36095913170007e-09,0.0703752540576113
4939621.74387832,6.69369369369369,6.0030393584246e-09,0.0682779657118397
5078152.11232767,6.7057057057057,5.66395273453044e-09,0.0662279046625953
5220567.52784698,6.71771771771772,5.34278741773667e-09,0.0642245841554096
5366976.94554048,6.72972972972973,5.03867112521597e-09,0.0622675002608457
5517492.37612913,6.74174174174174,4.7507696720917e-09,0.0603561328516966
5672228.97164454,6.75375375375375,4.47828555029704e-09,0.058489946568906
5831305.11352622,6.76576576576577,4.2204565474085e-09,0.05666839177524
5994842.50318941,6.77777777777778,3.97655440502572e-09,0.0548909054957871
6162966.25513294,6.78978978978979,3.74588351623138e-09,0.0531569123444113
6335804.99265825,6.8018018018018,3.52777966163147e-09,0.051465825435337
6513490.9462728,6.81381381381381,3.32160878344375e-09,0.0498170472790873
6696160.05485322,6.82582582582583,3.12676579707388e-09,0.0482099706620532
6883952.0696455,6.83783783783784,2.94267343959254e-09,0.0466439795090157
7077010.66118189,6.84984984984985,2.76878115450294e-09,0.0451184497279933
7275483.52919623,6.86186186186186,2.60456401216739e-09,0.0436327500368342
7479522.51562181,6.87387387387387,2.44952166524273e-09,0.0421862427710233
7689283.72075831,6.88588588588589,2.3031773384579e-09,0.040778284672217
7904927.62269642,6.8978978978979,2.16507685205277e-09,0.0394082276570697
8126619.20009195,6.90990990990991,2.03478767818475e-09,0.038075419565958
8354528.05838287,6.92192192192192,1.91189802960012e-09,0.0367792048912549
8588828.55954626,6.93393393393393,1.79601597985778e-09,0.0355189254848518
8829699.95549408,6.94594594594595,1.68676861438724e-09,0.0342939212446675
9077326.52521022,6.95795795795796,1.58380121165717e-09,0.0331035307799245
9331897.71573324,6.96996996996997,1.48677645372797e-09,0.0319470920550189
9593608.28709315,6.98198198198198,1.3953736654595e-09,0.0308239430118432
9862658.46131283,6.99399399399399,1.30928808164513e-09,0.0297334221704664
10139254.0755881,7.00600600600601,1.22823014134375e-09,0.0286748692081104
10423606.739764,7.01801801801802,1.15192480868395e-09,0.0276476255163983
10715933.9982267,7.03003003003003,1.0801109194175e-09,0.026651034736887
11016459.4963366,7.04204204204204,1.01254055250402e-09,0.0256844432749289
11325413.1515281,7.05405405405405,9.48978426013679e-10,0.0247472007919409
11643031.3292088,7.06606606606607,8.89201316641771e-10,0.023838660676191
11969557.0235904,7.07807807807808,8.32997502135487e-10,0.0229581804922408
12305240.0435926,7.09009009009009,7.80166225941818e-10,0.0221051224092145
12650337.203959,7.1021021021021,7.30517183393921e-10,0.0212788536080874
13005112.5217341,7.11411411411411,6.83870028762812e-10,0.0204787466682185
13369837.4182495,7.12612612612613,6.40053902511289e-10,0.0197041799333715
13744790.9267754,7.13813813813814,5.98906978097455e-10,0.018954537857495
14130259.9059953,7.15015015015015,5.60276027686425e-10,0.0182292113305539
14526539.2594678,7.16216216216216,5.24016006140123e-10,0.0175275979847235
14933932.1612425,7.17417417417417,4.8998965266711e-10,0.0168491024812779
15352750.2878042,7.18618618618619,4.58067109526532e-10,0.0161931367785229
15783314.0565212,7.1981981981982,4.2812555719279e-10,0.0155591203811386
16225952.8707809,7.21021021021021,4.00048865400365e-10,0.0149464805713136
16681005.3720006,7.22222222222222,3.73727259501128e-10,0.0143546526220661
17148819.6987054,7.23423423423423,3.49057001579649e-10,0.0137830799931591
17629753.752872,7.24624624624625,3.25940085785283e-10,0.0132312145100306
18124175.4737424,7.25825825825826,3.04283947353181e-10,0.012698516526168
18632463.1193156,7.27027027027027,2.84001184799771e-10,0.0121844550693658
19155005.5557353,7.28228228228228,2.65009294791771e-10,0.0116885079723134
19692202.5547917,7.2942942942943,2.47230419201185e-10,0.0112101619879673
20244465.099768,7.30630630630631,2.30591103872227e-10,0.010748912890167
20812215.6998634,7.31831831831832,2.15022068639478e-10,0.0103042655599584
21395888.7134342,7.33033033033033,2.00457988149886e-10,0.00987573405809318
21995930.6803007,7.34234234234234,1.86837283054442e-10,0.0094628416841749
22612800.6633728,7.35435435435435,1.74101921148469e-10,0.00906512102292289
23246970.5998565,7.36636636636637,1.62197228052416e-10,0.00868211397802811
23898925.6623105,7.37837837837838,1.5107170703786e-10,0.00831337179407326
24569164.6298279,7.39039039039039,1.40676867616099e-10,0.00795845506698931
25258200.2696278,7.4024024024024,1.30967062519114e-10,0.00761693374351823
25966559.7293487,7.41441441441441,1.21899332715044e-10,0.00728838711015002
26694784.9403432,7.42642642642643,1.13433260112308e-10,0.0069724037719978
27443433.0322836,7.43843843843844,1.05530827618408e-10,0.00666858162207182
28213076.7593947,7.45045045045045,9.81562862310571e-11,0.00637652780140745
29004304.9386399,7.46246246246246,9.1276028850694e-11,0.00609585865049832
29817722.9001967,7.47447447447447,8.4858470514572e-11,0.00582619965247841
30653952.9505653,7.48648648648649,7.88739347635725e-11,0.00556718536849178
31513634.8486648,7.4984984984985,7.32945458635281e-11,0.005318459365681
32397426.295282,7.51051051051051,6.80941266132629e-11,0.00507967413821808
33306003.4362459,7.52252252252252,6.32481014817313e-11,0.00485049102179437
34240061.3797143,7.53453453453453,5.87334048265141e-11,0.00463058010197663
35200314.7279668,7.54654654654655,5.45283939555945e-11,0.00441962011682911
36187498.1241128,7.55855855855856,5.06127668037014e-11,0.00421729835419164
37202366.8141307,7.57057057057057,4.69674840036383e-11,0.00402331054399491
38245697.22467,7.58258258258258,4.35746951418719e-11,0.00383736074598475
39318287.5570577,7.5945945945946,4.04176689962467e-11,0.00365916123321689
40420958.3979631,7.60660660660661,3.74807275620484e-11,0.00348843237167458
41554553.3471887,7.61861861861862,3.47491836807127e-11,0.00332490249635064
42719939.6630678,7.63063063063063,3.22092820933076e-11,0.0031683077841255
43918008.9259609,7.64264264264264,2.98481437485097e-11,0.00301839212376276
45149677.720361,7.65465465465465,2.76537132021068e-11,0.00287490698333246
46415888.3361278,7.66666666666667,2.56147089521656e-11,0.00273761127536265
47717609.4893874,7.67867867867868,2.37205765608351e-11,0.00260627122000872
49055837.0636505,7.69069069069069,2.19614444203748e-11,0.0024806602065193
50431594.8717136,7.7027027027027,2.03280820273647e-11,0.00236055865326743
51845935.4389291,7.71471471471471,1.88118606352087e-11,0.00224575386660434
53299940.8084409,7.72672672672673,1.74047161609601e-11,0.00213603989878357
54794723.3690028,7.73873873873874,1.60991142282077e-11,0.00203121740519174
56331426.7060135,7.75075075075075,1.48880172332456e-11,0.00193109350111261
57911226.4764176,7.76276276276276,1.37648533270368e-11,0.00183548161824049
59535331.3081437,7.77477477477477,1.27234872105499e-11,0.00174420136114868
61204983.724767,7.78678678678679,1.17581926459326e-11,0.00165707836390906
62921461.0961034,7.7987987987988,1.08636265906644e-11,0.00157394414704849
64686076.6154632,7.81081081081081,1.00348048663284e-11,0.00149463597501832
66500180.3043112,7.82282282282282,9.26707927795373e-12,0.00141899671434359
68365160.0451024,7.83483483483483,8.55611610401207e-12,0.00134687469260908
70282442.6430835,7.84684684684685,7.89787588111605e-12,0.00127812355843007
72253494.9178721,7.85885885885886,7.28859441125706e-12,0.00121260214254693
74279824.8256491,7.87087087087087,6.72476492305437e-12,0.00115017432017344
76362982.6128224,7.88288288288288,6.20312132196008e-12,0.00109070887472061
78504562.0020451,7.8948948948949,5.72062246768672e-12,0.00103407936300892
80706201.4114951,7.90690690690691,5.27443742030063e-12,0.000980163982074118
82969585.2083492,7.91891891891892,4.86193159945694e-12,0.000928845437663588
85296444.9974102,7.93093093093093,4.48065380414916e-12,0.000880010814512686
87688560.9458743,7.94294294294294,4.12832404311068e-12,0.000833551448482998
90147763.1452492,7.95495495495495,3.80282212864339e-12,0.000789362800637253
92675933.0114688,7.96696696696697,3.50217698916266e-12,0.000747344333318631
95275004.724273,7.97897897897898,3.22455665814543e-12,0.000707399388295544
97946966.7069539,7.99099099099099,2.96825889945086e-12,0.000669435067026479
100693863.147602,8.003003003003,2.7317024311577e-12,0.000633362113093212
103517795.563018,8.01501501501502,2.51341871213104e-12,0.000599094796844793
106420924.406473,8.02702702702703,2.31204425750112e-12,0.000566550802288936
109405470.720574,8.03903903903904,2.12631345110703e-12,0.000535651116261882
112473717.836475,8.05105105105105,1.9550518247394e-12,0.000506319919902664
115628013.120737,8.06306306306306,1.79716977570579e-12,0.000478484482452608
118870769.77119,8.07507507507508,1.65165669584835e-12,0.000452075057396127
122204468.663149,8.08708708708709,1.51757548666742e-12,0.000427024780954332
125631660.247412,8.0990990990991,1.39405743665112e-12,0.000403269572938638
129154966.501488,8.11111111111111,1.2802974382827e-12,0.00038074803996745
132777082.935543,8.12312312312312,1.17554952349801e-12,0.000359401381045187
136500780.654601,8.13513513513514,1.07912269759794e-12,0.000339173295499139
140328908.478588,8.14714714714715,9.90377052788158e-13,0.000320009893266299
144264395.121816,8.15915915915916,9.08720143624368e-13,0.00030185960751899
148310251.43361,8.17117117117117,8.33603607687493e-13,0.000284673109615143
152469572.701757,8.18318318318318,7.64520015803575e-13,0.000268403226356164
156745541.02056,8.1951951951952,7.00999937059526e-13,0.000253004859532732
161141427.725302,8.20720720720721,6.42609204751109e-13,0.000238434907736365
165660595.894992,8.21921921921922,5.88946370236328e-13,0.000224652190412304
170306502.925284,8.23123123123123,5.39640332457589e-13,0.000211617374127178
175082703.173572,8.24324324324324,4.94348131642432e-13,0.000199292901022958
179992850.678248,8.25525525525526,4.52752896396959e-13,0.000187642919426905
185040701.954231,8.26726726726727,4.14561934070763e-13,0.000176633216585621
190230118.866895,8.27927927927928,3.79504954899146e-13,0.000166231153489816
195565071.586595,8.29129129129129,3.47332421019355e-13,0.000156405601755095
201049641.626049,8.3033033033033,3.17814012014812e-13,0.00014712688252288
206688024.962908,8.31531531531532,2.90737199165871e-13,0.000138366707344506
212484535.249889,8.32732732732733,2.6590592108011e-13,0.000130098121010635
218443607.114943,8.33933933933934,2.43139353840293e-13,0.000122295446287299
224569799.553977,8.35135135135135,2.22270769246053e-13,0.000114934230519222
230867799.418716,8.36336336336336,2.03146475137269e-13,0.000107991194060481
237342425.002387,8.37537537537538,1.85624832174346e-13,0.000101444180492108
243998629.725956,8.38738738738739,1.69575341814796e-13,9.5272108585847e-05
250841505.927754,8.3993993993994,1.54877800567564e-13,8.94549259730187e-05
257876288.75938,8.41141141141141,1.41421515927955e-13,8.39735644772725e-05
265108360.190853,8.42342342342342,1.29104579697807e-13,7.88098970698864e-05
272543253.128103,8.43543543543544,1.17833194678719e-13,7.3946696406263e-05
280186655.64592,8.44744744744745,1.07521050992008e-13,6.93675949023369e-05
288044415.33963,8.45945945945946,9.8088748528306e-14,6.50570463097109e-05
296122543.798803,8.47147147147147,8.94632622634875e-14,6.10002887485572e-05
304427221.206429,8.48348348348348,8.15774473967175e-14,5.71833091575605e-05
312964801.067075,8.4954954954955,7.43695814716637e-14,5.35928091204847e-05
321741815.067638,8.50750750750751,6.77829408342656e-14,5.02161720293219e-05
330764978.074424,8.51951951951952,6.17654089604309e-14,4.7041431544382e-05
340041193.27037,8.53153153153153,5.62691143556026e-14,4.40572413121484e-05
349577557.436326,8.54354354354354,5.12500958858097e-14,4.12528459022188e-05
359381366.380463,8.55555555555556,4.66679935472819e-14,3.86180529251878e-05
369460120.519931,8.56756756756757,4.24857628196531e-14,3.61432062938963e-05
379821530.619074,8.57957957957958,3.86694108766444e-14,3.38191605910774e-05
390473523.688556,8.59159159159159,3.51877530486039e-14,3.16372565070532e-05
401424249.049931,8.6036036036036,3.20121880437539e-14,2.95892973117989e-05
412682084.570295,8.61561561561562,2.91164905400734e-14,2.76675263263546e-05
424255643.071779,8.62762762762763,2.64766198577957e-14,2.58646053592695e-05
436153778.920801,8.63963963963964,2.40705435140052e-14,2.41735940744687e-05
448385594.802118,8.65165165165165,2.18780745461869e-14,2.25879302576595e-05
460960448.682842,8.66366366366366,1.98807215711618e-14,2.11014109491331e-05
473887960.971765,8.67567567567568,1.80615506200558e-14,1.97081744115582e-05
487178021.879464,8.68768768768769,1.64050578590835e-14,1.84026829021209e-05
500840798.984821,8.6996996996997,1.48970523703465e-14,1.71797062191207e-05
514886745.013749,8.71171171171171,1.35245482268357e-14,1.60343059938951e-05
529326605.836055,8.72372372372372,1.22756651516642e-14,1.49618206997111e-05
544171428.686589,8.73573573573574,1.11395371035381e-14,1.395785135002e-05
559432570.616939,8.74774774774775,1.01062281788166e-14,1.30182478592399e-05
575121707.184161,8.75975975975976,9.16665526549159e-15,1.21390960399829e-05
591250841.383187,8.77177177177177,8.31251692621892e-15,1.13167052114049e-05
607832312.829721,8.78378378378378,7.53622802640252e-15,1.05475963941003e-05
624878807.200689,8.7957957957958,6.83085965943275e-15,9.82849106770943e-06
642403365.93942,8.80780780780781,6.19008395472174e-15,9.15630046813877e-06
660419396.23303,8.81981981981982,5.60812338531834e-15,8.52811540202197e-06
678940681.26961,8.83183183183183,5.07970422079214e-15,7.9411965567663e-06
697981390.783064,8.84384384384384,4.60001379790041e-15,7.39296528523489e-06
717556091.893692,8.85585585585586,4.1646613064344e-15,6.88099484481053e-06
737679760.252775,8.86786786786787,3.76964181071652e-15,6.40300207127122e-06
758367791.499719,8.87987987987988,3.41130324861379e-15,5.95683946857827e-06
779636013.040522,8.89189189189189,3.08631616975714e-15,5.54048769633682e-06
801500696.156538,8.9039039039039,2.79164599302641e-15,5.15204843733588e-06
823978568.452851,8.91591591591592,2.52452758037044e-15,4.78973762820398e-06
847086826.655742,8.92792792792793,2.28244193978619e-15,4.45187903683788e-06
870843149.769072,8.93993993993994,2.06309488485756e-15,4.1368981708638e-06
895265712.599638,8.95195195195195,1.86439749174755e-15,3.84331650198167e-06
920373199.661823,8.96396396396396,1.68444820701585e-15,3.56974599161761e-06
946184819.472199,8.97597597597598,1.52151647117323e-15,3.31488390387082e-06
972720319.245056,8.98798798798799,1.37402773355318e-15,3.07750789228575e-06
1e+09,9,1.24054974394007e-15,2.85647134751397e-06
1028044732.09331,9.01201201201201,1.11978001550084e-15,2.65069899344345e-06
1056875971.1848,9.02402402402402,1.01053436198111e-15,2.45918271987696e-06
1086515774.65254,9.03603603603604,9.11736419892655e-16,2.28097764032672e-06
1116986818.46782,9.04804804804805,8.22408073589243e-16,2.11519836396481e-06
1148312414.54351,9.06006006006006,7.41660707743373e-16,1.96101547122711e-06
1180516528.5688,9.07207207207207,6.68687217838426e-16,1.81765218301071e-06
1213623798.34424,9.08408408408408,6.02754714919064e-16,1.68438121383484e-06
1247659552.63087,9.0960960960961,5.43197866029918e-16,1.56052179974947e-06
1282649830.52806,9.10810810810811,4.89412816554461e-16,1.44543689217695e-06
1318621401.39475,9.12012012012012,4.4085164507105e-16,1.33853050926e-06
1355601785.32937,9.13213213213213,3.97017305400333e-16,1.23924523666235e-06
1393619274.22414,9.14414414414414,3.57459014254459e-16,1.14705987013012e-06
1432702953.40983,9.15615615615616,3.21768046337254e-16,1.06148719246908e-06
1472882723.9075,9.16816816816817,2.89573901909242e-16,9.82071877928255e-07
1514189325.30435,9.18018018018018,2.60540814742532e-16,9.0838851730362e-07
1556654359.27106,9.19219219219219,2.34364571067998e-16,8.40039757385084e-07
1600310313.7387,9.2042042042042,2.10769612578723e-16,7.76654548669997e-07
1645190587.75366,9.21621621621622,1.89506398816105e-16,7.17886495552575e-07
1691329517.02965,9.22822822822823,1.7034900634379e-16,6.63412303475006e-07
1738762400.21625,9.24024024024024,1.53092944024278e-16,6.12930317790969e-07
1787525525.90423,9.25225225225225,1.37553165466402e-16,5.66159149346263e-07
1837656200.38817,9.26426426426426,1.2356226132175e-16,5.22836382025412e-07
1889192776.20766,9.27627627627628,1.10968815585454e-16,4.82717357746811e-07
1942174681.48903,9.28828828828829,9.96359114121231e-17,4.45574034612802e-07
1996642450.10979,9.3003003003003,8.94397732010946e-17,4.11193914136077e-07
2052637752.70925,9.31231231231231,8.02685328449223e-17,3.79379033668617e-07
2110203428.5686,9.32432432432432,7.20211090801566e-17,3.49945020356292e-07
2169383518.38518,9.33633633633634,6.46061898369777e-17,3.22720203129877e-07
2230223297.96594,9.34834834834835,5.79413083615065e-17,2.97544779422841e-07
2292769312.86565,9.36036036036036,5.19520046881629e-17,2.74270033477899e-07
2357069413.99672,9.37237237237237,4.65710647749816e-17,2.52757603267966e-07
2423172794.2376,9.38438438438438,4.17378302882316e-17,2.32878793213586e-07
2491130026.06779,9.3963963963964,3.73975726387875e-17,2.14513930027984e-07
2560993100.25846,9.40840840840841,3.35009254363552e-17,1.97551759163017e-07
2632815465.64802,9.42042042042042,3.0003370043159e-17,1.81888879464939e-07
2706652070.03324,9.43243243243243,2.68647693799139e-17,1.67429213777825e-07
2782559402.20713,9.44444444444444,2.40489455677029e-17,1.54083513355544e-07
2860595535.17574,9.45645645645646,2.15232973829116e-17,1.41768894060072e-07
2940820170.58707,9.46846846846847,1.92584538619153e-17,1.30408402435234e-07
3023294684.40578,9.48048048048048,1.72279607205252e-17,1.19930609850848e-07
3108082173.86906,9.49249249249249,1.5407996552909e-17,1.10269233012729e-07
3195247505.75921,9.5045045045045,1.37771160482829e-17,1.01362779229689e-07
3284857366.03004,9.51651651651652,1.23160177132388e-17,9.31542149193164e-08
3376980310.8251,9.52852852852853,1.10073338152485e-17,8.55906559205471e-08
3471686818.92656,9.54054054054054,9.83544047049564e-18,7.86230782627416e-08
3569049345.67522,9.55255255255255,8.78628598842814e-18,7.2206048118522e-08
3669142378.40249,9.56456456456456,7.84723575792629e-18,6.62974697411344e-08
3772042493.41699,9.57657657657658,7.00693211711495e-18,6.08583502567589e-08
3877828414.58946,9.58858858858859,6.25516779199642e-18,5.58525802481465e-08
3986581073.58044,9.6006006006006,5.58277161941928e-18,5.12467291285014e-08
4098383671.75725,9.61261261261261,4.98150538854557e-18,4.70098543635974e-08
4213321743.84729,9.62462462462462,4.4439707429671e-18,4.31133236561256e-08
4331483223.37639,9.63663663663664,3.96352518385644e-18,3.95306492591551e-08
4452958509.94266,9.64864864864865,3.5342063038985e-18,3.62373336356223e-08
4577840538.37662,9.66066066066066,3.15066346299818e-18,3.32107257280512e-08
4706224849.84127,9.67267267267267,2.80809619061743e-18,3.04298871473398e-08
4838209664.92596,9.68468468468468,2.50219866672091e-18,2.78754676316398e-08
4973895958.79006,9.6966966966967,2.22910969428679e-18,2.55295891661427e-08
5113387538.41433,9.70870870870871,1.98536763173027e-18,2.33757381921379e-08
5256791122.01842,9.72072072072072,1.76786980387847e-18,2.13986653691423e-08
5404216420.70593,9.73273273273273,1.57383595578896e-18,1.95842923872719e-08
5555776222.39888,9.74474474474474,1.4007753551345e-18,1.79196253585193e-08
5711586478.12642,9.75675675675676,1.24645718646374e-18,1.63926743452286e-08
5871766390.73326,9.76876876876877,1.10888391473999e-18,1.49923786119977e-08
6036438506.07586,9.78078078078078,9.86267326470737e-19,1.37085372135093e-08
6205728806.77651,9.79279279279279,8.77006984763048e-19,1.25317445555309e-08
6379766808.60628,9.8048048048048,7.79670860032819e-19,1.14533305895951e-08
6558685659.57142,9.81681681681682,6.92977921102212e-19,1.04653053237392e-08
6742622241.77835,9.82882882882883,6.15782492256496e-19,9.56030735226166e-09
6931717276.1554,9.84084084084084,5.47060200699282e-19,8.73155612676883e-09
7126115430.11176,9.85285285285285,4.85895355923709e-19,7.97280770893816e-09
7325965428.21523,9.86486486486486,4.31469617973989e-19,7.27831376247332e-09
7531420165.97436,9.87687687687688,3.8305182555445e-19,6.64278355771676e-09
7742636826.81128,9.88888888888889,3.39988867591128e-19,6.06134877740244e-09
7959777002.31498,9.9009009009009,3.01697493286997e-19,5.52953092610762e-09
8183006815.86741,9.91291291291291,2.67656966049477e-19,5.04321115916267e-09
8412497049.73612,9.92492492492492,2.3740247601174e-19,4.59860235915617e-09
8648423275.73171,9.93693693693694,2.10519234309538e-19,4.19222329975953e-09
8890965989.52917,9.94894894894895,1.8663717989918e-19,3.82087474745972e-09
9140310748.75622,9.96096096096096,1.65426236586141e-19,3.48161736195265e-09
9396648314.95471,9.97297297297297,1.46592064147977e-19,3.17175126546662e-09
9660174799.52265,9.98498498498498,1.29872253043562e-19,2.88879716019079e-09
9931091813.74978,9.996996996997,1.15032917260314e-19,2.63047888130927e-09
10209606623.0605,10.009009009009,1.01865644415021e-19,2.39470728093109e-09
10495932305.5823,10.021021021021,9.01847663391688e-20,2.17956534548262e-09
10790287915.1619,10.033033033033,7.98249170895456e-20,1.98329445593093e-09
11092898648.9522,10.045045045045,7.06388486684238e-20,1.80428170655887e-09
11403996019.7003,10.0570570570571,6.24954777499609e-20,1.64104820394329e-09
11723818032.866,10.0690690690691,5.52781394229482e-20,1.49223827332535e-09
12052609368.7084,10.0810810810811,4.88830264034069e-20,1.35660950472718e-09
12390621569.4792,10.0930930930931,4.32177943701713e-20,1.23302357598835e-09
12738113231.8648,10.1051051051051,3.82003160563939e-20,1.12043779438985e-09
13095350204.8267,10.1171171171171,3.37575685110658e-20,1.01789730272077e-09
13462605792.9891,10.1291291291291,2.98246395469978e-20,9.24527899547827e-10
13840160965.7313,10.1411411411411,2.63438408325093e-20,8.39529427082962e-10
14228304572.1435,10.1531531531532,2.32639163794678e-20,7.62169683430802e-10
14627333562.0113,10.1651651651652,2.05393363445891e-20,6.91778819150578e-10
15037553212.9974,10.1771771771772,1.81296671069853e-20,6.27744181000094e-10
15459277364.1948,10.1891891891892,1.59990095247188e-20,5.69505568459233e-10
15892828656.2298,10.2012012012012,1.41154981170019e-20,5.16550871168608e-10
16338538778.0986,10.2132132132132,1.2450854676364e-20,4.68412057778716e-10
16796748720.9265,10.2252252252252,1.09799904951747e-20,4.24661488898896e-10
17267809038.8435,10.2372372372372,9.68065200112329e-21,3.84908528872659e-10
17752080117.1764,10.2492492492492,8.53310514369536e-21,3.4879643299938e-10
18249932448.1615,10.2612612612613,7.51985436462244e-21,3.15999488579603e-10
18761746914.3912,10.2732732732733,6.62539242546865e-21,2.86220389792699e-10
19287915080.2078,10.2852852852853,5.83597776007556e-21,2.59187827929606e-10
19828839491.2707,10.2972972972973,5.13943637314924e-21,2.34654279907423e-10
20384933982.5246,10.3093093093093,4.52498562303018e-21,2.12393979295115e-10
20956623994.8043,10.3213213213213,3.98307751037083e-21,1.92201055286715e-10
21544346900.3189,10.3333333333333,3.50525934846393e-21,1.7388782617716e-10
22148552337.2636,10.3453453453453,3.08404991834185e-21,1.57283234932615e-10
22769702553.8168,10.3573573573574,2.71282941525089e-21,1.42231415406903e-10
23408272761.7829,10.3693693693694,2.38574167515733e-21,1.28590378644682e-10
24064751500.1542,10.3813813813814,2.09760733277035e-21,1.16230809534589e-10
24739641008.8682,10.3933933933934,1.84384670817073e-21,1.05034964836805e-10
25433457613.0465,10.4054054054054,1.62041134929473e-21,9.48956643137078e-11
26146732118.0109,10.4174174174174,1.42372327384862e-21,8.57153673432802e-11
26880010215.3761,10.4294294294294,1.25062105816387e-21,7.74053279970014e-11
27633852900.5317,10.4414414414414,1.09831201334076e-21,6.98848221200898e-11
28408836901.8331,10.4534534534535,9.64329771931353e-22,6.30804404659285e-11
29205555121.8274,10.4654654654655,8.46496682426707e-22,5.69254424111346e-11
30024617090.8554,10.4774774774775,7.42890474870367e-22,5.13591652159079e-11
30866649433.3727,10.4894894894895,6.51814719862948e-22,4.63264841988101e-11
31732296347.3497,10.5015015015015,5.71772655802355e-22,4.17773195683232e-11
32622220097.1167,10.5135135135135,5.01444006094049e-22,3.76661859977858e-11
33537101520.0293,10.5255255255255,4.39664449873174e-22,3.39517813478211e-11
34477640547.3446,10.5375375375375,3.8540744704313e-22,3.05966112329808e-11
35444556739.7044,10.5495495495495,3.37768151640985e-22,2.75666463990922e-11
36438589837.6354,10.5615615615616,2.95949177121656e-22,2.48310101262672e-11
37460500327.49,10.5735735735736,2.59248003498472e-22,2.2361693101408e-11
38511070023.2557,10.5855855855856,2.27045839736569e-22,2.01332934147934e-11
39591102664.6845,10.5975975975976,1.98797775676485e-22,1.81227795292871e-11
40701424532.1944,10.6096096096096,1.74024076348571e-22,1.63092742492273e-11
41842885079.0158,10.6216216216216,1.52302488071546e-22,1.46738578802516e-11
43016357581.068,10.6336336336336,1.33261440433571e-22,1.31993889223204e-11
44222739805.059,10.6456456456456,1.16574041330506e-22,1.1870340777048e-11
45462954695.3239,10.6576576576577,1.01952773860026e-22,1.06726530780409e-11
46737951079.9246,10.6696696696697,8.91448142016102e-23,9.59359637019741e-12
48048704396.5512,10.6816816816817,7.79278987915265e-23,8.621648971613e-12
49396217438.7833,10.6936936936937,6.81066772557095e-23,7.74638495062778e-12
50781521123.2767,10.7057057057057,5.95094948043871e-23,6.95837224134402e-12
52205675278.4696,10.7177177177177,5.19855542207004e-23,6.24908000424866e-12
53669769455.4048,10.7297297297297,4.54024132815192e-23,5.61079441502315e-12
55174923761.2912,10.7417417417417,3.96437785115542e-23,5.03654213472546e-12
56722289716.4455,10.7537537537538,3.4607560663383e-23,4.52002077881608e-12
58313051135.2622,10.7657657657658,3.0204161299388e-23,4.05553576142664e-12
59948425031.8942,10.7777777777778,2.63549633833867e-23,3.63794294526457e-12
61629662551.3294,10.7897897897898,2.29910019204809e-23,3.2625965770199e-12
63358049926.5824,10.8018018018018,2.00517934579127e-23,2.92530203344136e-12
65134909462.7281,10.8138138138138,1.74843057177049e-23,2.62227294473215e-12
66961600548.5322,10.8258258258258,1.52420508088368e-23,2.35009229988126e-12
68839520696.4551,10.8378378378378,1.32842873944509e-23,2.10567717328649e-12
70770106611.8189,10.8498498498498,1.1575318896117e-23,1.88624674380846e-12
72754835291.9622,10.8618618618619,1.0083876327465e-23,1.68929330645435e-12
74795225156.2183,10.8738738738739,8.78257568584172e-24,1.51255600346402e-12
76892837207.583,10.8858858858859,7.64744101266989e-24,1.35399702585401e-12
79049276226.9644,10.8978978978979,6.65748527851967e-24,1.21178005866509e-12
81266192000.9194,10.9099099099099,5.79434217307495e-24,1.08425076342792e-12
83545280583.8285,10.9219219219219,5.04194269700638e-24,9.69919109869827e-13
85888285595.4626,10.9339339339339,4.38623117457195e-24,8.6744338578374e-13
88296999554.9408,10.9459459459459,3.81491594339599e-24,7.75615729400886e-13
90773265252.1024,10.957957957958,3.31725054103105e-24,6.93349042679691e-13
93318977157.3324,10.96996996997,2.88384170514102e-24,6.1966515675731e-13
95936082870.9313,10.981981981982,2.50648094305831e-24,5.53684132512691e-13
98626584613.1283,10.993993993994,2.17799681381279e-24,4.94614589859056e-13
101392540755.881,11.006006006006,1.89212540746132e-24,4.41744969106002e-13
104236067397.64,11.018018018018,1.64339680797229e-24,3.94435636589612e-13
107159339982.267,11.03003003003,1.42703559171363e-24,3.5211175483759e-13
110164594963.365,11.042042042042,1.23887364791018e-24,3.14256844882537e-13
113254131515.281,11.0540540540541,1.0752738139541e-24,2.80406975024894e-13
116430313292.088,11.0660660660661,9.33063000415103e-25,2.50145516432756e-13
119695570235.905,11.0780780780781,8.09473640889455e-25,2.23098411503143e-13
123052400435.926,11.0900900900901,7.02092442988826e-25,1.9892990594558e-13
126503372039.59,11.1021021021021,6.08815541054267e-25,1.77338700127966e-13
130051125217.341,11.1141141141141,5.27809260576577e-25,1.58054479387576e-13
133698374182.495,11.1261261261261,4.57475800570733e-25,1.40834786792818e-13
137447909267.754,11.1381381381381,3.96423224841807e-25,1.25462205278088e-13
141302599059.953,11.1501501501502,3.43439227568045e-25,1.11741819195663e-13
145265392594.678,11.1621621621622,2.97468204122606e-25,9.94989281625959e-14
149339321612.425,11.1741741741742,2.57591215632174e-25,8.85769886535151e-14
153527502878.042,11.1861861861862,2.23008486370981e-25,7.88357611248114e-14
157833140565.212,11.1981981981982,1.93024117547337e-25,7.01496425738866e-14
162259528707.809,11.2102102102102,1.67032740092061e-25,6.24061663582203e-14
166810053720.006,11.2222222222222,1.44507863352156e-25,5.55046528408483e-14
171488196987.054,11.2342342342342,1.24991706701458e-25,4.9354996007853e-14
176297537528.72,11.2462462462462,1.08086327506444e-25,4.38765726343114e-14
181241754737.424,11.2582582582583,9.34458820741462e-26,3.89972618714448e-14
186324631193.156,11.2702702702703,8.07698765520881e-26,3.4652564301835e-14
191550055557.352,11.2822822822823,6.97972825913011e-26,3.0784810572597e-14
196922025547.917,11.2942942942943,6.03014082271822e-26,2.73424506787397e-14
202444650997.68,11.3063063063063,5.20854281457944e-26,2.42794158397551e-14
208122156998.634,11.3183183183183,4.49784895206702e-26,2.1554545700324e-14
213958887134.342,11.3303303303303,3.88323201342474e-26,1.91310742986115e-14
219959306803.007,11.3423423423423,3.35182747204228e-26,1.69761688898901e-14
226128006633.728,11.3543543543544,2.89247635407861e-26,1.50605162956847e-14
232469705998.565,11.3663663663664,2.49550142773277e-26,1.33579519749289e-14
238989256623.105,11.3783783783784,2.15251245125612e-26,1.18451274891463e-14
245691646298.279,11.3903903903904,1.85623674827991e-26,1.05012124631564e-14
252582002696.278,11.4024024024024,1.6003718527036e-26,9.30762753059049e-15
259665597293.487,11.4144144144144,1.37945737965881e-26,8.24780510358425e-15
266947849403.432,11.4264264264264,1.18876364126919e-26,7.30697512192876e-15
274434330322.837,11.4384384384384,1.02419484254252e-26,6.47197322198249e-15
282130767593.947,11.4504504504505,8.82204969421906e-27,5.73106902273836e-15
290043049386.399,11.4624624624625,7.59724722756606e-27,5.07381245824003e-15
298177229001.967,11.4744744744745,6.54098063101075e-27,4.49089629452116e-15
306539529505.652,11.4864864864865,5.63027115626537e-27,3.97403315756453e-15
315136348486.648,11.4984984984985,4.84524345394049e-27,3.51584556845416e-15
323974262952.82,11.5105105105105,4.16871053723693e-27,3.10976763473092e-15
333060034362.458,11.5225225225225,3.58581368977008e-27,2.74995718457743e-15
342400613797.143,11.5345345345345,3.08371012004218e-27,2.43121725435623e-15
352003147279.668,11.5465465465465,2.65130209765645e-27,2.14892595152094e-15
361874981241.128,11.5585585585586,2.27900211949212e-27,1.89897381524508e-15
372023668141.307,11.5705705705706,1.95852936282897e-27,1.67770788735097e-15
382456972246.699,11.5825825825826,1.68273330007093e-27,1.48188178726894e-15
393182875570.577,11.5945945945946,1.4454408878456e-27,1.30861115770985e-15
404209583979.63,11.6066066066066,1.24132421196399e-27,1.15533391329981e-15
415545533471.888,11.6186186186186,1.06578587787545e-27,1.01977478333979e-15
427199396630.678,11.6306306306306,9.14859791569838e-28,8.99913692772553e-16
439180089259.608,11.6426426426426,7.8512528512983e-28,7.93957572963368e-16
451496777203.61,11.6546546546547,6.73632810222188e-28,7.00315236567244e-16
464158883361.277,11.6666666666667,5.7783965689523e-28,6.17574989051098e-16
477176094893.875,11.6786786786787,4.95554358623269e-28,5.44484683800713e-16
490558370636.505,11.6906906906907,4.24888621539424e-28,4.79933958568692e-16
504315948717.135,11.7027027027027,3.64215769652838e-28,4.22938418662957e-16
518459354389.291,11.7147147147147,3.12134831550571e-28,3.7262555706192e-16
532999408084.408,11.7267267267267,2.67439510246062e-28,3.28222223857981e-16
547947233690.029,11.7387387387387,2.29091378731943e-28,2.89043477338875e-16
563314267060.135,11.7507507507508,1.96196731409466e-28,2.5448266685124e-16
579112264764.175,11.7627627627628,1.67986597627867e-28,2.24002613562962e-16
595353313081.437,11.7747747747748,1.437994895826e-28,1.97127769542997e-16
612049837247.669,11.7867867867868,1.23066514103051e-28,1.73437248378828e-16
629214610961.035,11.7987987987988,1.05298527551033e-28,1.52558632008021e-16
646860766154.632,11.8108108108108,9.00750561467818e-29,1.34162468689871e-16
665001803043.113,11.8228228228228,7.70347414041725e-29,1.1795738621e-16
683651600451.024,11.8348348348348,6.58671027464328e-29,1.03685752608071e-16
702824426430.834,11.8468468468468,5.63054374421595e-29,9.11198240461136e-17
722534949178.722,11.8588588588589,4.81207023199706e-29,8.00583259838639e-17
742798248256.491,11.8708708708709,4.11162427839588e-29,7.03234196782101e-17
763629826128.226,11.8828828828829,3.51232528923739e-29,6.17580112501541e-17
785045620020.451,11.8948948948949,2.99968660531876e-29,5.42233652294968e-17
807062014114.949,11.9069069069069,2.56127895576758e-29,4.75969886537145e-17
829695852083.491,11.9189189189189,2.18644079996105e-29,4.17707555160213e-17
852964449974.102,11.9309309309309,1.86602908584466e-29,3.66492446753611e-17
876885609458.745,11.9429429429429,1.59220483730852e-29,3.21482673007453e-17
901477631452.492,11.954954954955,1.35824874833624e-29,2.81935625616864e-17
926759330114.686,11.966966966967,1.15840262296957e-29,2.47196426296182e-17
952750047242.73,11.978978978979,9.87733071662748e-30,2.16687701525878e-17
979469667069.539,11.990990990991,8.42014368393125e-30,1.89900532344662e-17
1006938631476.03,12.003003003003,7.17627799420718e-30,1.66386446148495e-17
1035177955630.18,12.015015015015,6.11475202919997e-30,1.45750332286808e-17
1064209244064.72,12.027027027027,5.20904716697785e-30,1.276441764485e-17
1094054707205.74,12.039039039039,4.43647025679425e-30,1.11761520582829e-17
1124737178364.75,12.051051051051,3.77760637682853e-30,9.78325655584371e-18
1156280131207.38,12.0630630630631,3.21584920318018e-30,8.56198430682494e-18
1188707697711.9,12.0750750750751,2.7369980806815e-30,7.49143915637761e-18
1222044686631.49,12.0870870870871,2.32891240553478e-30,6.55323783609091e-18
1256316602474.12,12.0990990990991,1.981215239618e-30,5.73121166011331e-18
1291549665014.88,12.1111111111111,1.685039205133e-30,5.01114315657192e-18
1327770829355.43,12.1231231231231,1.43280868088952e-30,4.38053360059989e-18
1365007806546.01,12.1351351351351,1.21805315932036e-30,3.82839787411966e-18
1403289084785.87,12.1471471471471,1.0352473448138e-30,3.34508348497596e-18
1442643951218.16,12.1591591591592,8.79674195129744e-31,2.92211093975929e-18
1483102514336.1,12.1711711711712,7.47307642336653e-31,2.55203298571719e-18
1524695727017.58,12.1831831831832,6.34712189810951e-31,2.22831052204415e-18
1567455410205.6,12.1951951951952,5.38956977669859e-31,1.94520323356278e-18
1611414277253.02,12.2072072072072,4.57542249463682e-31,1.69767322394042e-18
1656605958949.92,12.2192192192192,3.88336445703167e-31,1.48130012430738e-18
1703065029252.84,12.2312312312312,3.29522401464877e-31,1.29220632928801e-18
1750827031735.73,12.2432432432432,2.79551341613939e-31,1.12699116855164e-18
1799928506782.48,12.2552552552553,2.37103553033698e-31,9.82672960279109e-19
1850407019542.3,12.2672672672673,2.01054772900347e-31,8.56638015424201e-19
1902301188668.95,12.2792792792793,1.7044746914939e-31,7.46595770104027e-19
1955650715865.95,12.2912912912913,1.44466307000154e-31,6.50539319461809e-19
2010496416260.5,12.3033033033033,1.22417196453609e-31,5.66710711312836e-19
2066880249629.08,12.3153153153153,1.03709402394572e-31,4.93570433063729e-19
2124845352498.88,12.3273273273273,8.78402733279005e-32,4.29770591892071e-19
2184436071149.43,12.3393393393393,7.43822085921772e-32,3.74131346980157e-19
2245697995539.77,12.3513513513514,6.29715386166213e-32,3.25620204584829e-19
2308677994187.17,12.3633633633634,5.32990397004549e-32,2.8333383267614e-19
2373424250023.87,12.3753753753754,4.51018450036601e-32,2.46482092481087e-19
2439986297259.55,12.3873873873874,3.81565478926109e-32,2.14374020136495e-19
2508415059277.54,12.3993993993994,3.22733233005475e-32,1.86405523333496e-19
2578762887593.8,12.4114114114114,2.72909180421092e-32,1.62048585805045e-19
2651083601908.54,12.4234234234234,2.3072382666406e-32,1.40841797196704e-19
2725432531281.03,12.4354354354354,1.95014359620484e-32,1.2238204764826e-19
2801866556459.19,12.4474474474474,1.64793690848799e-32,1.06317245635089e-19
2880444153396.3,12.4594594594595,1.39224098466869e-32,9.23399345723443e-20
2961225437988.03,12.4714714714715,1.17594793087523e-32,8.01816986344487e-20
3044272212064.31,12.4834834834835,9.93028274885916e-33,6.96082614216312e-20
3129648010670.75,12.4954954954955,8.3836855557126e-33,6.04151927202477e-20
3217418150676.36,12.5075075075075,7.07633185756143e-33,5.24241488377895e-20
3307649780744.24,12.5195195195195,5.97146988965783e-33,4.54795810084626e-20
3400411932703.7,12.5315315315315,5.03795340015132e-33,3.94458543042126e-20
3495775574363.28,12.5435435435435,4.24939291651823e-33,3.42047264757689e-20
3593813663804.63,12.5555555555556,3.58343455641773e-33,2.96531423005107e-20
3694601205199.3,12.5675675675676,3.02114736360955e-33,2.57013044277249e-20
3798215306190.74,12.5795795795796,2.54650296328815e-33,2.22709864745087e-20
3904735236885.56,12.5915915915916,2.14593373202775e-33,1.92940583144152e-20
4014242490499.33,12.6036036036036,1.80795772557831e-33,1.67111971840797e-20
4126820845702.95,12.6156156156156,1.52286035442042e-33,1.44707614708231e-20
4242556430717.77,12.6276276276276,1.28242428623941e-33,1.25278068895787e-20
4361537789208.01,12.6396396396396,1.07970032395728e-33,1.08432272575104e-20
4483855948021.18,12.6516516516517,9.08813089811191e-34,9.38300427058417e-21
4609604486828.44,12.6636636636637,7.64796267706712e-34,8.11755261471596e-21
4738879609717.65,12.6756756756757,6.43452941195846e-34,7.02114843707611e-21
4871780218794.62,12.6876876876877,5.41237233018738e-34,6.07143068901164e-21
5008407989848.21,12.6996996996997,4.55154021362925e-34,5.24896615590305e-21
5148867450137.49,12.7117117117117,3.82673992480047e-34,4.53687013304859e-21
5293266058360.57,12.7237237237237,3.21661701571309e-34,3.9204757098001e-21
5441714286865.89,12.7357357357357,2.70314664584879e-34,3.38704550372019e-21
5594325706169.37,12.7477477477477,2.27111801872173e-34,2.92552045750138e-21
5751217071841.61,12.7597597597598,1.90769808302296e-34,2.5263009870444e-21
5912508413831.87,12.7717717717718,1.60206240062423e-34,2.18105636103483e-21
6078323128297.24,12.7837837837838,1.34508291633004e-34,1.88255871084901e-21
6248788072006.89,12.7957957957958,1.12906392140018e-34,1.62453852364405e-21
6424033659394.2,12.8078078078078,9.47518825595312e-35,1.40155886896344e-21
6604193962330.31,12.8198198198198,7.94981475848484e-35,1.20890595707189e-21
6789406812696.1,12.8318318318318,6.6684671343742e-35,1.04249393162786e-21
6979813907830.67,12.8438438438438,5.5923567113842e-35,8.9878206558389e-22
7175560918936.92,12.8558558558559,4.68881998893942e-35,7.74702762077897e-22
7376797602527.75,12.8678678678679,3.93035789438161e-35,6.67598965690053e-22
7583677914997.19,12.8798798798799,3.29382469754425e-35,5.75169767416084e-22
7796360130405.22,12.8918918918919,2.75974343517526e-35,4.95423142238787e-22
8015006961565.41,12.9039039039039,2.31172825134735e-35,4.26634894060748e-22
8239785684528.51,12.9159159159159,1.93599707281771e-35,3.67313001445087e-22
8470868266557.42,12.9279279279279,1.6209605912933e-35,3.16166661246808e-22
8708431497690.72,12.9399399399399,1.35687568736439e-35,2.72079417691677e-22
8952657125996.38,12.951951951952,1.13555326266545e-35,2.34085843421217e-22
9203731996618.23,12.963963963964,9.50111997899507e-36,2.01351307921666e-22
9461848194721.99,12.975975975976,7.94770867400357e-36,1.73154428856063e-22
9727203192450.56,12.987987987988,6.64674352177237e-36,1.48871854233655e-22
1e+13,13,5.55745233650491e-36,1.27965069050612e-22
