"zeta_2","log10_zeta_2","density","density_log10"
10,1,2.79912598886747e-08,6.44522577537843e-07
10.2096066230605,1.00900900900901,2.89318339717374e-08,6.80143672193691e-07
10.423606739764,1.01801801801802,2.99007967651026e-08,7.17656244028607e-07
10.6420924406472,1.02702702702703,3.08988870828721e-08,7.57156322152624e-07
10.8651577465254,1.03603603603604,3.19268588850214e-08,7.98744567549195e-07
11.0928986489522,1.04504504504505,3.29854814531553e-08,8.42526483512299e-07
11.3254131515281,1.05405405405405,3.40755395637393e-08,8.88612634978308e-07
11.5628013120738,1.06306306306306,3.51978336586168e-08,9.37118877095635e-07
11.805165285688,1.07207207207207,3.63531800126027e-08,9.88166593387086e-07
12.0526093687084,1.08108108108108,3.75424108979536e-08,1.04188294387166e-06
12.3052400435926,1.09009009009009,3.87663747454987e-08,1.09840112352498e-06
12.5631660247412,1.0990990990991,4.00259363022195e-08,1.15786063147015e-06
12.8264983052806,1.10810810810811,4.1321976785056e-08,1.22040755130395e-06
13.0953502048267,1.11711711711712,4.26553940307193e-08,1.28619484297657e-06
13.3698374182495,1.12612612612613,4.4027102641278e-08,1.35538264665679e-06
13.6500780654601,1.13513513513514,4.54380341252889e-08,1.42813859902876e-06
13.9361927422414,1.14414414414414,4.68891370342362e-08,1.50463816248086e-06
14.2283045721435,1.15315315315315,4.83813770940372e-08,1.58506496766183e-06
14.5265392594678,1.16216216216216,4.99157373313703e-08,1.66961116989501e-06
14.831025143361,1.17117117117117,5.1493218194578e-08,1.75847781995649e-06
15.1418932530435,1.18018018018018,5.31148376688923e-08,1.85187524973957e-06
15.4592773641948,1.18918918918919,5.47816313857291e-08,1.95002347334389e-06
15.7833140565212,1.1981981981982,5.64946527257878e-08,2.0531526041444e-06
16.1141427725302,1.20720720720721,5.82549729156973e-08,2.16150328841283e-06
16.4519058775366,1.21621621621622,6.00636811179437e-08,2.27532715608143e-06
16.7967487209265,1.22522522522523,6.19218845138046e-08,2.39488728925713e-06
17.1488196987054,1.23423423423423,6.38307083790254e-08,2.5204587091125e-06
17.5082703173572,1.24324324324324,6.57912961519566e-08,2.6523288817986e-06
17.8752552590424,1.25225225225225,6.78048094938778e-08,2.79079824404447e-06
18.2499324481615,1.26126126126126,6.98724283412254e-08,2.9361807491269e-06
18.6324631193156,1.27027027027027,7.19953509494451e-08,3.0888044339153e-06
19.0230118866894,1.27927927927928,7.41747939281778e-08,3.249012007716e-06
19.4217468148903,1.28828828828829,7.64119922674997e-08,3.41716146366174e-06
19.8288394912707,1.2972972972973,7.87081993549197e-08,3.59362671341359e-06
20.244465099768,1.30630630630631,8.10646869828484e-08,3.7787982459641e-06
20.6688024962908,1.31531531531532,8.34827453462441e-08,3.97308381135278e-06
21.102034285686,1.32432432432432,8.59636830301447e-08,4.17690913012812e-06
21.5443469003188,1.33333333333333,8.85088269867869e-08,4.39071862941244e-06
21.9959306803007,1.34234234234234,9.11195225020193e-08,4.6149762064511e-06
22.4569799553977,1.35135135135135,9.37971331507145e-08,4.85016602054965e-06
22.9276931286565,1.36036036036036,9.65430407408828e-08,5.0967933143287e-06
23.4082727617829,1.36936936936937,9.93586452461887e-08,5.3553852652499e-06
23.8989256623105,1.37837837837838,1.02245364726576e-07,5.62649186839217e-06
24.3998629725955,1.38738738738739,1.05204635236704e-07,5.91068685148364e-06
24.9113002606779,1.3963963963964,1.08237910721903e-07,6.20856862321923e-06
25.4334576130465,1.40540540540541,1.11346662901352e-07,6.52076125592261e-06
25.9665597293487,1.41441441441441,1.14532381138175e-07,6.84791550363624e-06
26.5108360190854,1.42342342342342,1.17796572296188e-07,7.19070985675166e-06
27.0665207003324,1.43243243243243,1.21140760582985e-07,7.54985163431989e-06
27.6338529005317,1.44144144144144,1.24566487379083e-07,7.9260781152093e-06
28.2130767593947,1.45045045045045,1.28075311052841e-07,8.3201577093077e-06
28.804441533963,1.45945945945946,1.31668806760871e-07,8.73289116999432e-06
29.4082017058706,1.46846846846847,1.35348566233658e-07,9.1651128491347e-06
30.0246170908555,1.47747747747748,1.39116197546117e-07,9.61769199588504e-06
30.6539529505653,1.48648648648649,1.42973324872806e-07,1.00915341006179e-05
31.2964801067075,1.4954954954955,1.46921588227543e-07,1.05875822853156e-05
31.9524750575921,1.5045045045045,1.50962643187144e-07,1.11068187418047e-05
32.6222200971167,1.51351351351351,1.55098160599032e-07,1.16502662192395e-05
33.3060034362459,1.52252252252252,1.59329826272469e-07,1.221898956227e-05
34.0041193270371,1.53153153153153,1.63659340653148e-07,1.28140973013643e-05
34.7168681892656,1.54054054054054,1.68088418480915e-07,1.34367432967845e-05
35.4445567397044,1.54954954954955,1.72618788430374e-07,1.40881284377507e-05
36.1874981241128,1.55855855855856,1.77252192734162e-07,1.47695023983548e-05
36.946012051993,1.56756756756757,1.81990386788642e-07,1.54821654518234e-05
37.72042493417,1.57657657657658,1.86835138741836e-07,1.6227470344757e-05
38.5110700232557,1.58558558558559,1.91788229063353e-07,1.70068242330106e-05
39.3182875570577,1.59459459459459,1.96851450096144e-07,1.78216906809057e-05
40.1424249049932,1.6036036036036,2.02026605589869e-07,1.86735917255072e-05
40.9838367175726,1.61261261261261,2.07315510215712e-07,1.956411000772e-05
41.8428850790158,1.62162162162162,2.12719989062453e-07,2.04948909720031e-05
42.7199396630678,1.63063063063063,2.18241877113657e-07,2.14676451365252e-05
43.6153778920801,1.63963963963964,2.23883018705806e-07,2.24841504356223e-05
44.5295850994266,1.64864864864865,2.29645266967242e-07,2.35462546364481e-05
45.462954695324,1.65765765765766,2.35530483237784e-07,2.4655877831744e-05
46.4158883361278,1.66666666666667,2.41540536468917e-07,2.5815015010684e-05
47.3887960971765,1.67567567567568,2.47677302604413e-07,2.7025738709786e-05
48.3820966492596,1.68468468468468,2.53942663941312e-07,2.82902017459111e-05
49.3962174387832,1.69369369369369,2.60338508471177e-07,2.96106400334037e-05
50.4315948717136,1.7027027027027,2.66866729201546e-07,3.09893754874598e-05
51.4886745013749,1.71171171171171,2.73529223457524e-07,3.24288190158393e-05
52.5679112201842,1.72072072072072,2.80327892163466e-07,3.39314736010697e-05
53.6697694554048,1.72972972972973,2.87264639104745e-07,3.54999374753194e-05
54.7947233690029,1.73873873873874,2.94341370169558e-07,3.713690739015e-05
55.9432570616938,1.74774774774775,3.01559992570794e-07,3.88451819833818e-05
57.1158647812643,1.75675675675676,3.08922414047957e-07,4.06276652453427e-05
58.3130511352622,1.76576576576577,3.16430542049208e-07,4.24873700867901e-05
59.5353313081437,1.77477477477477,3.2408628289353e-07,4.44274220108313e-05
60.7832312829723,1.78378378378378,3.31891540913109e-07,4.64510628911871e-05
62.057288067765,1.79279279279279,3.39848217576e-07,4.85616548591758e-05
63.3580499265825,1.8018018018018,3.47958210589179e-07,5.07626843018114e-05
64.6860766154633,1.81081081081081,3.56223412982085e-07,5.30577659734443e-05
66.041939623303,1.81981981981982,3.64645712170786e-07,5.54506472233835e-05
67.4262224177834,1.82882882882883,3.73226989002925e-07,5.79452123419725e-05
68.839520696455,1.83783783783784,3.81969116783613e-07,6.05454870276013e-05
70.2824426430835,1.84684684684685,3.90873960282439e-07,6.3255642977166e-05
71.7556091893693,1.85585585585586,3.99943374721814e-07,6.60800026024944e-05
73.2596542821523,1.86486486486486,4.09179204746877e-07,6.9023043875285e-05
74.7952251562182,1.87387387387387,4.18583283377204e-07,7.20894053031086e-05
76.3629826128224,1.88288288288288,4.28157430940549e-07,7.5283891039047e-05
77.9636013040523,1.89189189189189,4.37903453988959e-07,7.86114761275463e-05
79.5977700231499,1.9009009009009,4.4782314419752e-07,8.20773118890764e-05
81.2661920009195,1.90990990990991,4.5791827724606e-07,8.56867314461955e-05
82.9695852083491,1.91891891891892,4.68190611684177e-07,8.9445255393627e-05
84.708682665574,1.92792792792793,4.78641887779915e-07,9.33585976149532e-05
86.4842327573172,1.93693693693694,4.89273826352524e-07,9.74326712485411e-05
88.2969995549409,1.94594594594595,5.00088127589641e-07,0.000101673594805311
90.1477631452492,1.95495495495495,5.11086469849384e-07,0.000106087698440957
92.0373199661822,1.96396396396396,5.22270508447754e-07,0.000110681530385217
93.9664831495469,1.97297297297297,5.33641874431857e-07,0.000115461863530802
95.9360828709314,1.98198198198198,5.45202173339373e-07,0.00012043570218456
97.946966706954,1.99099099099099,5.56952983944854e-07,0.00012561028898345
100,2,5.68895856993315e-07,0.000130993111977888
102.096066230605,2.00900900900901,5.81032313921732e-07,0.000136591911885009
104.23606739764,2.01801801801802,5.93363845568955e-07,0.000142414689514353
106.420924406472,2.02702702702703,6.05891910874675e-07,0.000148469713368476
108.651577465254,2.03603603603604,6.18617935568055e-07,0.000154765527420957
110.928986489522,2.04504504504505,6.31543310846648e-07,0.000161310959074222
113.254131515281,2.05405405405405,6.44669392046251e-07,0.000168115127299608
115.628013120738,2.06306306306306,6.57997497302398e-07,0.000175187450962002
118.051652856881,2.07207207207207,6.71528906204175e-07,0.000182537657331405
120.526093687084,2.08108108108108,6.85264858441076e-07,0.000190175790783671
123.052400435926,2.09009009009009,6.99206552443632e-07,0.000198112221692663
125.631660247412,2.0990990990991,7.13355144018589e-07,0.000206357655515991
128.264983052806,2.10810810810811,7.27711744979394e-07,0.000214923142076448
130.953502048267,2.11711711711712,7.42277421772808e-07,0.000223820085041195
133.698374182495,2.12612612612613,7.57053194102432e-07,0.000233060251600682
136.500780654601,2.13513513513514,7.72040033550015e-07,0.000242655782349217
139.361927422414,2.14414414414414,7.87238862195372e-07,0.000252619201369028
142.283045721435,2.15315315315315,8.02650551235807e-07,0.000262963426519568
145.265392594678,2.16216216216216,8.18275919605904e-07,0.000273701779933743
148.31025143361,2.17117117117117,8.34115732598612e-07,0.000284847998722647
151.418932530435,2.18018018018018,8.50170700488558e-07,0.000296416245890289
154.592773641948,2.18918918918919,8.66441477158487e-07,0.000308421121459692
157.833140565212,2.1981981981982,8.82928658729827e-07,0.000320877673811666
161.141427725302,2.20720720720721,8.99632782198346e-07,0.000333801411237414
164.519058775366,2.21621621621622,9.16554324075849e-07,0.000347208313706004
167.967487209265,2.22522522522523,9.33693699038966e-07,0.000361114844847686
171.488196987054,2.23423423423423,9.51051258586008e-07,0.000375537964153815
175.082703173572,2.24324324324324,9.68627289702937e-07,0.00039049513939406
178.752552590424,2.25225225225225,9.86422013539491e-07,0.000406004359251448
182.499324481615,2.26126126126126,1.00443558409648e-06,0.000422084146175591
186.324631193156,2.27027027027027,1.0226680869254e-06,0.000438753569454363
190.230118866895,2.27927927927928,1.04111953784128e-06,0.000456032258504068
194.217468148902,2.28828828828829,1.05978988165009e-06,0.000473940416378026
198.288394912707,2.2972972972973,1.0786789908915e-06,0.000492498833493313
202.44465099768,2.30630630630631,1.09778666459834e-06,0.000511728901575191
206.688024962908,2.31531531531532,1.11711262707374e-06,0.000531652627818637
211.02034285686,2.32432432432432,1.13665652668711e-06,0.000552292649266115
215.443469003188,2.33333333333333,1.15641793469002e-06,0.000573672247400605
219.959306803007,2.34234234234234,1.17639634405316e-06,0.000595815362952665
224.569799553977,2.35135135135135,1.19659116832551e-06,0.000618746610920057
229.276931286565,2.36036036036036,1.21700174051677e-06,0.000642491295798352
234.082727617829,2.36936936936937,1.23762731200431e-06,0.000667075427020577
238.989256623105,2.37837837837838,1.25846705146561e-06,0.000692525734603822
243.998629725955,2.38738738738739,1.27952004383745e-06,0.00071886968500047
249.113002606779,2.3963963963964,1.30078528930299e-06,0.000746135497151409
254.334576130465,2.40540540540541,1.32226170230769e-06,0.000774352158738435
259.665597293487,2.41441441441441,1.34394811060542e-06,0.000803549442632689
265.108360190854,2.42342342342342,1.36584325433576e-06,0.000833757923535754
270.665207003324,2.43243243243243,1.38794578513358e-06,0.000865008994809794
276.338529005317,2.44144144144144,1.41025426527214e-06,0.000897334885492728
282.130767593947,2.45045045045045,1.43276716684065e-06,0.000930768677494287
288.04441533963,2.45945945945946,1.45548287095746e-06,0.000965344322968355
294.082017058706,2.46846846846847,1.47839966702006e-06,0.00100109666185681
300.246170908555,2.47747747747748,1.50151575199276e-06,0.00103806143959972
306.539529505653,2.48648648648649,1.52482922973329e-06,0.0010762753250064
312.964801067075,2.4954954954955,1.54833811035925e-06,0.00111577592828155
319.524750575921,2.5045045045045,1.5720403096556e-06,0.00115660181920041
326.222200971167,2.51351351351351,1.59593364852394e-06,0.00119879254542637
333.060034362459,2.52252252252252,1.62001585247494e-06,0.00124238865096432
340.041193270371,2.53153153153153,1.64428455116458e-06,0.00128743169474254
347.168681892656,2.54054054054054,1.6687372779754e-06,0.00133396426931557
354.445567397044,2.54954954954955,1.69337146964357e-06,0.00138203001968026
361.874981241128,2.55855855855856,1.71818446593278e-06,0.00143167366219665
369.46012051993,2.56756756756757,1.74317350935587e-06,0.00148294100360511
377.2042493417,2.57657657657658,1.76833574494496e-06,0.00153587896013068
385.110700232557,2.58558558558559,1.79366822007116e-06,0.00159053557666516
393.182875570577,2.59459459459459,1.8191678843145e-06,0.00164696004601725
401.424249049932,2.6036036036036,1.84483158938494e-06,0.00170520272822029
409.838367175726,2.61261261261261,1.87065608909535e-06,0.00176531516988733
418.428850790158,2.62162162162162,1.89663803938706e-06,0.00182735012360213
427.199396630678,2.63063063063063,1.9227739984088e-06,0.00189136156733481
436.153778920801,2.63963963963964,1.94906042664969e-06,0.00195740472387035
445.295850994266,2.64864864864865,1.97549368712701e-06,0.00202553608023734
454.62954695324,2.65765765765766,2.00207004562926e-06,0.00209581340712464
464.158883361278,2.66666666666667,2.02878567101523e-06,0.00216829577827233
473.887960971765,2.67567567567568,2.05563663556954e-06,0.00224304358982374
483.820966492596,2.68468468468468,2.08261891541532e-06,0.0023201185796242
493.962174387832,2.69369369369369,2.10972839098432e-06,0.00239958384645217
504.315948717136,2.7027027027027,2.13696084754513e-06,0.0024815038691677
514.88674501375,2.71171171171171,2.16431197578977e-06,0.00256594452576287
525.679112201842,2.72072072072072,2.19177737247903e-06,0.00265297311229834
536.697694554048,2.72972972972973,2.21935254114709e-06,0.00274265836170964
547.947233690029,2.73873873873874,2.2470328928654e-06,0.0028350704624665
559.432570616938,2.74774774774775,2.27481374706641e-06,0.00293028107706791
571.158647812643,2.75675675675676,2.30269033242712e-06,0.00302836336035536
583.130511352622,2.76576576576577,2.33065778781275e-06,0.00312939197762587
595.353313081437,2.77477477477477,2.35871116328063e-06,0.00323344312252654
607.832312829723,2.78378378378378,2.38684542114437e-06,0.00334059453471116
620.57288067765,2.79279279279279,2.41505543709839e-06,0.00345092551723979
633.580499265825,2.8018018018018,2.44333600140278e-06,0.00356451695370101
646.860766154632,2.81081081081081,2.47168182012848e-06,0.00368145132503655
660.41939623303,2.81981981981982,2.50008751646261e-06,0.00380181272604746
674.262224177834,2.82882882882883,2.52854763207384e-06,0.00392568688156049
688.39520696455,2.83783783783784,2.55705662853773e-06,0.00405316116223287
702.824426430835,2.84684684684685,2.58560888882156e-06,0.0041843245999734
717.556091893692,2.85585585585586,2.61419871882854e-06,0.00431926790295712
732.596542821523,2.86486486486486,2.64282034900112e-06,0.00445808347021067
747.952251562182,2.87387387387387,2.67146793598278e-06,0.00460086540574472
763.629826128224,2.88288288288288,2.7001355643381e-06,0.00474770953220969
779.636013040524,2.89189189189189,2.72881724833053e-06,0.00489871340405051
795.977700231498,2.9009009009009,2.75750693375736e-06,0.0050539763201356
812.661920009195,2.90990990990991,2.78619849984128e-06,0.00521359933583535
829.695852083491,2.91891891891892,2.81488576117789e-06,0.00537768527452406
847.08682665574,2.92792792792793,2.84356246973862e-06,0.00554633873848033
864.842327573173,2.93693693693694,2.87222231692815e-06,0.00571966611915903
882.969995549408,2.94594594594595,2.90085893569564e-06,0.00589777560680875
901.477631452492,2.95495495495495,2.92946590269903e-06,0.0060807771994079
920.373199661822,2.96396396396396,2.95803674052136e-06,0.00626878271089192
939.664831495469,2.97297297297297,2.98656491993838e-06,0.00646190577864482
959.360828709315,2.98198198198198,3.01504386223637e-06,0.00666026187022653
979.46966706954,2.99099099099099,3.04346694157912e-06,0.00686396828930865
1000,3,3.0718274874232e-06,0.00707314418079002
1020.96066230605,3.00900900900901,3.10011878698019e-06,0.00728791053506363
1042.3606739764,3.01801801801802,3.12833408772483e-06,0.00750839019140618
1064.20924406472,3.02702702702703,3.15646659994792e-06,0.00773470784046123
1086.51577465254,3.03603603603604,3.18450949935262e-06,0.00796699002578687
1109.28986489522,3.04504504504505,3.212455929693e-06,0.00820536514443869
1132.54131515281,3.05405405405405,3.24029900545333e-06,0.00844996344655832
1156.28013120738,3.06306306306306,3.26803181456697e-06,0.00870091703393821
1180.51652856881,3.07207207207207,3.29564742117319e-06,0.00895835985753284
1205.26093687084,3.08108108108108,3.32313886841067e-06,0.00922242771388656
1230.52400435926,3.09009009009009,3.35049918124605e-06,0.0094932582404484
1256.31660247412,3.0990990990991,3.37772136933606e-06,0.00977099090974367
1282.64983052806,3.10810810810811,3.40479842992167e-06,0.0100557670223729
1309.53502048267,3.11711711711712,3.43172335075255e-06,0.0103477296988077
1336.98374182495,3.12612612612613,3.4584891130403e-06,0.0106470238699545
1365.00780654601,3.13513513513514,3.48508869443869e-06,0.0109537962664555
1393.61927422414,3.14414414414414,3.51151507204932e-06,0.011268195406698
1422.83045721435,3.15315315315315,3.53776122545069e-06,0.0115903715835021
1452.65392594678,3.16216216216216,3.56382013974924e-06,0.0119204768494577
1483.1025143361,3.17117117117117,3.58968480865025e-06,0.0122586650008814
1514.18932530435,3.18018018018018,3.61534823754695e-06,0.0126050915603644
1545.92773641948,3.18918918918919,3.64080344662586e-06,0.0129599137578828
1578.33140565212,3.1981981981982,3.66604347398657e-06,0.0133232905104422
1611.41427725302,3.20720720720721,3.69106137877392e-06,0.013695382400227
1645.19058775366,3.21621621621622,3.71585024432077e-06,0.0140763516512294
1679.67487209265,3.22522522522523,3.74040318129928e-06,0.0144663621043277
1714.88196987054,3.23423423423423,3.76471333087878e-06,0.0148655791907886
1750.82703173573,3.24324324324324,3.78877386788828e-06,0.0152741699041676
1787.52552590424,3.25225225225225,3.8125780039814e-06,0.0156923027705795
1824.99324481615,3.26126126126126,3.836118990802e-06,0.0161201478173149
1863.24631193156,3.27027027027027,3.85939012314817e-06,0.016557876539778
1902.30118866894,3.27927927927928,3.8823847421327e-06,0.0170056618667204
1942.17468148903,3.28828828828829,3.90509623833789e-06,0.0174636781237471
1982.88394912707,3.2972972972973,3.92751805496264e-06,0.0179321009950734
2024.4465099768,3.30630630630631,3.94964369095973e-06,0.0184111074835083
2066.88024962908,3.31531531531532,3.97146670416124e-06,0.0189008758686439
2110.20342856859,3.32432432432432,3.99298071438993e-06,0.0194015856632297
2154.43469003188,3.33333333333333,4.01417940655464e-06,0.0199134175677128
2199.59306803007,3.34234234234234,4.03505653372738e-06,0.0204365534229224
2245.69799553977,3.35135135135135,4.05560592020033e-06,0.0209711761608844
2292.76931286565,3.36036036036036,4.07582146452036e-06,0.0215174697537446
2340.82727617829,3.36936936936937,4.09569714249918e-06,0.0220756191607872
2389.89256623105,3.37837837837838,4.11522701019706e-06,0.0226458102735326
2439.98629725955,3.38738738738739,4.13440520687785e-06,0.0232282298588997
2491.13002606779,3.3963963963964,4.15322595793353e-06,0.0238230655004205
2543.34576130465,3.4054054054054,4.17168357777602e-06,0.0244305055374949
2596.65597293487,3.41441441441441,4.1897724726944e-06,0.0250507390026743
2651.08360190854,3.42342342342342,4.20748714367537e-06,0.0256839555569662
2706.65207003324,3.43243243243243,4.22482218918512e-06,0.0263303454231493
2763.38529005317,3.44144144144144,4.24177230791053e-06,0.0269900993170945
2821.30767593947,3.45045045045045,4.25833230145784e-06,0.0276634083770845
2880.4441533963,3.45945945945946,4.27449707700674e-06,0.028350464091129
2940.82017058706,3.46846846846847,4.29026164991817e-06,0.0290514582222718
3002.46170908555,3.47747747747748,4.30562114629382e-06,0.0297665827318895
3065.39529505653,3.48648648648649,4.3205708054855e-06,0.0304960297009813
3129.64801067075,3.4954954954955,4.33510598255268e-06,0.031239991249452
3195.24750575921,3.5045045045045,4.34922215066629e-06,0.0319986594533914
3262.22200971167,3.51351351351351,4.36291490345714e-06,0.0327722262603549
3330.60034362459,3.52252252252252,4.37617995730724e-06,0.0335608834026528
3400.41193270371,3.53153153153153,4.38901315358221e-06,0.0343648223086546
3471.68681892656,3.54054054054054,4.40141046080345e-06,0.0351842340121209
3544.45567397044,3.54954954954955,4.41336797675818e-06,0.0360193090595721
3618.74981241128,3.55855855855856,4.42488193054596e-06,0.0368702374157091
3694.6012051993,3.56756756756757,4.43594868456019e-06,0.037737208366901
3772.042493417,3.57657657657658,4.446564736403e-06,0.0386204104227558
3851.10700232557,3.58558558558559,4.4567267207324e-06,0.0395200312157949
3931.82875570577,3.5945945945946,4.46643141103994e-06,0.0404362573992512
4014.24249049932,3.6036036036036,4.47567572135795e-06,0.0413692745430132
4098.38367175726,3.61261261261261,4.48445670789476e-06,0.0423192670277412
4184.28850790158,3.62162162162162,4.49277157059696e-06,0.0432864179371813
4271.99396630678,3.63063063063063,4.50061765463738e-06,0.0442709089487068
4361.53778920801,3.63963963963964,4.50799245182771e-06,0.0452729202221158
4452.95850994266,3.64864864864865,4.51489360195476e-06,0.0462926302867206
4546.2954695324,3.65765765765766,4.5213188940393e-06,0.0473302159267619
4641.58883361278,3.66666666666667,4.52726626751657e-06,0.0483858520651846
4738.87960971765,3.67567567567568,4.5327338133376e-06,0.0494597116458146
4838.20966492596,3.68468468468468,4.53771977499044e-06,0.0505519655139786
4939.62174387832,3.69369369369369,4.54222254944065e-06,0.0516627822956078
5043.15948717136,3.7027027027027,4.54624068799025e-06,0.0527923282748733
5148.86745013749,3.71171171171171,4.54977289705447e-06,0.0539407672703984
5256.79112201842,3.72072072072072,4.55281803885587e-06,0.055108260510099
5366.97694554048,3.72972972972973,4.5553751320351e-06,0.0562949665047028
5479.47233690029,3.73873873873874,4.55744335217803e-06,0.0575010409200012
5594.32570616938,3.74774774774775,4.55902203225864e-06,0.0587266364478902
5711.58647812643,3.75675675675676,4.56011066299766e-06,0.0599719026762577
5831.30511352622,3.76576576576577,4.56070889313629e-06,0.0612369859577787
5953.53313081437,3.77477477477477,4.56081652962513e-06,0.0625220292776779
6078.32312829723,3.78378378378378,4.560433537728e-06,0.0638271721205282
6205.7288067765,3.79279279279279,4.55956004104062e-06,0.0651525503361477
6335.80499265825,3.8018018018018,4.55819632142411e-06,0.0664982960046656
6468.60766154633,3.81081081081081,4.55634281885348e-06,0.0678645373008285
6604.1939623303,3.81981981981982,4.55400013118098e-06,0.0692513983576168
6742.62224177834,3.82882882882883,4.55116901381478e-06,0.0706589991292499
6883.9520696455,3.83783783783784,4.54785037931292e-06,0.0720874552536534
7028.24426430835,3.84684684684685,4.5440452968932e-06,0.073536877914469
7175.56091893693,3.85585585585586,4.53975499185897e-06,0.0750073737026871
7325.96542821523,3.86486486486486,4.53498084494159e-06,0.0764990444779851
7479.52251562182,3.87387387387387,4.5297243915598e-06,0.0780119872298547
7636.29826128224,3.88288288288288,4.52398732099682e-06,0.0795462939386067
7796.36013040523,3.89189189189189,4.51777147549555e-06,0.0811020514363385
7959.77700231499,3.9009009009009,4.51107884927261e-06,0.0826793412679574
8126.61920009195,3.90990990990991,4.50391158745215e-06,0.0842782395523484
8296.95852083491,3.91891891891892,4.49627198491992e-06,0.0858988168437821
8470.8682665574,3.92792792792793,4.4881624850987e-06,0.0875411379936563
8648.42327573172,3.93693693693694,4.4795856786459e-06,0.0892052620126685
8829.69995549409,3.94594594594595,4.47054430207431e-06,0.0908912419335171
9014.77631452492,3.95495495495495,4.46104123629705e-06,0.0925991246742306
9203.73199661822,3.96396396396396,4.45107950509776e-06,0.0943289509022268
9396.64831495469,3.97297297297297,4.44066227352727e-06,0.0960807548992035
9593.60828709315,3.98198198198198,4.42979284622776e-06,0.0978545644269638
9794.6966706954,3.99099099099099,4.41847466568589e-06,0.0996504005942828
10000,4,4.40671131041591e-06,0.101468277724919
10209.6066230605,4.00900900900901,4.39450649307439e-06,0.103308203226882
10423.606739764,4.01801801801802,4.38186405850775e-06,0.105170177463056
10642.0924406472,4.02702702702703,4.36878798173406e-06,0.107054193623303
10865.1577465254,4.03603603603604,4.35528236586069e-06,0.108960237598134
11092.8986489522,4.04504504504505,4.3413514399392e-06,0.110888287854085
11325.4131515281,4.05405405405405,4.32699955675921e-06,0.112838315310886
11562.8013120738,4.06306306306306,4.31223119058269e-06,0.114810283220551
11805.1652856881,4.07207207207207,4.29705093482035e-06,0.116804147048489
12052.6093687084,4.08108108108108,4.281463499652e-06,0.11881985435676
12305.2400435926,4.09009009009009,4.26547370959232e-06,0.120857344689587
12563.1660247412,4.0990990990991,4.24908650100403e-06,0.12291654946123
12826.4983052806,4.10810810810811,4.23230691956014e-06,0.124997391846344
13095.3502048267,4.11711711711712,4.21514011765715e-06,0.127099786672932
13369.8374182495,4.12612612612613,4.19759135178102e-06,0.12922364031801
13650.0780654601,4.13513513513514,4.17966597982781e-06,0.13136885060609
13936.1927422414,4.14414414414414,4.1613694583809e-06,0.133535306710603
14228.3045721435,4.15315315315315,4.14270733994679e-06,0.13572288905837
14526.5392594678,4.16216216216216,4.12368527015122e-06,0.137931469237239
14831.025143361,4.17117117117117,4.10430898489794e-06,0.140160909906988
15141.8932530435,4.18018018018018,4.08458430749172e-06,0.14241106471363
15459.2773641948,4.18918918918919,4.06451714572804e-06,0.144681778207195
15783.3140565212,4.1981981981982,4.04411348895109e-06,0.14697288576314
16114.1427725302,4.20720720720721,4.02337940508238e-06,0.149284213507456
16451.9058775366,4.21621621621622,4.00232103762206e-06,0.151615578245618
16796.7487209265,4.22522522522523,3.98094460262466e-06,0.15396678739545
17148.8196987054,4.23423423423423,3.95925638565185e-06,0.156337638924035
17508.2703173573,4.24324324324324,3.9372627387038e-06,0.158727921288766
17875.2552590424,4.25225225225225,3.91497007713164e-06,0.161137413382633
18249.9324481615,4.26126126126126,3.89238487653275e-06,0.163565884483867
18632.4631193156,4.27027027027027,3.8695136696313e-06,0.166013094210012
19023.0118866895,4.27927927927928,3.84636304314592e-06,0.168478792476548
19421.7468148903,4.28828828828829,3.82293963464662e-06,0.170962719460148
19828.8394912707,4.2972972972973,3.79925012940315e-06,0.17346460556666
20244.465099768,4.30630630630631,3.77530125722672e-06,0.175984171403916
20668.8024962908,4.31531531531532,3.7510997893073e-06,0.178521127759441
21102.034285686,4.32432432432432,3.72665253504853e-06,0.181075175583168
21544.3469003189,4.33333333333333,3.70196633890213e-06,0.183646005975223
21995.9306803007,4.34234234234234,3.67704807720416e-06,0.186233300178871
22456.9799553977,4.35135135135135,3.6519046550148e-06,0.188836729578712
22927.6931286565,4.36036036036036,3.626543002964e-06,0.191455955704172
23408.2727617829,4.36936936936937,3.60097007410468e-06,0.194090630238397
23898.9256623105,4.37837837837838,3.57519284077569e-06,0.196740395032598
24399.8629725955,4.38738738738739,3.54921829147633e-06,0.199404882125912
24911.3002606779,4.3963963963964,3.52305342775448e-06,0.202083713770864
25433.4576130465,4.4054054054054,3.4967052611101e-06,0.204776502464455
25966.5597293487,4.41441441441441,3.47018080991612e-06,0.207482850984969
26510.8360190854,4.42342342342342,3.44348709635847e-06,0.210202352434523
27066.5207003324,4.43243243243243,3.41663114339715e-06,0.212934590287427
27633.8529005317,4.44144144144144,3.38961997175007e-06,0.215679138444389
28213.0767593947,4.45045045045045,3.36246059690144e-06,0.218435561292611
28804.441533963,4.45945945945946,3.33516002613652e-06,0.221203413771812
29408.2017058707,4.46846846846847,3.30772525560428e-06,0.223982241446216
30024.6170908555,4.47747747747748,3.28016326740976e-06,0.226771580582521
30653.9529505652,4.48648648648649,3.25248102673773e-06,0.2295709582339
31296.4801067075,4.4954954954955,3.22468547900918e-06,0.23237989233002
31952.4750575921,4.5045045045045,3.19678354707228e-06,0.235197891773129
32622.2200971167,4.51351351351351,3.16878212842925e-06,0.238024456540199
33306.0034362459,4.52252252252252,3.14068809250068e-06,0.240859077791154
34004.119327037,4.53153153153153,3.1125082779287e-06,0.243701237983162
34716.8681892656,4.54054054054054,3.08424948992036e-06,0.24655041099101
35444.5567397044,4.54954954954955,3.05591849763263e-06,0.249406062233555
36187.4981241128,4.55855855855856,3.02752203160035e-06,0.252267648806218
36946.012051993,4.56756756756757,2.99906678120825e-06,0.255134619619541
37720.4249341699,4.57657657657658,2.97055939220843e-06,0.258006415543758
38511.0700232557,4.58558558558559,2.94200646428435e-06,0.260882469559366
39318.2875570577,4.5945945945946,2.91341454866258e-06,0.263762206913671
40142.4249049933,4.6036036036036,2.88479014577319e-06,0.266645045283265
40983.8367175726,4.61261261261261,2.85613970296006e-06,0.269530394942407
41842.8850790158,4.62162162162162,2.82746961224191e-06,0.272417658937245
42719.9396630678,4.63063063063063,2.79878620812507e-06,0.275306233265853
43615.3778920801,4.63963963963964,2.77009576546889e-06,0.27819550706401
44529.5850994266,4.64864864864865,2.74140449740455e-06,0.281084862796671
45462.954695324,4.65765765765766,2.7127185533082e-06,0.283973676455069
46415.8883361277,4.66666666666667,2.68404401682901e-06,0.286861317759364
47388.7960971765,4.67567567567568,2.65538690397299e-06,0.289747150366791
48382.0966492596,4.68468468468468,2.62675316124314e-06,0.292630532085198
49396.2174387833,4.69369369369369,2.59814866383648e-06,0.295510815091915
50431.5948717136,4.7027027027027,2.56957921389864e-06,0.298387346157856
51488.6745013749,4.71171171171171,2.5410505388364e-06,0.301259466876756
52567.9112201842,4.72072072072072,2.5125682896887e-06,0.304126513899455
53669.7694554048,4.72972972972973,2.48413803955647e-06,0.306987819173115
54794.7233690029,4.73873873873874,2.45576528209167e-06,0.309842710185277
55943.2570616938,4.74774774774775,2.42745543004582e-06,0.31269051021263
57115.8647812642,4.75675675675676,2.39921381387833e-06,0.315530538574383
58313.0511352622,4.76576576576577,2.37104568042477e-06,0.318362110890124
59535.3313081437,4.77477477477477,2.3429561916253e-06,0.321184539342024
60783.2312829724,4.78378378378378,2.31495042331333e-06,0.323997132941273
62057.288067765,4.79279279279279,2.28703336406452e-06,0.326799197798601
63358.0499265824,4.8018018018018,2.25920991410613e-06,0.329590037398756
64686.0766154632,4.81081081081081,2.23148488428667e-06,0.332368952878778
66041.9396233031,4.81981981981982,2.20386299510585e-06,0.335135243309944
67426.2224177835,4.82882882882883,2.17634887580465e-06,0.33788820598321
68839.520696455,4.83783783783784,2.1489470635154e-06,0.340627136698019
70282.4426430834,4.84684684684685,2.12166200247161e-06,0.343351330054291
71755.6091893692,4.85585585585586,2.09449804327744e-06,0.346060079747445
73259.6542821523,4.86486486486486,2.06745944223638e-06,0.348752678866294
74795.2251562183,4.87387387387387,2.04055036073887e-06,0.35142842019362
76362.9826128224,4.88288288288288,2.01377486470862e-06,0.35408659650928
77963.6013040522,4.89189189189189,1.98713692410697e-06,0.356726500895651
79597.7700231498,4.9009009009009,1.9606404124951e-06,0.359347427045239
81266.1920009195,4.90990990990991,1.9342891066535e-06,0.361948669570267
82969.5852083491,4.91891891891892,1.90808668625817e-06,0.364529524314061
84708.682665574,4.92792792792793,1.88203673361307e-06,0.367089288664042
86484.2327573171,4.93693693693694,1.85614273343815e-06,0.369627261866127
88296.9995549408,4.94594594594595,1.83040807271239e-06,0.372142745340362
90147.7631452492,4.95495495495495,1.80483604057132e-06,0.374635042997572
92037.3199661823,4.96396396396396,1.779429828258e-06,0.37710346155684
93966.4831495469,4.97297297297297,1.75419252912717e-06,0.379547310863622
95936.0828709315,4.98198198198198,1.72912713870147e-06,0.381965904208277
97946.9667069539,4.99099099099099,1.70423655477922e-06,0.384358558644824
1e+05,5,1.6795235775928e-06,0.386724595309721
102096.066230605,5.00900900900901,1.65499091001683e-06,0.389063339740449
104236.06739764,5.01801801801802,1.63064115782539e-06,0.391374122193701
106420.924406472,5.02702702702703,1.60647682999729e-06,0.39365627796297
108651.577465254,5.03603603603604,1.58250033906856e-06,0.395909147695322
110928.986489522,5.04504504504505,1.55871400153124e-06,0.398132077707141
113254.131515281,5.05405405405405,1.53512003827747e-06,0.400324420298646
115628.013120738,5.06306306306306,1.511720575088e-06,0.402485534066961
118051.652856881,5.07207207207207,1.48851764316408e-06,0.404614784217529
120526.093687084,5.08108108108108,1.46551317970174e-06,0.40671154287366
123052.400435926,5.09009009009009,1.44270902850749e-06,0.408775189384004
125631.660247412,5.0990990990991,1.42010694065437e-06,0.410805110627738
128264.983052806,5.10810810810811,1.39770857517727e-06,0.412800701317252
130953.502048267,5.11711711711712,1.3755154998066e-06,0.41476136429814
133698.374182495,5.12612612612613,1.35352919173904e-06,0.416686510846274
136500.780654601,5.13513513513514,1.33175103844448e-06,0.418575560961754
139361.927422414,5.14414414414414,1.31018233850795e-06,0.42042794365955
142283.045721435,5.15315315315315,1.28882430250546e-06,0.422243097256604
145265.392594678,5.16216216216216,1.26767805391268e-06,0.424020469655209
148310.25143361,5.17117117117117,1.24674463004529e-06,0.425759518622461
151418.932530435,5.18018018018018,1.22602498302993e-06,0.427459712065585
154592.773641948,5.18918918918919,1.20551998080462e-06,0.429120528302936
157833.140565212,5.1981981981982,1.18523040814747e-06,0.430741456330492
161141.427725302,5.20720720720721,1.16515696773266e-06,0.43232199608364
164519.058775366,5.21621621621622,1.1453002812124e-06,0.433861658694068
167967.487209265,5.22522522522523,1.12566089032391e-06,0.435359966741581
171488.196987054,5.23423423423423,1.10623925802021e-06,0.436816454500665
175082.703173572,5.24324324324324,1.08703576962349e-06,0.438230668181604
178752.552590424,5.25225225225225,1.06805073400019e-06,0.439602166165999
182499.324481615,5.26126126126126,1.04928438475636e-06,0.44093051923649
186324.631193156,5.27027027027027,1.03073688145244e-06,0.442215310800547
190230.118866895,5.27927927927928,1.01240831083615e-06,0.443456137108131
194217.468148902,5.28828828828829,9.94298688092575e-07,0.444652607463096
198288.394912707,5.2972972972973,9.76407958110099e-07,0.445804344428157
202444.65099768,5.30630630630631,9.58735996761363e-07,0.44691098402329
206688.024962908,5.31531531531532,9.41282612197933e-07,0.447972175917396
211020.34285686,5.32432432432432,9.24047546157759e-07,0.448987583613114
215443.469003188,5.33333333333333,9.07030475284265e-07,0.449956884624625
219959.306803007,5.34234234234234,8.9023101245605e-07,0.450879770648327
224569.799553977,5.35135135135135,8.73648708126173e-07,0.451755947726253
229276.931286565,5.36036036036036,8.57283051669937e-07,0.452585136402105
234082.727617829,5.36936936936937,8.41133472740214e-07,0.453367071869794
238989.256623105,5.37837837837838,8.25199342629256e-07,0.454101504114377
243998.629725955,5.38738738738739,8.09479975636017e-07,0.454788198045278
249113.002606779,5.3963963963964,7.93974630438023e-07,0.455426933621702
254334.576130465,5.4054054054054,7.78682511466802e-07,0.45601750597014
259665.597293487,5.41441441441441,7.63602770285936e-07,0.456559725493888
265108.360190854,5.42342342342342,7.4873450697082e-07,0.457053417974489
270665.207003324,5.43243243243243,7.34076771489176e-07,0.457498424665022
276338.529005317,5.44144144144144,7.19628565081475e-07,0.457894602375175
282130.767593947,5.45045045045045,7.0538884164034e-07,0.458241823548033
288044.41533963,5.45945945945946,6.9135650908809e-07,0.458539976328526
294082.017058706,5.46846846846847,6.77530430751593e-07,0.458788964623477
300246.170908555,5.47747747747748,6.6390942673357e-07,0.458988708153226
306539.529505653,5.48648648648649,6.50492275279584e-07,0.459139142494761
312964.801067075,5.4954954954955,6.37277714139888e-07,0.459240219116348
319524.750575921,5.5045045045045,6.24264441925391e-07,0.459291905403631
326222.200971167,5.51351351351351,6.11451119456996e-07,0.459294184677163
333060.034362459,5.52252252252252,5.98836371107555e-07,0.459247056201381
340041.193270371,5.53153153153153,5.86418786135775e-07,0.459150535185002
347168.681892656,5.54054054054054,5.74196920011348e-07,0.45900465277284
354445.567397044,5.54954954954955,5.6216929573067e-07,0.458809456029061
361874.981241128,5.55855855855856,5.50334405122489e-07,0.458565007911874
369460.12051993,5.56756756756757,5.38690710142857e-07,0.458271387239692
377204.2493417,5.57657657657658,5.27236644158796e-07,0.457928688648776
385110.700232557,5.58558558558559,5.15970613220081e-07,0.457537022542398
393182.875570577,5.5945945945946,5.04890997318581e-07,0.457096515031566
401424.249049932,5.6036036036036,4.93996151634637e-07,0.456607307867352
409838.367175726,5.61261261261261,4.83284407769928e-07,0.456069558364868
418428.850790158,5.62162162162162,4.72754074966357e-07,0.455483439318956
427199.396630678,5.63063063063063,4.62403441310461e-07,0.454849138911656
436153.778920801,5.63963963963964,4.52230774922891e-07,0.454166860611508
445295.850994265,5.64864864864865,4.42234325132554e-07,0.45343682306478
454629.54695324,5.65765765765766,4.32412323634954e-07,0.452659259978696
464158.883361278,5.66666666666667,4.22762985634396e-07,0.451834419996743
473887.960971765,5.67567567567568,4.13284510969639e-07,0.45096256656617
483820.966492596,5.68468468468468,4.03975085222661e-07,0.45004397779776
493962.174387832,5.69369369369369,3.94832880810218e-07,0.449078946317983
504315.948717136,5.7027027027027,3.8585605805786e-07,0.448067779113651
514886.74501375,5.71171171171171,3.77042766256144e-07,0.447010797369176
525679.112201842,5.72072072072072,3.68391144698743e-07,0.445908336296559
536697.694554048,5.72972972972973,3.59899323702219e-07,0.444760744958237
547947.233690028,5.73873873873874,3.51565425607233e-07,0.443568386082914
559432.570616938,5.74774774774775,3.43387565760952e-07,0.44233163587452
571158.647812643,5.75675675675676,3.35363853480498e-07,0.441050883814428
583130.511352622,5.76576576576577,3.27492392997223e-07,0.439726532457088
595353.313081437,5.77477477477477,3.1977128438169e-07,0.438358997219209
607832.312829722,5.78378378378378,3.12198624449194e-07,0.436948706162666
620572.88067765,5.79279279279279,3.04772507645717e-07,0.435496099771277
633580.499265825,5.8018018018018,2.97491026914211e-07,0.434001630721612
646860.766154632,5.81081081081081,2.90352274541115e-07,0.432465763648008
660419.39623303,5.81981981981982,2.83354342983042e-07,0.430888974901955
674262.224177834,5.82882882882883,2.76495325673591e-07,0.429271752306033
688395.20696455,5.83783783783784,2.69773317810223e-07,0.427614594902573
702824.426430835,5.84684684684685,2.63186417121212e-07,0.425918012697221
717556.091893692,5.85585585585586,2.56732724612627e-07,0.424182526397596
732596.542821523,5.86486486486486,2.50410345295394e-07,0.42240866714723
747952.251562183,5.87387387387387,2.44217388892423e-07,0.420596976254967
763629.826128224,5.88288288288288,2.38151970525873e-07,0.418748004920033
779636.013040524,5.89189189189189,2.32212211384569e-07,0.416862313952953
795977.700231498,5.9009009009009,2.26396239371679e-07,0.414940473492531
812661.920009195,5.90990990990991,2.20702189732686e-07,0.412983062719074
829695.852083492,5.91891891891892,2.15128205663779e-07,0.410990669564078
847086.82665574,5.92792792792793,2.09672438900746e-07,0.40896389041657
864842.327573173,5.93693693693694,2.04333050288493e-07,0.406903329826313
882969.995549408,5.94594594594595,1.99108210331315e-07,0.404809600204076
901477.631452492,5.95495495495495,1.93996099724049e-07,0.40268332151919
920373.199661823,5.96396396396396,1.88994909864272e-07,0.40052512099458
939664.831495469,5.97297297297297,1.84102843345686e-07,0.398335632799495
959360.828709315,5.98198198198198,1.79318114432865e-07,0.396115497740146
979469.667069539,5.99099099099099,1.74638949517554e-07,0.393865362948449
1e+06,6,1.70063587556681e-07,0.391585881569102
1020960.66230605,6.00900900900901,1.65590280492307e-07,0.389277712445198
1042360.6739764,6.01801801801802,1.61217293653694e-07,0.386941519802575
1064209.24406472,6.02702702702703,1.56942906141718e-07,0.384577972933134
1086515.77465254,6.03603603603604,1.52765411195841e-07,0.382187745877319
1109289.86489522,6.04504504504505,1.4868311654387e-07,0.379771517105973
1132541.31515281,6.05405405405405,1.44694344734739e-07,0.377329969201778
1156280.13120738,6.06306306306306,1.40797433454545e-07,0.374863788540491
1180516.52856881,6.07207207207207,1.36990735826094e-07,0.372373664972176
1205260.93687084,6.08108108108108,1.33272620692209e-07,0.36986029150264
1230524.00435926,6.09009009009009,1.29641472883049e-07,0.367324363975272
1256316.60247412,6.0990990990991,1.26095693467704e-07,0.364766580753505
1282649.83052806,6.10810810810811,1.22633699990338e-07,0.36218764240407
1309535.02048267,6.11711711711712,1.19253926691143e-07,0.359588251381268
1336983.74182495,6.12612612612613,1.15954824712385e-07,0.356969111712444
1365007.80654601,6.13513513513514,1.12734862289816e-07,0.35433092868486
1393619.27422414,6.14414414414414,1.09592524929736e-07,0.351674408534148
1422830.45721435,6.15315315315315,1.06526315571985e-07,0.349000258134555
1452653.92594678,6.16216216216216,1.03534754739158e-07,0.346309184691136
1483102.5143361,6.17117117117117,1.00616380672331e-07,0.34360189543411
1514189.32530435,6.18018018018018,9.77697494535809e-08,0.340879097315523
1545927.73641948,6.18918918918919,9.49934351156071e-08,0.338141496708438
1578331.40565212,6.1981981981982,9.22860297387309e-08,0.335389799108782
1611414.27725302,6.20720720720721,8.96461435355828e-08,0.332624708840055
1645190.58775366,6.21621621621622,8.7072404923768e-08,0.329846928761049
1679674.87209265,6.22522522522523,8.4563460586802e-08,0.327057159976743
1714881.96987054,6.23423423423423,8.21179755236226e-08,0.324256101552545
1750827.03173572,6.24324324324324,7.97346330869655e-08,0.321444450232016
1787525.52590424,6.25225225225225,7.7412135010905e-08,0.318622900158248
1824993.24481615,6.26126126126126,7.51492014278564e-08,0.315792142599036
1863246.31193156,6.27027027027027,7.29445708753296e-08,0.312952865675981
1902301.18866895,6.27927927927928,7.07970002927361e-08,0.310105754097676
1942174.68148902,6.28828828828829,6.87052650085345e-08,0.307251488897102
1982883.94912707,6.2972972972973,6.66681587180106e-08,0.304390747173363
2024446.5099768,6.30630630630631,6.46844934519817e-08,0.301524201837898
2066880.24962908,6.31531531531532,6.275309953671e-08,0.298652521365279
2110203.4285686,6.32432432432432,6.08728255453164e-08,0.295776369548717
2154434.69003188,6.33333333333333,5.90425382409733e-08,0.292896405260392
2199593.06803007,6.34234234234234,5.72611225121601e-08,0.290013282216711
2245697.99553977,6.35135135135135,5.5527481300263e-08,0.287127648748601
2292769.31286565,6.36036036036036,5.38405355197891e-08,0.284240147576927
2340827.27617829,6.36936936936937,5.21992239714753e-08,0.28135141559314
2389892.56623105,6.37837837837838,5.06025032485573e-08,0.27846208364524
2439986.29725955,6.38738738738739,4.90493476364676e-08,0.275572776329132
2491130.02606779,6.3963963963964,4.7538749006228e-08,0.27268411178546
2543345.76130465,6.4054054054054,4.6069716701795e-08,0.269796701501997
2596655.97293487,6.41441441441441,4.46412774216162e-08,0.266911150121648
2651083.60190854,6.42342342342342,4.32524750946521e-08,0.264028055256142
2706652.07003324,6.43243243243243,4.1902370751111e-08,0.261148007305468
2763385.29005317,6.44144144144144,4.0590042388146e-08,0.258271589283109
2821307.67593947,6.45045045045045,3.93145848307527e-08,0.255399376647124
2880444.1533963,6.45945945945946,3.80751095881084e-08,0.25253193713712
2940820.17058706,6.46846846846847,3.68707447055864e-08,0.249669830617165
3002461.70908555,6.47747747747748,3.57006346126733e-08,0.246813608924657
3065395.29505653,6.48648648648649,3.45639399670189e-08,0.2439638157252
3129648.01067075,6.4954954954955,3.34598374948355e-08,0.241120986373496
3195247.50575921,6.5045045045045,3.2387519827867e-08,0.238285647780284
3262222.00971167,6.51351351351351,3.13461953371402e-08,0.235458318285334
3330600.34362459,6.52252252252252,3.03350879637052e-08,0.232639507536516
3400411.93270371,6.53153153153153,2.93534370465701e-08,0.229829716374936
3471686.81892656,6.54054054054054,2.84004971480292e-08,0.227029436726159
3544455.67397044,6.54954954954955,2.74755378765791e-08,0.224239151497497
3618749.81241128,6.55855855855856,2.65778437076148e-08,0.221459334481374
3694601.2051993,6.56756756756757,2.57067138020886e-08,0.21869045026473
3772042.493417,6.57657657657658,2.48614618233177e-08,0.215932954144487
3851107.00232557,6.58558558558559,2.40414157521127e-08,0.213187292049009
3931828.75570577,6.5945945945946,2.32459177004025e-08,0.210453900465568
4014242.49049932,6.6036036036036,2.24743237235224e-08,0.207733206373776
4098383.67175726,6.61261261261261,2.17260036313276e-08,0.205025627184938
4184288.50790158,6.62162162162162,2.10003407982931e-08,0.202331570687306
4271993.96630678,6.63063063063063,2.02967319727523e-08,0.199651434997186
4361537.78920801,6.63963963963964,1.96145870854237e-08,0.196985608515848
4452958.50994265,6.64864864864865,1.89533290573735e-08,0.194334469892197
4546295.4695324,6.65765765765766,1.83123936075518e-08,0.191698387991154
4641588.83361278,6.66666666666667,1.76912290600411e-08,0.189077721867684
4738879.60971765,6.67567567567568,1.7089296151148e-08,0.186472820746413
4838209.66492596,6.68468468468468,1.65060678364655e-08,0.183884024006782
4939621.74387832,6.69369369369369,1.5941029098031e-08,0.181311661173656
5043159.48717136,6.7027027027027,1.53936767516969e-08,0.178756051913327
5148867.4501375,6.71171171171171,1.48635192548299e-08,0.176217506034843
5256791.12201842,6.72072072072072,1.435007651445e-08,0.173696323496578
5366976.94554048,6.72972972972973,1.3852879695915e-08,0.171192794417968
5479472.33690028,6.73873873873874,1.33714710322533e-08,0.168707199096343
5594325.70616938,6.74774774774775,1.29054036342438e-08,0.166239808028749
5711586.47812643,6.75675675675676,1.24542413013376e-08,0.163790881938698
5831305.11352622,6.76576576576577,1.20175583335111e-08,0.161360671807739
5953533.13081437,6.77477477477477,1.15949393441385e-08,0.158949418911773
6078323.12829722,6.78378378378378,1.11859790739664e-08,0.156557354862007
6205728.8067765,6.79279279279279,1.07902822062693e-08,0.154184701650459
6335804.99265825,6.8018018018018,1.04074631832624e-08,0.151831671699919
6468607.66154632,6.81081081081081,1.00371460238431e-08,0.14949846791826
6604193.9623303,6.81981981981982,9.67896414272988e-09,0.147185283756997
6742622.24177834,6.82882882882883,9.33256017106449e-09,0.144892303274008
6883952.0696455,6.83783783783784,8.99758577853747e-09,0.142619701200288
7028244.26430835,6.84684684684685,8.67370149709688e-09,0.140367643010657
7175560.91893692,6.85585585585586,8.3605765462945e-09,0.138136284998288
7325965.42821523,6.86486486486486,8.05788866032149e-09,0.135925774352973
7479522.51562181,6.87387387387387,7.76532391678284e-09,0.133736249243002
7636298.26128224,6.88288288288288,7.4825765672554e-09,0.131567838900547
7796360.13040524,6.89189189189189,7.20934886967343e-09,0.129420663710448
7959777.00231498,6.9009009009009,6.94535092258044e-09,0.127294835302279
8126619.20009195,6.90990990990991,6.69030050128505e-09,0.125190456645589
8296958.52083492,6.91891891891892,6.44392289595504e-09,0.123107622148208
8470868.2665574,6.92792792792793,6.20595075168104e-09,0.121046417757488
8648423.27573173,6.93693693693694,5.97612391053879e-09,0.11900692106439
8829699.95549408,6.94594594594595,5.75418925567688e-09,0.116989201410284
9014776.31452492,6.95495495495495,5.5399005574532e-09,0.114993319996356
9203731.99661823,6.96396396396396,5.33301832164245e-09,0.113019329995508
9396648.31495469,6.97297297297297,5.13330963973336e-09,0.111067276666634
9593608.28709315,6.98198198198198,4.94054804133282e-09,0.109137197471164
9794696.67069538,6.99099099099099,4.75451334869183e-09,0.107229122191755
1e+07,7,4.57499153336574e-09,0.105343073053019
10209606.6230605,7.00900900900901,4.40177457501953e-09,0.103479064844185
10423606.739764,7.01801801801802,4.23466032238666e-09,0.101637105043563
10642092.4406472,7.02702702702703,4.07345235638826e-09,0.0998171939447143
10865157.7465254,7.03603603603604,3.91795985541767e-09,0.0980193247842139
11092898.6489522,7.04504504504505,3.76799746279312e-09,0.0962434838708923
11325413.1515281,7.05405405405405,3.62338515638013e-09,0.0944896507164483
11562801.3120738,7.06306306306306,3.48394812038333e-09,0.092757798167326
11805165.2856881,7.07207207207207,3.34951661930575e-09,0.0910478925377462
12052609.3687084,7.08108108108108,3.21992587407222e-09,0.089359893743791
12305240.0435926,7.09009009009009,3.09501594031187e-09,0.0876937554384291
12563166.0247412,7.0990990990991,2.97463158879385e-09,0.0860494251473863
12826498.3052806,7.10810810810811,2.85862218800804e-09,0.0844268444057523
13095350.2048267,7.11711711711712,2.74684158888236e-09,0.0828259488952248
13369837.4182495,7.12612612612613,2.63914801162624e-09,0.0812466685818946
13650078.0654601,7.13513513513514,2.53540393468908e-09,0.0796889278544656
13936192.7422414,7.14414414414414,2.43547598582115e-09,0.0781526456628227
14228304.5721435,7.15315315315315,2.33923483522347e-09,0.0766377356568439
14526539.2594678,7.16216216216216,2.24655509077215e-09,0.0751441063253685
14831025.143361,7.17117117117117,2.1573151953018e-09,0.073671661135228
15141893.2530435,7.18018018018018,2.07139732593143e-09,0.072220298670248
15459277.3641948,7.18918918918919,1.98868729541579e-09,0.0707899127701368
15783314.0565212,7.1981981981982,1.90907445550396e-09,0.0693803926691694
16114142.7725302,7.20720720720721,1.83245160228648e-09,0.0679916231345856
16451905.8775366,7.21621621621622,1.7587148835114e-09,0.0666234846046189
16796748.7209265,7.22522522522523,1.68776370784905e-09,0.0652758533260736
17148819.6987054,7.23423423423423,1.61950065608483e-09,0.063948601491374
17508270.3173572,7.24324324324324,1.55383139421833e-09,0.0626415973750065
17875255.2590424,7.25225225225225,1.49066458844712e-09,0.0613547054692802
18249932.4481615,7.26126126126126,1.42991182201258e-09,0.0600877866193347
18632463.1193156,7.27027027027027,1.37148751388475e-09,0.0588406981573212
19023011.8866895,7.27927927927928,1.31530883926315e-09,0.0576132940356919
19421746.8148902,7.28828828828829,1.26129565186948e-09,0.056405424959528
19828839.4912707,7.2972972972973,1.20937040800834e-09,0.055216938517842
20244465.099768,7.30630630630631,1.15945809237146e-09,0.0540476793137949
20668802.4962908,7.31531531531532,1.11148614556075e-09,0.052897489093763
21102034.285686,7.32432432432432,1.06538439330525e-09,0.051766206875201
21544346.9003188,7.33333333333333,1.02108497734674e-09,0.0506536690732417
21995930.6803007,7.34234234234234,9.78522287968767e-10,0.0495597096259792
22456979.9553977,7.35135135135135,9.3763289814345e-10,0.0484841601183863
22927693.1286565,7.36036036036036,8.98355499270428e-10,0.0474268499048113
23408272.7617829,7.36936936936937,8.60630838482288e-10,0.0463876062300125
23898925.6623105,7.37837837837838,8.24401657490503e-10,0.0453662543486799
24399862.9725955,7.38738738738739,7.89612632946056e-10,0.0443626176434036
24911300.2606779,7.3963963963964,7.56210318288815e-10,0.0433765177410475
25433457.6130465,7.4054054054054,7.24143087059733e-10,0.042407774627487
25966559.7293487,7.41441441441441,6.93361077649927e-10,0.0414562067606773
26510836.0190854,7.42342342342342,6.63816139460783e-10,0.0405216311820132
27066520.7003324,7.43243243243243,6.35461780449232e-10,0.0396038636259504
27633852.9005317,7.44144144144144,6.08253116032508e-10,0.0387027186278567
28213076.7593947,7.45045045045045,5.82146819326652e-10,0.0378180096300628
28804441.533963,7.45945945945946,5.57101072693271e-10,0.0369495490860879
29408201.7058706,7.46846846846847,5.33075520569126e-10,0.0360971485630139
30024617.0908555,7.47747747747748,5.10031223553278e-10,0.0352606188419844
30653952.9505653,7.48648648648649,4.87930613726674e-10,0.0344397700168106
31296480.1067075,7.4954954954955,4.66737451179244e-10,0.0336344115906603
31952475.0575921,7.5045045045045,4.46416781719745e-10,0.032844352570817
32622220.0971167,7.51351351351351,4.26934895743836e-10,0.0320694015614908
33306003.4362459,7.52252252252252,4.08259288235993e-10,0.0313093668546688
34004119.3270371,7.53153153153153,3.90358619881196e-10,0.0305640565189927
34716868.1892656,7.54054054054054,3.73202679262488e-10,0.0298332784866533
35444556.7397044,7.54954954954955,3.56762346120762e-10,0.0291168406382938
36187498.1241128,7.55855855855856,3.41009555653405e-10,0.0284145508859151
36946012.051993,7.56756756756757,3.25917263828665e-10,0.0277262172537777
37720424.93417,7.57657657657658,3.114594136929e-10,0.0270516479572973
38511070.0232557,7.58558558558559,2.97610902648122e-10,0.0263906514799316
39318287.5570577,7.5945945945946,2.84347550677544e-10,0.0257430366480577
40142424.9049932,7.6036036036036,2.7164606949713e-10,0.0251086127038435
40983836.7175726,7.61261261261261,2.5948403261145e-10,0.024487189376111
41842885.0790158,7.62162162162162,2.47839846252407e-10,0.0238785769492016
42719939.6630678,7.63063063063063,2.3669272117977e-10,0.0232825863298434
43615377.8920801,7.63963963963964,2.26022645322675e-10,0.0226990291120303
44529585.0994265,7.64864864864865,2.15810357241677e-10,0.0221277176399209
45462954.695324,7.65765765765766,2.0603732039112e-10,0.0215684650687645
46415888.3361278,7.66666666666667,1.96685698162037e-10,0.0210210854238673
47388796.0971765,7.67567567567568,1.87738329686023e-10,0.020485393657609
48382096.6492596,7.68468468468468,1.79178706380902e-10,0.0199612057045231
49396217.4387832,7.69369369369369,1.70990949219297e-10,0.0194483385344553
50431594.8717136,7.7027027027027,1.63159786701565e-10,0.0189466102038146
51488674.501375,7.71171171171171,1.55670533514867e-10,0.0184558399049332
52567911.2201842,7.72072072072072,1.4850906986048e-10,0.0179758480135536
53669769.4554048,7.72972972972973,1.41661821431785e-10,0.0175064561344584
54794723.3690028,7.73873873873874,1.3511574002568e-10,0.017047487145265
55943257.0616938,7.74774774774775,1.28858284770514e-10,0.0165987652384026
57115864.7812643,7.75675675675676,1.22877403953943e-10,0.016160115961293
58313051.1352622,7.76576576576577,1.1716151743445e-10,0.015731366254757
59535331.3081437,7.77477477477477,1.11699499620574e-10,0.0153123444896686
60783231.2829722,7.78378378378378,1.06480663002247e-10,0.0149028805018794
62057288.067765,7.79279279279279,1.01494742218917e-10,0.0145028056254373
63358049.9265825,7.8018018018018,9.67318786494912e-11,0.0141119527241239
64686076.6154632,7.81081081081081,9.21826055094201e-11,0.0137301562213349
66041939.623303,7.81981981981982,8.78378334405742e-11,0.0133572521283299
67426222.4177833,7.82882882882883,8.36888365798687e-11,0.0129930780708763
68839520.696455,7.83783783783784,7.97272390928959e-11,0.012637473314315
70282442.6430835,7.84684684684685,7.59450021591436e-11,0.012290278787074
71755609.1893692,7.85585585585586,7.23344113956582e-11,0.0119513371026579
73259654.2821523,7.86486486486486,6.88880647063302e-11,0.0116204925801395
74795225.1562181,7.87387387387387,6.55988605442633e-11,0.0112975912631847
76362982.6128224,7.88288288288288,6.2459986574984e-11,0.0109824809376352
77963601.3040524,7.89189189189189,5.94649087285345e-11,0.0106750111476805
79597770.0231498,7.9009009009009,5.66073606287787e-11,0.0103750332106471
81266192.0009195,7.90990990990991,5.38813333885289e-11,0.0100824002304344
82969585.2083492,7.91891891891892,5.12810657593833e-11,0.00979696710962569
84708682.665574,7.92792792792793,4.88010346254275e-11,0.00951859056030543
86484232.7573173,7.93693693693694,4.6435945830232e-11,0.00924712911361048
88296999.5549408,7.94594594594595,4.4180725326836e-11,0.00898244312804699
90147763.1452492,7.95495495495495,4.20305106406726e-11,0.00872439479660093
92037319.9661823,7.96396396396396,3.99806426356434e-11,0.00847284815267358
93966483.1495469,7.97297297297297,3.80266575738046e-11,0.00822766907487095
95936082.8709315,7.98198198198198,3.61642794593746e-11,0.00798872529067724
97946966.7069539,7.99099099099099,3.43894126580199e-11,0.00775588637904255
1e+08,8,3.26981347826057e-11,0.00752902377191379
102096066.230605,8.00900900900901,3.10866898368474e-11,0.00730801075473959
104236067.39764,8.01801801801802,2.95514816085155e-11,0.00709272246597769
106420924.406473,8.02702702702703,2.80890673040852e-11,0.00688303589563516
108651577.465254,8.03603603603604,2.66961514169336e-11,0.00667882988287025
110928986.489522,8.04504504504505,2.53695798214132e-11,0.00647998511268517
113254131.515281,8.05405405405405,2.41063340853415e-11,0.0062863841117391
115628013.120737,8.06306306306306,2.29035259936523e-11,0.00609791124330964
118051652.85688,8.07207207207207,2.17583922761633e-11,0.00591445270143143
120526093.687084,8.08108108108108,2.06682895326167e-11,0.0057358965042408
123052400.435926,8.09009009009009,1.96306893483387e-11,0.00556213248655359
125631660.247412,8.0990990990991,1.86431735940637e-11,0.00539305229170446
128264983.052806,8.10810810810811,1.77034299036533e-11,0.00522854936267527
130953502.048267,8.11711711711712,1.68092473236235e-11,0.00506851893253924
133698374.182495,8.12612612612613,1.59585121285757e-11,0.00491285801424828
136500780.654601,8.13513513513514,1.51492037968002e-11,0.00476146538978945
139361927.422414,8.14414414414414,1.43793911404947e-11,0.0046142415987375
142283045.721435,8.15315315315315,1.36472285852063e-11,0.0044710889262285
145265392.594678,8.16216216216216,1.29509525932676e-11,0.00433191139038043
148310251.43361,8.17117117117117,1.22888782261645e-11,0.00419661472918618
151418932.530435,8.18018018018018,1.16593958409177e-11,0.00406510638690279
154592773.641948,8.18918918918919,1.10609679157219e-11,0.00393729549996209
157833140.565212,8.1981981981982,1.04921260002301e-11,0.00381309288242613
161141427.725302,8.20720720720721,9.95146778601583e-12,0.00369241101101113
164519058.775366,8.21621621621622,9.43765429288726e-12,0.00357516400970297
167967487.209265,8.22522522522523,8.94940716686427e-12,0.00346126763398677
171488196.987054,8.23423423423423,8.48550608576391e-12,0.0033506392547131
175082703.173572,8.24324324324324,8.0447862684683e-12,0.00324319784162221
178752552.590423,8.25225225225225,7.62613608407742e-12,0.0031388639465478
182499324.481615,8.26126126126126,7.22849475727285e-12,0.00303755968632148
186324631.193156,8.27027027027027,6.85085016633645e-12,0.00293920872539793
190230118.866895,8.27927927927928,6.49223673038753e-12,0.00284373625822112
194217468.148903,8.28828828828829,6.15173338251353e-12,0.00275106899135094
198288394.912708,8.2972972972973,5.82846162558174e-12,0.00266113512536954
202444650.99768,8.30630630630631,5.52158366762477e-12,0.00257386433658579
206688024.962908,8.31531531531532,5.23030063379871e-12,0.00248918775855624
211020342.85686,8.32432432432432,4.95385085201399e-12,0.00240703796344023
215443469.003188,8.33333333333333,4.69150820943654e-12,0.00232734894320648
219959306.803007,8.34234234234234,4.44258057715348e-12,0.00225005609070775
224569799.553977,8.35135135135135,4.20640830039088e-12,0.0021750961806404
229276931.286565,8.36036036036036,3.98236275175968e-12,0.00210240735040419
234082727.617829,8.36936936936937,3.76984494509517e-12,0.00203192908087823
238989256.623105,8.37837837837838,3.56828420753938e-12,0.00196360217712777
243998629.725956,8.38738738738739,3.37713690759838e-12,0.00189736874905659
249113002.606779,8.3963963963964,3.1958852369863e-12,0.00183317219201898
254334576.130465,8.4054054054054,3.02403604414542e-12,0.00177095716740493
259665597.293487,8.41441441441441,2.86111971740707e-12,0.00171066958321194
265108360.190853,8.42342342342342,2.70668911582994e-12,0.00165225657461601
270665207.003324,8.43243243243243,2.56031854582391e-12,0.00159566648455425
276338529.005317,8.44144144144144,2.4216027817357e-12,0.00154084884433115
282130767.593947,8.45045045045045,2.29015612863773e-12,0.00148775435425974
288044415.33963,8.45945945945946,2.16561152562713e-12,0.001436334864349
294082017.058707,8.46846846846847,2.04761968800273e-12,0.00138654335504798
300246170.908556,8.47747747747748,1.93584828674852e-12,0.00133833391805704
306539529.505654,8.48648648648649,1.82998116380966e-12,0.00129166173721587
312964801.067075,8.4954954954955,1.72971758170375e-12,0.00124648306947803
319524750.575921,8.5045045045045,1.63477150606398e-12,0.00120275522598069
326222200.971166,8.51351351351351,1.54487091976386e-12,0.00116043655321871
333060034.362458,8.52252252252252,1.45975716732328e-12,0.00111948641433083
340041193.27037,8.53153153153153,1.37918432834565e-12,0.00107986517050641
347168681.892656,8.54054054054054,1.30291861878247e-12,0.00104153416251988
354445567.397044,8.54954954954955,1.23073781886828e-12,0.00100445569240032
361874981.241128,8.55855855855856,1.16243072661265e-12,0.000968593005242863
369460120.519931,8.56756756756757,1.09779663577903e-12,0.000933910271168602
377204249.341701,8.57657657657658,1.03664483732145e-12,0.000900372567438919
385110700.232557,8.58558558558559,9.7879414328995e-13,0.000867945860730252
393182875.570577,8.5945945945946,9.24072432254059e-13,0.000836596989574658
401424249.049931,8.6036036036036,8.72316215331097e-13,0.00080629364697148
409838367.175725,8.61261261261261,8.23370221941361e-13,0.000777004363174788
418428850.790158,8.62162162162162,7.77087004447512e-13,0.000748698488661371
427199396.630678,8.63063063063063,7.33326560868236e-13,0.00072134617728334
436153778.920801,8.63963963963964,6.9195597488882e-13,0.00069491836960944
445295850.994266,8.64864864864865,6.5284907242209e-13,0.000669386776458682
454629546.953241,8.65765765765766,6.1588609400313e-13,0.000644723862629735
464158883.361279,8.66666666666667,5.8095338232995e-13,0.000620902830829195
473887960.971765,8.67567567567568,5.47943084290097e-13,0.00059789760580163
483820966.492596,8.68468468468468,5.1675286683984e-13,0.000575682818663967
493962174.387831,8.69369369369369,4.87285646128499e-13,0.000554233791446679
504315948.717135,8.7027027027027,4.59449329284971e-13,0.000533526521843807
514886745.013749,8.71171171171171,4.33156568307826e-13,0.000513537668173792
525679112.201842,8.72072072072072,4.08324525522863e-13,0.00049424453455274
536697694.554048,8.72972972972973,3.84874650094518e-13,0.0004756250562816
547947233.690029,8.73873873873874,3.62732465098586e-13,0.000457657785448473
559432570.616939,8.74774774774775,3.41827364684304e-13,0.00044032187674711
571158647.812645,8.75675675675676,3.22092420873494e-13,0.000423597073512408
583130511.352622,8.76576576576577,3.03464199563441e-13,0.000407463693973584
595353313.081437,8.77477477477477,2.85882585318392e-13,0.000391902617725423
607832312.829721,8.78378378378378,2.6929061455212e-13,0.000376895272417981
620572880.677649,8.79279279279279,2.53634316720726e-13,0.000362423620664726
633580499.265824,8.8018018018018,2.38862563161203e-13,0.000348470147169181
646860766.154632,8.81081081081081,2.24926923226672e-13,0.000335017846069758
660419396.23303,8.81981981981982,2.11781527384249e-13,0.000322050208502471
674262224.177835,8.82882882882883,1.99382936955814e-13,0.000309551210380987
688395206.964551,8.83783783783784,1.87690020195719e-13,0.000297505300393375
702824426.430837,8.84684684684685,1.76663834412748e-13,0.000285897388214734
717556091.893692,8.85585585585586,1.66267513856297e-13,0.000274712832934824
732596542.821523,8.86486486486486,1.56466163098967e-13,0.000263937431699597
747952251.56218,8.87387387387387,1.47226755659483e-13,0.000253557408565546
763629826.128223,8.88288288288288,1.38518037621006e-13,0.000243559403565516
779636013.040522,8.89189189189189,1.30310436010785e-13,0.00023393046198467
795977700.231498,8.9009009009009,1.22575971717339e-13,0.000224658023845081
812661920.009194,8.90990990990991,1.15288176731304e-13,0.00021572991359741
829695852.083492,8.91891891891892,1.08422015505607e-13,0.000207134330017975
847086826.655742,8.92792792792793,1.01953810239684e-13,0.000198859836309489
864842327.573174,8.93693693693694,9.58611699012412e-14,0.000190895350403613
882969995.549408,8.94594594594595,9.01229228074005e-14,0.000183230135463423
901477631.452492,8.95495495495495,8.47190525950899e-14,0.000175853790583814
920373199.661823,8.96396396396396,7.96306374182492e-14,0.000168756241687802
939664831.495467,8.97297297297297,7.48397922167325e-14,0.000161927732616592
959360828.709313,8.98198198198198,7.0329613908886e-14,0.000155358816411269
979469667.069539,8.99099099099099,6.6084129366502e-14,0.000149040346783883
1e+09,9,6.20882460373102e-14,0.000142963469775656
1020960662.30605,9.00900900900901,5.83277050863682e-14,0.000137119615599988
1042360673.9764,9.01801801801802,5.47890369336217e-14,0.00013150049066792
1064209244.06472,9.02702702702703,5.14595190705734e-14,0.00012609806979364
1086515774.65254,9.03603603603604,4.83271360444154e-14,0.000120904588577604
1109289864.89522,9.04504504504505,4.53805415031798e-14,0.000115912535964822
1132541315.15281,9.05405405405405,4.26090222003962e-14,0.000111114646975787
1156280131.20738,9.06306306306306,4.00024638625134e-14,0.000106503895607565
1180516528.5688,9.07207207207207,3.7551318826861e-14,0.000102073487902482
1205260936.87084,9.08108108108108,3.52465753622642e-14,9.78168551818599e-05
1230524004.35926,9.09009009009009,3.30797285885794e-14,9.37276474422353e-05
1256316602.47412,9.0990990990991,3.10427529153585e-14,8.97997269114619e-05
1282649830.52806,9.10810810810811,2.91280759236543e-14,8.60271617621116e-05
1309535020.48267,9.11711711711712,2.7328553618579e-14,8.2404219979566e-05
1336983741.82495,9.12612612612613,2.5637446983691e-14,7.8925363382189e-05
1365007806.54601,9.13513513513514,2.40483997715788e-14,7.55852417909766e-05
1393619274.22414,9.14414414414414,2.25554174681569e-14,7.23786873460614e-05
1422830457.21435,9.15315315315315,2.11528473712044e-14,6.93007089674712e-05
1452653925.94678,9.16216216216216,1.98353597265384e-14,6.63464869575329e-05
1483102514.3361,9.17117117117117,1.85979298679594e-14,6.35113677423181e-05
1514189325.30435,9.18018018018018,1.74358213097188e-14,6.07908587495514e-05
1545927736.41948,9.18918918918919,1.63445697427524e-14,5.81806234203832e-05
1578331405.65212,9.1981981981982,1.53199678883048e-14,5.56764763524672e-05
1611414277.25302,9.20720720720721,1.43580511648393e-14,5.32743785717856e-05
1645190587.75366,9.21621621621622,1.34550841262926e-14,5.09704329306712e-05
1679674872.09265,9.22522522522523,1.26075476318009e-14,4.87608796295154e-05
1714881969.87054,9.23423423423423,1.18121267089851e-14,4.66420918596367e-05
1750827031.73573,9.24324324324324,1.10656990747684e-14,4.46105715648336e-05
1787525525.90423,9.25225225225225,1.03653242794805e-14,4.26629453191482e-05
1824993244.81615,9.26126126126126,9.70823344171133e-15,4.07959603183911e-05
1863246311.93156,9.27027027027027,9.09181954299802e-15,3.90064804830102e-05
1902301188.66895,9.27927927927928,8.51362825297824e-15,3.72914826698945e-05
1942174681.48903,9.28828828828829,7.97134925711446e-15,3.5648052990742e-05
1982883949.12707,9.2972972972973,7.46280806049876e-15,3.40733832346403e-05
2024446509.9768,9.30630630630631,6.98595824258262e-15,3.25647673925329e-05
2066880249.62908,9.31531531531532,6.53887413895035e-15,3.11195982812822e-05
2110203428.5686,9.32432432432432,6.11974392746305e-15,2.973536426505e-05
2154434690.03189,9.33333333333333,5.72686309725589e-15,2.8409646071764e-05
2199593068.03007,9.34234234234234,5.35862828016632e-15,2.71401137024565e-05
2245697995.53977,9.35135135135135,5.01353142521544e-15,2.59245234312927e-05
2292769312.86565,9.36036036036036,4.69015429775854e-15,2.47607148941425e-05
2340827276.17829,9.36936936936937,4.38716328586339e-15,2.36466082635717e-05
2389892566.23105,9.37837837837838,4.10330449737558e-15,2.25802015081668e-05
2439986297.25955,9.38738738738739,3.83739913198321e-15,2.15595677341359e-05
2491130026.06779,9.3963963963964,3.58833911340527e-15,2.05828526071593e-05
2543345761.30465,9.4054054054054,3.35508296760203e-15,1.96482718525006e-05
2596655972.93487,9.41441441441441,3.13665193363688e-15,1.87541088314133e-05
2651083601.90854,9.42342342342342,2.93212629451926e-15,1.78987121919188e-05
2706652070.03324,9.43243243243243,2.74064191601975e-15,1.70804935920581e-05
2763385290.05317,9.44144144144144,2.56138698207816e-15,1.62979254937557e-05
2821307675.93947,9.45045045045045,2.39359891602447e-15,1.55495390254684e-05
2880444153.3963,9.45945945945946,2.23656147739935e-15,1.48339219118181e-05
2940820170.58707,9.46846846846847,2.08960202470186e-15,1.41497164684486e-05
3002461709.08554,9.47747747747748,1.95208893490336e-15,1.34956176603749e-05
3065395295.05652,9.48648648648649,1.82342917105337e-15,1.28703712221261e-05
3129648010.67075,9.4954954954955,1.70306598976505e-15,1.22727718380188e-05
3195247505.75921,9.5045045045045,1.59047678080547e-15,1.17016613809261e-05
3262222009.71167,9.51351351351351,1.48517103143243e-15,1.11559272079453e-05
3330600343.62458,9.52252252252252,1.38668840851367e-15,1.06345005113942e-05
3400411932.7037,9.53153153153153,1.29459695183874e-15,1.01363547236019e-05
3471686818.92656,9.54054054054054,1.20849137238886e-15,9.66050397399128e-06
3544455673.97044,9.54954954954955,1.12799144966668e-15,9.20600159698052e-06
3618749812.41128,9.55855855855856,1.05274052250723e-15,8.77193868926344e-06
3694601205.1993,9.56756756756757,9.82404068094212e-16,8.35744271506107e-06
3772042493.41699,9.57657657657658,9.16668364192404e-16,7.96167615796475e-06
3851107002.32557,9.58558558558559,8.55239229879398e-16,7.58383521802559e-06
3931828755.70577,9.5945945945946,7.97840840317269e-16,7.22314855277095e-06
4014242490.49933,9.6036036036036,7.44214611349368e-16,6.87887606086273e-06
4098383671.75725,9.61261261261261,6.94118149938692e-16,6.55030770713961e-06
4184288507.90158,9.62162162162162,6.47324266683535e-16,6.23676238781481e-06
4271993966.30678,9.63063063063063,6.03620046853941e-16,5.93758683463149e-06
4361537789.20801,9.63963963963964,5.62805976588819e-16,5.6521545568039e-06
4452958509.94266,9.64864864864865,5.24695121080121e-16,5.37986481960324e-06
4546295469.53239,9.65765765765766,4.89112351746593e-16,5.12014165847314e-06
4641588833.61277,9.66666666666667,4.55893619566479e-16,4.87243292758774e-06
4738879609.71765,9.67567567567568,4.24885271896728e-16,4.63620938179286e-06
4838209664.92596,9.68468468468468,3.95943410255365e-16,4.41096379089612e-06
4939621743.87833,9.69369369369369,3.68933286685509e-16,4.1962100852992e-06
5043159487.17135,9.7027027027027,3.43728736453082e-16,3.99148253199068e-06
5148867450.13749,9.71171171171171,3.20211644956934e-16,3.79633493994293e-06
5256791122.01842,9.72072072072072,2.98271446849844e-16,3.61033989398266e-06
5366976945.54048,9.72972972972973,2.77804655481986e-16,3.43308801622714e-06
5479472336.90029,9.73873873873874,2.58714420885605e-16,3.26418725420428e-06
5594325706.16939,9.74774774774775,2.40910114620791e-16,3.10326219479697e-06
5711586478.12642,9.75675675675676,2.24306939897947e-16,2.94995340317593e-06
5831305113.52622,9.76576576576577,2.08825565482911e-16,2.80391678590743e-06
5953533130.81437,9.77477477477477,1.9439178197625e-16,2.66482297744567e-06
6078323128.29724,9.78378378378378,1.80936179138833e-16,2.5323567492398e-06
6205728806.77651,9.79279279279279,1.68393843012214e-16,2.40621644070874e-06
6335804992.65824,9.8018018018018,1.56704071654306e-16,2.28611341135666e-06
6468607661.54632,9.81081081081081,1.45810108378939e-16,2.1717715133231e-06
6604193962.3303,9.81981981981982,1.35658891452139e-16,2.06292658368202e-06
6742622241.77835,9.82882882882883,1.26200819258623e-16,1.9593259558232e-06
6883952069.64551,9.83783783783784,1.17389530009342e-16,1.86072798926914e-06
7028244264.30834,9.84684684684685,1.09181695114942e-16,1.76690161729938e-06
7175560918.93692,9.85585585585586,1.01536825401052e-16,1.6776259117725e-06
7325965428.21523,9.86486486486486,9.44170893895107e-17,1.59268966455427e-06
7479522515.62183,9.87387387387387,8.77871429150316e-17,1.5118909849777e-06
7636298261.28226,9.88288288288288,8.16139693897289e-17,1.43503691277838e-06
7796360130.40522,9.89189189189189,7.58667300683477e-17,1.36194304596494e-06
7959777002.31498,9.9009009009009,7.05166237051895e-17,1.2924331831011e-06
8126619200.09195,9.90990990990991,6.5536755029708e-17,1.22633897949179e-06
8296958520.83492,9.91891891891892,6.0902011501646e-17,1.16349961678107e-06
8470868266.55742,9.92792792792793,5.65889478385835e-17,1.10376148548558e-06
8648423275.73171,9.93693693693694,5.25756778388982e-17,1.04697788000122e-06
8829699955.49408,9.94594594594595,4.88417730515562e-17,9.93008705635928e-07
9014776314.52492,9.95495495495495,4.53681678709213e-17,9.4172019723538e-07
9203731996.61823,9.96396396396396,4.2137070659993e-17,8.92984648981867e-07
9396648314.95471,9.97297297297297,3.91318805292666e-17,8.46680154960509e-07
9593608287.09313,9.98198198198198,3.63371094207831e-17,8.02690360099698e-07
9794696670.69538,9.99099099099099,3.37383091680272e-17,7.60904221105398e-07
1e+10,10,3.13220032222033e-17,7.21215777021564e-07
